time,open,high,low,close
2012-01-12,39.08617497,39.08617497,39.08617497,39.08617497
2012-01-19,40.23622545,40.23622545,40.23622545,40.23622545
2012-01-24,40.13519973,40.13519973,40.13519973,40.13519973
2012-02-01,41.15316536,41.15316536,41.15316536,41.15316536
2012-02-03,41.62717265,41.62717265,41.62717265,41.62717265
2012-02-21,42.7383623,42.7383623,42.7383623,42.7383623
2012-03-02,42.33429051,42.33429051,42.33429051,42.33429051
2012-03-08,42.01570321,42.01570321,42.01570321,42.01570321
2012-03-09,42.17110767,42.17110767,42.17110767,42.17110767
2012-03-14,42.53633417,42.53633417,42.53633417,42.53633417
2012-03-27,43.25899326,43.25899326,43.25899326,43.25899326
2012-03-28,42.8082978,42.8082978,42.8082978,42.8082978
2012-03-29,42.52078518,42.55963824,42.52078518,42.55963824
2012-03-30,42.72282107,42.72282107,42.72282107,42.72282107
2012-04-05,42.15556645,42.15556645,42.15556645,42.15556645
2012-04-09,41.72041221,41.81443661,41.72041221,41.81443661
2012-04-10,41.1609282,41.1609282,41.1609282,41.1609282
2012-04-11,41.60384527,41.60384527,41.51060571,41.54169592
2012-04-12,42.18587183,42.20219012,42.14780361,42.18742595
2012-04-16,41.64192904,41.6427061,41.56655411,41.56655411
2012-04-17,42.40423378,42.40423378,42.40423378,42.40423378
2012-04-27,42.89377452,42.89377452,42.89377452,42.89377452
2012-05-01,43.02587492,43.02587492,43.02587492,43.02587492
2012-05-02,42.42754561,42.61403252,42.39800952,42.61403252
2012-05-07,41.62638782,41.72041221,41.61162365,41.72041221
2012-05-09,40.92003925,40.95112169,40.92003925,40.95112169
2012-05-14,40.37610422,40.37610422,40.37610422,40.37610422
2012-05-17,39.52132921,39.55240388,39.50811917,39.53609337
2012-05-18,39.19496353,39.19496353,39.19496353,39.19496353
2012-05-23,38.97738642,38.97738642,38.97738642,38.97738642
2012-05-30,39.14833986,39.44361532,39.08617497,39.41254065
2012-05-31,39.21051253,39.23382436,39.21051253,39.23382436
2012-06-05,38.51114974,38.51114974,38.32466283,38.33242568
2012-06-06,39.19496353,39.19496353,39.13279864,39.13279864
2012-06-19,40.91226086,40.91226086,40.91226086,40.91226086
2012-06-20,40.91226086,40.91226086,40.5237303,40.80347231
2012-06-21,40.09393719,40.09393719,40.09393719,40.09393719
2012-07-09,40.47226412,40.48013788,40.432848,40.432848
2012-07-18,40.92938387,40.92938387,40.92938387,40.92938387
2012-07-26,40.59048094,40.59835471,40.59048094,40.59835471
2012-07-27,40.94515505,40.94515505,40.94515505,40.94515505
2012-07-30,41.29982127,41.44958044,39.22695605,41.4259355
2012-08-02,41.21312315,41.21312315,41.21312315,41.21312315
2012-08-03,41.37864562,41.37864562,40.51954612,40.51954612
2012-08-06,41.38651938,41.83578113,41.38651938,41.83578113
2012-08-08,42.10375712,43.27812249,42.09587548,42.09587548
2012-08-17,42.42697558,42.42697558,42.42697558,42.42697558
2012-08-22,42.48206829,42.48206829,42.48206829,42.48206829
2012-08-23,42.39537017,42.39537017,42.37961476,42.37961476
2012-08-27,42.5372477,43.34118355,42.52462918,42.55301887
2012-08-30,42.09587548,42.09587548,42.09587548,42.09587548
2012-08-31,42.34020653,43.01015438,42.29291665,42.29291665
2012-09-05,42.12740206,42.2692717,42.12740206,42.2692717
2012-09-07,43.51457978,44.34213693,43.50669025,43.58550672
2012-09-10,43.47122284,43.47122284,43.46727413,43.46727413
2012-09-11,43.74313965,43.74313965,43.71162095,43.71162095
2012-09-12,43.80619283,43.80619283,43.80619283,43.80619283
2012-09-13,46.52536097,46.52536097,44.1924014,44.6968268
2012-09-14,45.06724843,46.90367213,44.88991926,44.91829319
2012-09-17,45.4692203,45.4692203,44.6952347,44.73621927
2012-09-18,44.61800245,44.61800245,44.61800245,44.61800245
2012-09-21,44.66529233,44.67316609,44.66529233,44.67309516
2012-09-26,43.78254789,43.78254789,43.78254789,43.78254789
2012-09-27,44.2396834,44.2396834,44.18451187,44.18451187
2012-10-03,43.95594412,43.95594412,43.95594412,43.95594412
2012-10-08,44.22392011,44.27908375,44.22392011,44.27908375
2012-10-09,43.82983777,43.82983777,43.82983777,43.82983777
2012-10-10,43.75101342,44.20815681,43.42788166,43.42788166
2012-10-11,43.72737636,43.75101342,43.71949471,43.71949471
2012-10-18,43.94018082,44.53130433,43.94018082,44.27908375
2012-10-25,43.25368939,43.25439874,43.19142438,43.19142438
2012-11-01,43.60127789,43.6327966,43.60127789,43.6327966
2012-11-02,43.75890295,43.75890295,43.64067825,43.64067825
2012-11-06,44.53130433,44.53130433,43.46727413,43.46727413
2012-11-09,43.31753861,43.31753861,41.77272796,42.37961476
2012-11-13,42.2099229,42.2099229,42.2099229,42.2099229
2012-11-14,41.96189536,41.9721415,41.77272796,41.77272796
2012-11-19,42.51360276,42.75006004,42.51360276,42.75006004
2012-11-20,42.49783946,42.60818252,42.49783946,42.60818252
2012-11-21,42.60818252,42.60818252,42.60818252,42.60818252
2012-11-27,43.41999214,44.07416882,43.41999214,43.46727413
2012-11-29,43.81407447,43.93230706,43.81407447,43.93230706
2012-12-03,43.69726847,43.69726847,43.69726847,43.69726847
2012-12-04,43.68008648,43.68008648,43.4988086,43.4988086
2012-12-05,43.84560106,44.08993211,43.81051985,44.03476058
2012-12-06,43.69577096,43.82983777,43.69577096,43.82983777
2012-12-07,43.82983777,44.47612492,43.82983777,43.97169953
2012-12-17,44.57071257,44.57071257,44.57071257,44.57071257
2012-12-18,44.58555445,44.62551365,44.58555445,44.62551365
2012-12-20,44.94511537,44.9690861,44.94511537,44.9690861
2012-12-27,44.56158372,44.70540809,44.56158372,44.70540809
2012-12-28,44.62551365,44.63349591,44.62551365,44.62551365
2012-12-31,44.80129899,44.83316408,44.80129899,44.83316408
2013-01-02,46.06374136,46.0717396,44.94511537,44.94511537
2013-01-03,45.95187797,45.97584869,45.95187797,45.97584869
2013-01-04,45.83203231,45.83203231,44.92114464,45.40854945
2013-01-07,45.14487144,45.14487144,45.14487144,45.14487144
2013-01-08,45.00105506,45.06496102,45.00105506,45.04099828
2013-01-10,45.83203231,45.83203231,45.72016892,45.72016892
2013-01-11,45.92791523,45.9598762,45.92791523,45.9598762
2013-01-15,45.96786644,45.96786644,45.96786644,45.96786644
2013-01-18,46.11568593,46.11568593,46.03178838,46.03178838
2013-01-23,46.16505764,47.03855897,46.16505764,47.03855897
2013-01-25,46.67899804,46.67899804,46.67899804,46.67899804
2013-01-28,47.09449067,47.09449067,46.8947346,46.8947346
2013-01-29,47.03376482,47.03376482,46.98901946,47.006598
2013-01-31,46.93916834,46.93916834,46.93916834,46.93916834
2013-02-01,47.51797353,47.51797353,47.51317939,47.51317939
2013-02-04,46.81483217,47.74170033,46.80684193,47.14243212
2013-02-05,47.33420594,48.08367473,46.92669557,48.08367473
2013-02-06,47.29424674,47.43008086,47.29424674,47.43008086
2013-02-08,47.51797353,47.51797353,47.51797353,47.51797353
2013-02-11,47.46196193,47.46196193,47.46196193,47.46196193
2013-02-12,47.4940028,48.08527278,47.08649243,47.29424674
2013-02-13,47.39005774,47.39005774,47.39005774,47.39005774
2013-02-19,47.58189547,47.63463108,47.58189547,47.63463108
2013-02-20,47.9414564,47.9414564,47.66178991,47.66178991
2013-02-21,46.5591444,46.63202341,46.5591444,46.60700596
2013-02-22,47.35017044,47.35017044,46.84679314,47.04654921
2013-02-25,47.39812788,47.39812788,47.07195818,47.07195818
2013-02-26,46.51121094,46.51121094,46.47148345,46.47148345
2013-02-27,46.30345664,47.63782717,46.30345664,47.10248091
2013-02-28,47.46203384,47.46203384,47.06252171,47.23831504
2013-03-01,46.74291999,47.10415886,46.74291999,47.10415886
2013-03-04,46.87875411,46.87875411,46.87875411,46.87875411
2013-03-05,47.66978814,47.66978814,47.62185468,47.66178991
2013-03-06,48.26105812,48.38890999,47.32620771,47.51797353
2013-03-07,48.00537834,48.06930028,47.62185468,47.62185468
2013-03-08,48.07721861,48.14919472,47.62185468,48.14912281
2013-03-11,48.64459776,48.64459776,47.59068474,47.90150518
2013-03-12,48.34895079,48.34895079,47.829593,47.829593
2013-03-13,48.00537834,48.74048067,47.74968258,47.80562227
2013-03-14,48.26105812,48.39690822,47.9414564,48.39682033
2013-03-15,48.46881242,48.50077339,48.46081418,48.46081418
2013-03-18,48.46881242,48.46881242,47.86154598,48.14121246
2013-03-19,47.19037358,47.88551671,47.19037358,47.88551671
2013-03-20,47.91755758,47.91755758,47.91755758,47.91755758
2013-03-21,47.92547591,47.92547591,47.92547591,47.92547591
2013-03-22,48.18116368,48.18116368,48.18116368,48.18116368
2013-03-25,48.18116368,48.18116368,47.99739609,47.99739609
2013-03-26,48.22910513,48.26105812,48.22910513,48.23709538
2013-04-01,48.42079106,48.42079106,47.9414564,47.9414564
2013-04-02,48.48478491,48.48478491,48.48478491,48.48478491
2013-04-03,47.81361251,47.81361251,47.81361251,47.81361251
2013-04-04,48.30101732,48.30101732,48.30101732,48.30101732
2013-04-05,48.16518319,48.16518319,47.57389724,48.02136681
2013-04-09,48.50077339,48.70052946,48.34096853,48.62861727
2013-04-10,49.22707846,49.22707846,49.22707846,49.22707846
2013-04-11,49.5474872,49.76323174,49.32376839,49.76323174
2013-04-12,49.57945616,49.57945616,49.42764154,49.42764154
2013-04-15,49.39568856,49.39568856,48.17316545,48.17316545
2013-04-16,48.74048067,49.05210014,48.74048067,49.02014716
2013-04-17,47.78165154,47.78165154,47.75768081,47.75768081
2013-04-18,48.23709538,48.23709538,47.86154598,47.86154598
2013-04-23,48.652588,48.652588,48.25307586,48.41606882
2013-04-24,48.85234407,48.92425625,48.85234407,48.92425625
2013-04-25,49.53869793,51.15353397,49.53869793,51.15353397
2013-04-26,50.42642189,50.42642189,48.46881242,48.74048067
2013-04-29,48.78842213,49.00415868,48.78842213,48.98018795
2013-04-30,49.18001593,49.53941705,49.18001593,49.53941705
2013-05-01,49.05210014,49.05210014,49.05210014,49.05210014
2013-05-02,49.82068158,50.05886273,49.82068158,50.05886273
2013-05-03,50.96176815,52.31211917,48.40496239,50.33852922
2013-05-06,51.53706563,51.61697604,50.73804135,50.84183461
2013-05-07,50.96176815,50.96176815,50.96176815,50.96176815
2013-05-08,51.5130949,51.5130949,51.16950647,51.16950647
2013-05-09,52.62365075,52.62365075,50.7300591,51.77677291
2013-05-10,50.10682017,51.65691128,50.10682017,51.65691128
2013-05-13,51.72084121,51.95247835,50.93779742,51.84868509
2013-05-14,52.32010941,52.32010941,50.92181694,50.92181694
2013-05-16,51.95255825,52.58378742,50.84990475,52.58378742
2013-05-17,52.48790451,52.48790451,51.38525101,51.85666735
2013-05-20,51.5098988,51.53706563,51.48112594,51.48112594
2013-05-21,51.35329004,52.83148495,50.89784621,52.83148495
2013-05-22,52.50389299,52.50389299,51.39324925,51.39324925
2013-05-24,50.77799257,51.68888024,49.97896829,50.0189275
2013-05-28,52.38403136,52.39202959,50.17872436,50.37848043
2013-05-29,51.34929492,51.35329004,50.17872436,50.17872436
2013-05-31,50.49833407,50.82593402,50.07485121,50.82593402
2013-06-03,49.37970009,49.92303659,49.37970009,49.92303659
2013-06-04,51.29735834,51.29735834,51.29735834,51.29735834
2013-06-05,49.26623864,49.73127876,49.26623864,49.73127876
2013-06-07,49.61941536,49.81917143,49.53950494,49.57945616
2013-06-10,49.73926101,49.95499757,49.73926101,49.7552415
2013-06-11,49.33974887,49.33974887,49.10004159,49.10004159
2013-06-12,49.56347567,51.14953885,49.56347567,51.14953885
2013-06-17,50.57264333,51.60897781,50.57264333,51.60897781
2013-06-19,51.53706563,51.53706563,51.53706563,51.53706563
2013-06-20,49.53950494,49.9861675,49.53950494,49.73926101
2013-06-21,49.29180742,49.73926101,47.87761436,49.65935059
2013-06-24,48.47680266,48.47680266,47.12645164,47.14243212
2013-06-26,49.8111732,49.8111732,49.6993098,49.6993098
2013-06-27,49.81795321,49.81795321,48.62079353,48.62079353
2013-07-02,51.08759814,51.08759814,48.58063376,48.58063376
2013-07-03,48.97427664,49.22343113,48.97427664,49.22343113
2013-07-05,50.43674953,50.99534638,49.8180416,49.8180416
2013-07-08,49.81723005,49.8180416,49.81723005,49.8180416
2013-07-11,49.57698656,51.224196,49.57698656,50.47693341
2013-07-12,51.43310233,51.4491807,51.10367651,51.10367651
2013-07-15,52.4294712,52.4294712,50.79833209,50.79833209
2013-07-16,51.12777398,52.38849988,51.12777398,52.03092687
2013-07-17,51.8268336,51.8268336,51.8268336,51.8268336
2013-07-18,52.86336224,52.89551094,52.86336224,52.89551094
2013-07-22,52.39733856,52.39733856,51.09563331,51.8509391
2013-07-23,52.54999068,52.54999068,51.28045021,51.41976395
2013-07-24,50.70994525,51.51346205,50.70994525,51.30455571
2013-07-25,52.55803389,52.55803389,51.66613024,51.66613024
2013-07-26,51.36079385,51.43470937,51.07233132,51.43470937
2013-07-29,52.66241072,52.66241072,52.66241072,52.66241072
2013-07-31,52.68660461,52.68660461,51.4491807,51.4491807
2013-08-01,52.13216998,52.13216998,52.13216998,52.13216998
2013-08-05,51.90719331,53.56162637,51.90719331,53.28223554
2013-08-06,52.64642073,52.64642073,52.64642073,52.64642073
2013-08-07,52.18841616,52.18841616,52.18841616,52.18841616
2013-08-08,51.8268336,53.5294857,51.79470096,53.5294857
2013-08-12,53.0321088,53.232988,53.0321088,53.232988
2013-08-14,52.75086988,53.35350748,51.64202473,53.35350748
2013-08-15,52.37321699,52.37321699,52.37321699,52.37321699
2013-08-16,51.0233168,51.0233168,51.0233168,51.0233168
2013-08-19,51.01528967,51.0233168,50.74207788,51.02322841
2013-08-21,50.61353127,50.6215584,50.61353127,50.61995137
2013-08-22,50.6215584,51.86700944,50.6215584,51.85896624
2013-08-26,52.72677241,53.38565619,51.76255225,51.76255225
2013-08-27,50.20372966,52.07592381,48.3877817,49.86222699
2013-08-28,50.58138256,52.22778045,50.58138256,51.08759814
2013-08-29,51.16794179,51.96343145,49.96266659,50.05909664
2013-08-30,49.82606873,51.8268336,49.82606873,50.58138256
2013-09-03,52.49375254,52.49375254,50.58138256,50.58138256
2013-09-05,52.12413481,52.12413481,51.4250752,51.43310233
2013-09-06,50.78226176,52.30090851,50.33229235,51.69023574
2013-09-09,50.62958553,52.6303504,50.62958553,51.40900486
2013-09-12,52.228592,52.228592,51.90719331,52.14823228
2013-09-13,52.61428006,53.21691766,51.79470096,51.86700944
2013-09-16,52.09199414,52.09199414,51.88252535,52.06788864
2013-09-17,51.90719331,52.2526975,51.84290393,52.2526975
2013-09-18,52.4294712,53.79544976,52.4294712,53.79544976
2013-09-19,53.08836301,54.34987635,53.08836301,53.42584007
2013-09-20,54.60933996,54.61503689,53.51422691,53.6347464
2013-09-23,52.19797801,54.6391424,52.19797801,53.42584007
2013-09-24,53.87580144,53.87580144,52.68660461,52.69463174
2013-09-25,53.74644327,53.74644327,53.66687904,53.66687904
2013-09-27,53.35350748,53.35350748,53.35350748,53.35350748
2013-09-30,53.42584007,53.42584007,53.42584007,53.42584007
2013-10-01,51.87504461,53.62470244,51.87504461,53.02408167
2013-10-02,52.94372195,53.32941001,52.54999068,52.54999068
2013-10-03,53.42584007,53.42584007,51.91722924,52.09199414
2013-10-04,53.11246851,53.11246851,52.00360729,52.34108435
2013-10-07,52.70266691,52.70266691,52.01164246,52.01164246
2013-10-08,52.30895171,52.6303504,51.44114553,51.44114553
2013-10-09,52.66248304,52.66248304,51.32061801,52.10807251
2013-10-10,52.14823228,52.71071011,52.10002931,52.10002931
2013-10-11,52.71071011,53.21691766,52.63837753,53.17673379
2013-10-14,52.13216998,53.85089242,52.10807251,52.59821776
2013-10-15,52.99193296,53.02408167,52.30902403,52.30902403
2013-10-16,53.27316384,53.97945511,53.15262828,53.97945511
2013-10-17,52.74284275,54.44629033,52.74284275,54.39005219
2013-10-18,54.4623687,54.87135875,54.4623687,54.49451741
2013-10-21,54.57486105,54.57486105,54.16506749,54.29363821
2013-10-22,54.55878268,54.79984576,54.40613056,54.75002772
2013-10-23,54.11686451,54.39005219,53.98025059,54.30970051
2013-10-24,54.28559501,54.54672993,54.28559501,54.54672993
2013-10-25,54.81591609,54.81591609,54.39808736,54.71950211
2013-10-28,55.0409008,55.07304147,54.50431228,55.07304147
2013-10-29,54.91965011,55.12928765,54.91965011,55.12928765
2013-10-30,56.22592738,56.22592738,54.88019744,54.88019744
2013-10-31,55.02483046,55.02483046,54.78698949,54.78698949
2013-11-01,54.90422259,54.90422259,54.90422259,54.90422259
2013-11-04,55.2658855,55.2658855,54.6391424,55.13732281
2013-11-05,55.13732281,55.13732281,54.41415769,54.8400216
2013-11-06,55.18553382,55.2658855,54.25345433,54.43022803
2013-11-07,55.13732281,55.13732281,53.75527392,54.52665005
2013-11-08,53.39369136,54.53468521,53.39369136,53.87580144
2013-11-13,54.53468521,54.65762329,53.79544976,54.65762329
2013-11-14,54.88019744,55.36230752,54.6391424,54.6391424
2013-11-15,54.29363017,55.37034269,54.29363017,54.87216227
2013-11-18,55.42658886,56.01315613,54.88027779,56.01315613
2013-11-19,55.69978457,55.69978457,54.63994592,54.63994592
2013-11-20,55.6676439,55.70773939,54.6391424,54.67128307
2013-11-21,55.67487555,55.67487555,55.63550323,55.63550323
2013-11-22,55.83630208,55.83630208,55.83630208,55.83630208
2013-11-25,55.60336256,55.60336256,55.27721509,55.27721509
2013-11-26,55.15339315,55.20160416,55.0409008,55.20160416
2013-11-27,55.49087021,55.49087021,55.20963933,55.28999101
2013-11-29,55.58729222,55.90066377,55.29802617,55.90066377
2013-12-02,55.28999101,55.29400859,54.62307206,55.08911181
2013-12-03,54.71145891,54.71145891,54.71145891,54.71145891
2013-12-04,54.40612253,54.68574637,54.39005219,54.68574637
2013-12-05,55.36230752,55.36230752,54.10480373,54.40451549
2013-12-06,54.92439086,55.01518826,54.92439086,55.01518826
2013-12-09,55.03286563,55.11691349,55.03286563,55.09714697
2013-12-10,55.24178,55.24178,55.00072496,55.00072496
2013-12-11,54.75083123,54.75083123,54.38201702,54.38201702
2013-12-12,53.70706291,53.70706291,53.66688707,53.67492224
2013-12-13,53.81473416,53.81473416,53.81473416,53.81473416
2013-12-16,54.6391424,54.6391424,54.50254454,54.54272038
2013-12-17,54.27755984,54.330833,54.07668064,54.330833
2013-12-18,54.54691373,55.21763875,53.99740408,55.21683064
2013-12-19,55.1368285,55.16907179,54.67621012,55.16907179
2013-12-20,55.16107158,55.1691526,55.16107158,55.1691526
2013-12-23,55.85603966,55.85603966,55.79947249,55.79947249
2013-12-24,55.38006733,55.38006733,55.37925923,55.38006733
2013-12-26,56.19899833,56.19899833,56.19899833,56.19899833
2013-12-27,56.06614629,56.36514419,55.95309276,55.95309276
2013-12-30,56.22776678,56.42171136,56.22776678,56.42171136
2013-12-31,56.91465384,57.06011228,56.36514419,56.78535745
2014-01-02,56.85808667,56.85808667,55.7348243,56.20352371
2014-01-06,55.83987761,56.07026762,55.72674328,55.72674328
2014-01-07,55.68633815,56.45403546,55.68633815,56.42171136
2014-01-08,56.32473907,56.39342778,55.969174,56.28029344
2014-01-09,56.31665805,56.31665805,55.71866225,55.71866225
2014-01-10,56.17119961,56.39746829,56.17119961,56.38938726
2014-01-13,56.90657282,56.90657282,56.09038937,56.16311859
2014-01-14,56.52676468,56.52676468,55.98533605,56.07422732
2014-01-15,56.48635956,56.67222311,56.32473907,56.58333185
2014-01-16,57.29446198,57.29446198,56.29241497,56.5671698
2014-01-17,56.68838516,56.68838516,56.42979239,56.46211648
2014-01-21,56.14695654,56.7691954,56.14695654,56.68838516
2014-01-22,56.60757492,56.80960053,56.44595443,56.7352551
2014-01-23,56.64798004,56.64798004,55.83987761,55.969174
2014-01-24,56.13887551,56.13887551,54.89439778,55.03985621
2014-01-27,54.71661524,55.04793724,54.34488813,54.71661524
2014-01-28,55.02369416,55.18127414,54.74085832,55.18127414
2014-01-29,54.9348029,54.9348029,54.20751071,54.57115681
2014-01-30,54.75055554,55.01157263,54.75055554,54.7651822
2014-01-31,53.91659384,54.6681291,53.91659384,54.44994144
2014-02-03,53.5367857,53.5367857,53.38445839,53.38445839
2014-02-04,53.5367857,53.75497336,53.3347601,53.64183902
2014-02-05,53.5691098,53.81962155,53.5367857,53.55294775
2014-02-06,54.25599686,54.47418452,54.25599686,54.47418452
2014-02-07,54.91055983,55.0720995,54.70853422,55.0720995
2014-02-10,55.07218031,55.07218031,54.95096495,55.03177519
2014-02-11,55.35501616,55.95301195,55.26612489,55.95301195
2014-02-12,56.20150345,56.21968575,55.67825713,56.06614629
2014-02-13,56.04190322,56.20837232,56.02574117,56.20837232
2014-02-14,56.36514419,56.51868365,56.15503756,56.36514419
2014-02-18,56.5671698,56.93081589,56.44595443,56.5025216
2014-02-19,56.75303336,57.01162613,56.32473907,56.53080519
2014-02-20,55.83179659,56.77727643,55.83179659,56.68838516
2014-02-24,55.95301195,57.42375837,55.95301195,57.24597584
2014-02-25,56.98738306,57.01970716,56.97930204,56.97930204
2014-02-26,57.31870505,57.32678608,56.67222311,56.72555787
2014-02-27,57.28638096,57.28638096,56.01038723,56.40554931
2014-02-28,56.61565594,57.50860912,56.61565594,57.32516987
2014-03-03,57.05203125,57.11667945,56.55908877,56.57040221
2014-03-04,57.28638096,57.29446198,57.28638096,57.29446198
2014-03-05,57.60962193,57.64194602,57.37527222,57.48840656
2014-03-06,58.09448338,58.09448338,57.28638096,57.85205265
2014-03-07,57.86013368,57.88437675,57.69043217,57.77932344
2014-03-10,56.98738306,57.48032554,56.98738306,57.4011315
2014-03-11,57.77932344,57.77932344,56.80636812,56.80636812
2014-03-12,57.18940867,57.18940867,56.93889691,56.93889691
2014-03-13,56.5348457,56.5348457,56.16311859,56.41363034
2014-03-14,56.59141287,56.59141287,56.15503756,56.15503756
2014-03-18,57.07223381,57.22173276,56.365225,56.365225
2014-03-19,57.26205707,57.26205707,57.07627433,57.07627433
2014-03-20,57.01970716,57.01970716,56.24392883,56.82576257
2014-03-21,57.49648759,57.49648759,56.34898214,56.55908877
2014-03-24,56.26009088,56.76111438,56.15503756,56.34090112
2014-03-25,56.59141287,56.78535745,56.59141287,56.77727643
2014-03-26,56.40554931,57.2661784,56.40554931,57.24597584
2014-03-27,56.90657282,56.90657282,56.30857702,56.52514847
2014-03-28,57.01162613,57.44678929,56.45807597,56.47827853
2014-03-31,56.68038495,57.53204409,56.68038495,57.53204409
2014-04-01,57.35911018,57.68154304,57.16516559,57.58699506
2014-04-02,57.97165181,58.03630001,57.48840656,57.73891832
2014-04-03,57.14092252,57.81164753,57.14092252,57.17324662
2014-04-04,57.81972856,57.83589061,56.8015195,56.8015195
2014-04-07,57.46416349,57.46416349,56.31673886,56.31673886
2014-04-08,56.32473907,57.08726452,56.32473907,57.08726452
2014-04-09,57.39991935,57.39991935,56.85808667,56.85808667
2014-04-10,57.21365174,57.45608247,56.78535745,56.79343848
2014-04-11,56.42858023,56.42858023,56.40554931,56.40554931
2014-04-14,56.5348457,56.63181799,56.5348457,56.63181799
2014-04-15,56.57517001,56.57517001,55.969174,56.16311859
2014-04-16,56.39746829,57.08435535,56.39746829,57.07627433
2014-04-17,57.48436605,57.48840656,57.48436605,57.48436605
2014-04-21,57.83589061,57.83589061,56.94471525,57.21365174
2014-04-22,57.90861982,57.90861982,57.52881168,57.61770295
2014-04-24,57.64032982,57.64032982,57.64032982,57.64032982
2014-04-25,57.56113578,57.56113578,57.1328415,57.35102915
2014-04-28,56.73687131,57.22173276,56.73687131,56.76111438
2014-04-29,57.88437675,57.89245778,57.88437675,57.89245778
2014-04-30,58.23679022,58.23679022,57.14496303,57.17324662
2014-05-01,58.34014652,58.34014652,58.31267104,58.31267104
2014-05-02,58.34499513,58.34499513,57.36727201,57.60962193
2014-05-05,57.77932344,58.05407826,57.60962193,57.96518699
2014-05-06,58.23186079,58.23186079,57.8682147,57.8682147
2014-05-07,57.23797562,57.42375837,57.23797562,57.42375837
2014-05-08,56.78535745,58.26418489,56.78535745,58.17529363
2014-05-09,57.87629573,57.98134904,57.52073066,57.98134904
2014-05-12,58.18337465,58.18337465,57.81980937,58.10256441
2014-05-13,58.44196743,58.63591201,57.67427012,58.02175416
2014-05-14,58.51469664,58.51469664,58.07840214,58.33691411
2014-05-15,58.62783098,58.62783098,57.28638096,57.83589061
2014-05-16,57.42076839,57.42076839,57.42076839,57.42076839
2014-05-20,58.08640236,58.08640236,57.76308058,57.76308058
2014-05-21,58.06215929,58.14296953,57.97262154,58.14296953
2014-05-22,58.10256441,58.10256441,58.02579468,58.02579468
2014-05-23,58.56318279,58.58580966,58.05811877,58.07832133
2014-05-27,58.52277767,58.77328942,58.44196743,58.44196743
2014-05-28,58.09044287,58.94299093,58.07024031,58.78945147
2014-05-29,58.95915298,58.95915298,58.58742586,58.94945575
2014-05-30,58.70864123,59.14824895,58.70864123,58.99147707
2014-06-02,59.39552829,59.39552829,58.63591201,58.82985659
2014-06-03,59.05612527,59.20158371,58.58742586,59.19350268
2014-06-04,59.30663702,59.30663702,58.90258581,59.21774575
2014-06-05,59.31471805,59.41169034,58.56318279,59.41169034
2014-06-06,60.17130662,60.17130662,59.63795902,59.81372129
2014-06-09,59.75917438,59.88847077,58.81377535,59.88847077
2014-06-10,59.87230872,59.87230872,59.07228732,59.58139185
2014-06-11,59.57331082,59.57331082,59.42785238,59.46825751
2014-06-12,59.46825751,59.46825751,58.95107195,58.99083059
2014-06-13,59.06420629,59.35512317,59.05620608,59.10404574
2014-06-16,59.12077346,59.39843746,59.12077346,59.12885449
2014-06-17,59.42785238,59.42785238,59.27972721,59.27972721
2014-06-18,59.5005816,59.5652298,59.04804424,59.5652298
2014-06-19,59.5005816,60.20363071,59.5005816,59.87230872
2014-06-20,60.12282047,60.12282047,59.90754198,59.95311896
2014-06-23,59.67028311,59.91271384,59.51674365,59.84806565
2014-06-24,59.34704214,60.13890171,59.33904193,59.47633853
2014-06-25,59.66612367,59.66612367,59.52688907,59.52688907
2014-06-26,59.69888476,59.69888476,59.69888476,59.69888476
2014-06-30,60.08382749,60.08382749,59.75621665,59.75621665
2014-07-01,59.61698205,60.49334103,59.61698205,60.29677453
2014-07-02,60.85371296,60.85371296,60.3049648,60.48515076
2014-07-03,60.74723943,60.7554297,60.50923016,60.71447835
2014-07-07,60.52610212,60.52610212,60.23125237,60.23125237
2014-07-08,59.88726099,59.88726099,59.48593771,59.48593771
2014-07-09,60.43600914,60.43600914,59.8544999,59.98554424
2014-07-10,59.86269017,59.86269017,59.37127392,59.39592663
2014-07-11,59.68250421,59.68250421,59.47774744,59.64155286
2014-07-14,59.63336259,60.26401345,59.63336259,59.9691637
2014-07-15,59.84630963,60.54248266,59.78897774,60.04287613
2014-07-16,60.7554297,60.7554297,60.0268232,60.3622967
2014-07-17,60.03468586,60.15753993,59.50182684,59.50182684
2014-07-18,59.83811936,60.23944264,59.78078746,60.23944264
2014-07-21,59.89536935,60.1083983,59.89536935,60.1083983
2014-07-22,60.19849128,60.4196286,60.19849128,60.25590508
2014-07-23,59.81354855,60.47696049,59.81354855,60.47696049
2014-07-24,60.29677453,60.51791185,60.29677453,60.51791185
2014-07-25,60.59981456,60.59981456,60.1657302,60.2292048
2014-07-28,60.52610212,60.52610212,59.84630963,60.00192478
2014-07-29,60.28326059,60.28326059,60.05925668,60.05925668
2014-07-30,60.00192478,60.06744695,59.83811936,59.83811936
2014-07-31,59.30575175,59.30575175,58.77543171,58.77543171
2014-08-01,58.32291924,58.91261875,57.76598082,58.54405656
2014-08-04,59.27299067,59.27299067,58.51129547,58.93710766
2014-08-05,58.42947467,58.4457733,58.13454301,58.13454301
2014-08-06,57.23361321,58.16730409,57.21723267,57.94616678
2014-08-07,58.15092355,58.40482195,57.70873082,57.70873082
2014-08-08,57.52846296,58.0738531,57.52846296,58.0738531
2014-08-11,58.9535701,58.9535701,58.33929978,58.33929978
2014-08-12,58.67510089,58.67510089,58.10178193,58.17549436
2014-08-13,58.80614522,58.80614522,58.53586628,58.53586628
2014-08-14,58.77338414,58.91261875,58.77338414,58.91261875
2014-08-15,59.43679609,59.43679609,58.6633069,58.79787305
2014-08-18,59.43679609,59.43679609,59.43679609,59.43679609
2014-08-19,60.13296911,60.13296911,59.48593771,59.59167411
2014-08-20,59.57603069,59.6579334,59.46955717,59.6579334
2014-08-21,59.87088044,60.1780156,59.87088044,60.13296911
2014-08-22,59.57603069,60.19030101,59.39584473,59.59241123
2014-08-25,60.41143833,60.41143833,59.94459288,60.08390939
2014-08-26,60.35410643,60.4196286,60.04287613,60.33772589
2014-08-27,60.3622967,60.37867724,60.28039399,60.32953562
2014-08-28,59.92821234,60.22306209,59.92821234,60.22306209
2014-08-29,60.00192478,60.40324805,60.00192478,60.40324805
2014-09-02,60.28039399,60.28039399,59.97735397,59.97735397
2014-09-03,60.34591616,60.55067293,60.20668155,60.4196286
2014-09-04,60.53838752,60.53838752,60.53838752,60.53838752
2014-09-05,59.86269017,60.15442762,59.85458181,60.15442762
2014-09-08,60.19030101,60.19030101,59.92002207,59.92002207
2014-09-09,59.58422096,59.73983611,59.57603069,59.73983611
2014-09-10,59.4613669,59.95278315,59.45317663,59.92821234
2014-09-11,59.92821234,59.92821234,59.37946419,59.54326961
2014-09-12,59.79053389,59.79053389,59.4613669,59.5186988
2014-09-15,59.39584473,59.57603069,59.08461444,59.35489338
2014-09-16,59.7152653,59.78897774,59.70707503,59.78897774
2014-09-17,59.38765446,60.02649559,59.38765446,59.42860581
2014-09-18,60.14115939,60.14115939,59.9118318,60.09119873
2014-09-19,60.09119873,60.09119873,60.09119873,60.09119873
2014-09-22,60.06744695,60.06744695,60.01011505,60.01011505
2014-09-23,59.48593771,59.48593771,59.06823389,59.15021851
2014-09-24,58.7570036,59.39412477,58.7570036,59.39412477
2014-09-25,59.28937121,59.28937121,58.62595926,58.83890631
2014-09-26,58.96995064,58.96995064,58.57681764,58.7570036
2014-09-29,58.2492068,58.68820532,58.0526403,58.53586628
2014-09-30,58.53586628,58.85528685,58.11816247,58.46215385
2014-10-01,58.19187491,58.19187491,57.83969326,58.01987922
2014-10-02,57.49570188,57.61036567,56.97152454,57.47113106
2014-10-03,57.83150298,57.92978624,57.58579486,57.92978624
2014-10-06,58.38844141,58.38844141,57.67588784,57.67588784
2014-10-07,57.84542645,57.84542645,56.92893513,56.92893513
2014-10-08,57.21756028,58.21644572,56.93057318,58.21644572
2014-10-09,57.57760459,57.91340569,56.57839153,56.57839153
2014-10-10,56.82409966,56.82409966,56.01326284,56.11154609
2014-10-13,55.63651038,56.05421419,55.5464174,55.5464174
2014-10-14,55.43380117,55.66108119,55.16147466,55.16147466
2014-10-15,54.9812887,55.34976899,54.21959351,55.22453975
2014-10-16,54.76015139,55.33347035,54.48987245,55.05500114
2014-10-17,56.01326284,56.21801961,55.55583621,56.039226
2014-10-20,55.44813415,56.37936795,55.44813415,56.34906395
2014-10-21,56.91419264,57.36457564,56.79133858,57.36457564
2014-10-22,57.31551592,57.31551592,56.955144,56.955144
2014-10-23,57.0943786,57.64304485,57.08618833,57.58579486
2014-10-24,57.58898906,57.76598082,57.0943786,57.42198944
2014-10-27,57.52846296,57.70864892,57.25826592,57.46294079
2014-10-28,57.59398513,58.33929978,57.59398513,58.33929978
2014-10-29,58.64889202,58.64889202,58.16730409,58.16730409
2014-10-30,57.96516821,58.38016923,57.92978624,58.18368463
2014-10-31,58.96995064,59.21565877,58.8143355,58.96176037
2014-11-03,59.08461444,59.08461444,59.08461444,59.08461444
2014-11-04,58.96995064,58.96995064,58.69148143,58.83071604
2014-11-05,59.28118094,59.34670311,58.93555151,59.10918525
2014-11-06,59.21565877,59.21565877,58.92899929,59.12556579
2014-11-07,59.19108796,59.19108796,58.71605224,59.11737552
2014-11-10,59.01909227,59.37938229,58.87166739,59.26832221
2014-11-11,59.45317663,59.55137798,59.07642417,59.53507934
2014-11-12,58.86429615,59.46423349,58.86429615,59.39256862
2014-11-13,59.56775852,59.56775852,59.17470742,59.19731256
2014-11-14,59.10099498,59.4613669,59.10099498,59.4613669
2014-11-17,58.84709658,59.61698205,58.84709658,59.60870987
2014-11-18,59.82173882,59.98554424,59.56784042,59.76768303
2014-11-19,59.76440692,59.77259719,59.37954609,59.37954609
2014-11-20,59.69888476,59.71641194,59.29616913,59.53475173
2014-11-21,59.99373451,60.51791185,59.77259719,60.09201776
2014-11-24,60.53421049,60.53421049,60.06744695,60.09201776
2014-11-25,60.3622967,60.46057995,60.06744695,60.12477884
2014-11-26,60.14934966,60.3049648,59.94459288,60.19030101
2014-11-28,60.1083983,60.19849128,59.84630963,60.01830532
2014-12-01,60.27220372,60.27220372,59.64982503,59.89545126
2014-12-02,60.20668155,60.20668155,59.79716801,59.79716801
2014-12-03,59.86269017,60.13812898,59.86269017,60.13812898
2014-12-04,60.1657302,60.1657302,59.87907072,59.87907072
2014-12-05,60.19840938,60.31315507,59.92002207,60.1083983
2014-12-08,59.95605926,60.04287613,59.38765446,59.73164584
2014-12-09,59.29756148,59.58422096,58.91614056,59.58422096
2014-12-10,58.96995064,59.67431394,58.48680656,58.76519387
2014-12-11,59.06823389,59.33851283,58.61776899,58.80614522
2014-12-12,58.71605224,58.71605224,57.74960028,57.89702515
2014-12-15,58.54405656,58.55224683,57.08627023,57.46294079
2014-12-16,57.58579486,58.15092355,56.92238291,56.96333427
2014-12-17,57.89550398,57.92858712,57.42820455,57.73835904
2014-12-18,59.00378934,59.40078708,58.59852081,59.3925163
2014-12-19,59.61582753,59.62409831,58.92108148,59.58274438
2014-12-22,59.40078708,59.91274875,59.17747585,59.83401087
2014-12-23,59.79778482,60.03763763,59.51657809,59.9962837
2014-12-24,59.9962837,60.61659267,59.85568033,60.26921964
2014-12-26,59.95906516,60.38501065,59.57736837,60.34365672
2014-12-29,60.13771414,60.26921964,60.00463719,60.16997021
2014-12-30,60.21959492,60.21959492,59.6323691,59.8143264
2014-12-31,58.6067916,60.01282527,58.6067916,59.2684545
2015-01-02,59.68199382,59.68199382,58.83010283,59.26018372
2015-01-05,58.06919049,58.7846135,57.78384836,57.87069162
2015-01-06,57.9451287,57.95339948,57.08496692,57.1015085
2015-01-07,57.53986017,57.87896241,57.38271523,57.68046354
2015-01-08,58.87145676,58.96905204,58.59033273,58.96078125
2015-01-09,59.16920507,59.16920507,58.02783656,58.39836779
2015-01-12,57.97407645,58.37520958,57.56475524,58.29250172
2015-01-13,58.92108148,58.92108148,57.81279612,57.87507514
2015-01-14,58.21806464,58.21806464,57.24211186,57.84587926
2015-01-15,57.87433077,57.88078198,57.44888152,57.44888152
2015-01-16,57.75490061,58.25941858,57.75490061,58.21806464
2015-01-20,59.24364214,59.24364214,58.12071749,58.51581295
2015-01-21,58.78047811,58.9665708,58.3669388,58.40829273
2015-01-22,59.17747585,59.27672529,58.75566575,59.13603921
2015-01-23,59.15266349,59.15266349,58.75566575,58.75566575
2015-01-26,59.27672529,59.49176573,58.96326249,59.49176573
2015-01-27,59.32635001,59.46695337,58.75566575,59.31807922
2015-01-28,59.20228821,59.23537136,58.49100059,58.49100059
2015-01-29,57.49933332,58.68941675,57.49850624,58.35039722
2015-01-30,58.91281069,58.91281069,57.78798376,57.78798376
2015-02-02,58.56543767,58.80529047,57.93685791,58.80529047
2015-02-03,59.52484888,59.52484888,58.47445902,59.29326686
2015-02-04,59.64891067,59.64891067,58.88799833,58.90453991
2015-02-05,59.86312404,59.8722219,59.37597472,59.55793202
2015-02-06,59.54139045,59.8143264,59.10303878,59.40078708
2015-02-09,59.3925163,59.49168302,58.89626912,58.9707062
2015-02-10,59.83913876,59.83913876,59.25108585,59.54139045
2015-02-11,59.74816011,59.84740954,59.31816193,59.53940546
2015-02-12,60.25267807,60.32711515,60.12034549,60.12034549
2015-02-13,61.07148591,61.07148591,60.3444838,60.37673986
2015-02-17,61.05494434,61.16221644,60.32711515,60.91434097
2015-02-18,61.11283984,61.20381849,60.48426009,61.16659995
2015-02-19,60.81509154,61.20381849,60.57523873,60.99704884
2015-02-20,61.06321513,61.75796117,60.65869097,61.377505
2015-02-23,61.70006567,61.70006567,61.38577579,61.51810837
2015-02-24,61.25344321,61.92751229,61.25344321,61.91924151
2015-02-25,62.01435555,62.05984487,61.70006567,61.85307522
2015-02-26,62.13841734,62.13841734,61.60908702,61.65044095
2015-02-27,62.1053342,62.1053342,61.59254545,61.65044095
2015-03-02,62.00608476,62.00608476,61.62562859,61.79104432
2015-03-03,61.48502523,61.81585668,61.28652636,61.45442332
2015-03-04,60.88134054,61.26998478,60.88134054,61.26998478
2015-03-05,61.58427466,61.58427466,61.09629827,61.19554771
2015-03-06,61.30306793,61.30306793,60.39328144,60.39328144
2015-03-09,60.87298704,60.87298704,60.5338848,60.70757132
2015-03-10,60.43463537,60.43463537,59.48349495,59.48349495
2015-03-11,60.21132414,60.21132414,59.47522416,59.54966124
2015-03-12,60.13688706,60.25267807,60.03763763,60.19478257
2015-03-13,60.07899156,60.07899156,59.59515056,59.8722219
2015-03-16,60.4180938,60.63313424,60.4180938,60.58350952
2015-03-17,60.39328144,60.5338848,60.31057357,60.4180938
2015-03-18,60.4759893,61.47675444,60.4759893,61.47675444
2015-03-19,61.66698252,61.66698252,60.94742412,60.94742412
2015-03-20,61.97300162,62.10525149,61.48502523,61.87615071
2015-03-23,61.84066904,62.16736509,61.84066904,62.10525149
2015-03-24,62.4030825,62.4030825,61.69179488,61.87375218
2015-03-25,61.7993151,61.81585668,61.22863085,61.377505
2015-03-26,60.70757132,60.88952861,60.51734323,60.6579466
2015-03-27,60.64967581,60.91847637,60.60832188,60.69930053
2015-03-30,61.09629827,61.20381849,60.73238367,60.87298704
2015-03-31,60.45944773,60.8977994,60.37673986,60.76546682
2015-04-01,60.82336232,60.82336232,59.98801291,60.51734323
2015-04-02,60.80682075,61.22036007,60.69102974,60.92261176
2015-04-06,61.39404658,61.69344904,60.83163311,61.69344904
2015-04-07,60.82336232,61.75440474,60.82336232,61.30306793
2015-04-08,61.46021287,61.80750318,61.45194208,61.47675444
2015-04-09,61.58427466,61.58427466,60.90607019,61.41894164
2015-04-10,61.22036007,61.96473083,61.22036007,61.96473083
2015-04-13,62.13014656,62.13014656,61.61735781,61.61735781
2015-04-14,61.61735781,61.85721061,61.61735781,61.85721061
2015-04-15,61.9233769,62.29547957,61.54292073,61.90253452
2015-04-16,62.13014656,62.56849823,61.94000118,62.02262633
2015-04-17,61.75787847,61.75787847,61.12938142,61.36096343
2015-04-20,61.81585668,62.08465723,61.74969039,62.03081441
2015-04-21,62.39481172,62.39481172,61.72487803,61.7993151
2015-04-22,62.27074992,62.38654093,61.49329601,62.00608476
2015-04-23,61.89029375,62.61812295,61.65044095,62.27902071
2015-04-24,62.35345779,62.75789923,62.27902071,62.54368587
2015-04-27,62.42789486,63.08120427,62.42789486,62.47751958
2015-04-28,62.76575648,62.93241283,62.29556228,62.5850398
2015-04-29,62.38654093,62.64293531,62.07225105,62.13841734
2015-04-30,62.19631285,62.22939599,61.84893982,61.84893982
2015-05-01,62.81662182,62.81662182,61.97465577,62.07225105
2015-05-04,62.57676902,62.81662182,62.36999936,62.71737238
2015-05-05,62.27074992,62.66774766,61.53464994,61.91510611
2015-05-06,62.00608476,62.13014656,61.58427466,61.62562859
2015-05-07,61.46848365,61.96307667,61.46848365,61.85721061
2015-05-08,62.46924879,62.85797575,62.46924879,62.70083081
2015-05-11,62.7669971,62.79999754,62.54567086,62.59331059
2015-05-12,62.51060273,62.60158137,62.17985398,62.2463511
2015-05-13,62.69256002,62.85797575,62.20466634,62.63466452
2015-05-14,62.85797575,63.30459821,62.84143418,63.09782855
2015-05-15,63.25497349,63.37903528,62.53541508,63.25497349
2015-05-18,63.61888809,63.9703965,62.32037464,62.72564317
2015-05-19,63.86701168,63.86701168,63.86701168,63.86701168
2015-05-20,63.46174315,63.46174315,62.92000665,63.35414022
2015-05-21,63.28805664,63.58580494,63.10196394,63.52584174
2015-05-22,63.5527218,63.5527218,63.29798158,63.41311092
2015-05-26,62.7091016,62.77526789,62.03089712,62.49406115
2015-05-27,63.19707799,63.19707799,62.85797575,62.9489544
2015-05-28,62.87451732,62.91587125,62.32864543,62.59331059
2015-05-29,62.5271443,62.5271443,62.08879262,62.11360498
2015-06-01,62.00608476,62.41135329,62.00194937,62.39481172
2015-06-02,62.05570948,62.74218474,62.03089712,62.60985216
2015-06-03,62.46924879,62.99022562,62.38488677,62.49406115
2015-06-04,62.52706159,62.52706159,61.84893982,61.87375218
2015-06-05,61.45194208,61.80775131,61.41885894,61.80758589
2015-06-08,61.5594623,61.5594623,61.39346762,61.39346762
2015-06-09,61.377505,61.48502523,61.18727692,61.46021287
2015-06-10,62.2800132,62.44443643,62.21285442,62.39481172
2015-06-11,62.07225105,62.63879991,62.07225105,62.46097801
2015-06-12,61.95646004,62.11360498,61.78277353,62.03089712
2015-06-15,61.3196095,61.70006567,60.73238367,61.69014073
2015-06-16,61.34442186,62.18804206,61.34442186,61.84066904
2015-06-17,61.89856454,62.15082352,61.59254545,62.03916791
2015-06-18,62.12187577,62.75045553,61.90683533,61.93991847
2015-06-19,62.51060273,62.51060273,61.82421017,62.34171327
2015-06-22,62.7091016,63.03993305,62.41962408,62.41962408
2015-06-23,62.56849823,62.85797575,62.17977127,62.51887351
2015-06-24,62.17150049,62.73391395,61.98954319,61.99781398
2015-06-25,62.60579302,62.60579302,61.82740549,61.90273331
2015-06-26,62.26263292,62.26263292,61.844145,62.12871679
2015-06-29,60.98205988,61.69348935,60.4547651,60.4547651
2015-06-30,60.64726955,61.06977495,60.27063042,60.42965583
2015-07-01,61.43402684,61.43402684,60.88664464,60.92347158
2015-07-02,61.27500143,61.27500143,60.655723,61.04901795
2015-07-06,60.42212305,60.73933689,59.76844491,60.26226066
2015-07-07,59.63452878,60.47150462,59.37506627,60.47150462
2015-07-08,59.89399129,59.89399129,58.83103197,58.83103197
2015-07-09,60.25422569,60.28728624,59.98605863,59.98605863
2015-07-10,60.95217985,61.11597602,60.597051,61.10760626
2015-07-13,62.48024664,62.48024664,61.02390868,61.16619457
2015-07-14,61.1996736,61.7437079,61.1996736,61.69348935
2015-07-15,61.80229621,61.91947283,61.35869901,61.70185911
2015-07-16,62.43002809,62.43002809,61.98651459,62.1873051
2015-07-17,62.07012848,62.5890535,61.96132162,62.17056558
2015-07-20,62.32959099,62.32959099,61.76044742,62.01154017
2015-07-21,61.30848046,62.12034703,61.30848046,61.87762404
2015-07-22,61.41728732,61.71859863,61.40054781,61.55120346
2015-07-23,61.67674983,61.81066597,61.24989215,61.76873348
2015-07-24,61.51772442,61.81903573,60.53009293,61.00716916
2015-07-27,60.32084897,60.88162278,60.27063042,60.41291631
2015-07-28,60.9987994,61.56794297,60.40454655,61.49261515
2015-07-29,62.70623012,62.70623012,61.26663167,61.81066597
2015-07-30,61.79392645,61.93621235,61.01562262,61.89436355
2015-07-31,62.30448172,62.30448172,61.62661498,62.01990993
2015-08-03,62.17893534,62.17893534,61.2794374,61.81903573
2015-08-04,61.62653128,61.91101937,61.24160609,61.76881718
2015-08-05,61.9445821,62.27928874,61.5428337,62.00317041
2015-08-06,61.93621235,61.93621235,61.29400078,61.3419595
2015-08-07,61.48424539,61.48424539,61.00716916,61.4423966
2015-08-10,61.06575747,62.26263292,61.06575747,61.91947283
2015-08-11,61.6432708,61.6432708,60.86496696,61.56794297
2015-08-12,60.72259737,61.46750587,60.27071412,61.05738771
2015-08-13,61.22478288,61.42565708,60.96532037,61.00716916
2015-08-14,60.70585786,61.37543853,60.70585786,61.06575747
2015-08-17,60.78118568,61.25826191,60.78118568,61.21641312
2015-08-18,61.28337119,61.5428337,61.00725286,61.29508885
2015-08-19,60.86488327,61.20804336,60.32084897,60.60542076
2015-08-20,60.08649573,60.08649573,59.15745255,59.16582231
2015-08-21,58.61341825,58.84777149,57.33284521,57.38306376
2015-08-24,53.70037006,56.83065971,50.22692031,55.19855681
2015-08-25,56.00205362,58.54646018,55.39106126,55.55845643
2015-08-26,57.02316415,57.24914763,55.55845643,56.98968512
2015-08-27,58.87288076,58.87288076,57.29936618,58.47113236
2015-08-28,58.2200396,58.48787187,57.80155168,58.48787187
2015-08-31,58.17819081,58.28699767,57.66771925,57.94383758
2015-09-01,57.36465029,57.36465029,56.06901169,56.21966734
2015-09-02,57.31610569,57.34121497,56.11923024,57.10686173
2015-09-03,57.23240811,57.77635871,56.80555043,57.01479439
2015-09-04,56.07738145,56.28662541,55.04790116,55.98531411
2015-09-08,57.40817304,57.68437507,56.55445768,57.68437507
2015-09-09,58.19493033,58.19493033,56.91435729,56.91435729
2015-09-10,56.6716343,57.54627405,56.6716343,57.03153391
2015-09-11,57.0733827,57.21750994,56.75541558,56.99244714
2015-09-14,56.83902946,57.05664318,56.74696212,56.88087826
2015-09-15,57.16545004,57.72622386,57.12360125,57.43328231
2015-09-16,57.80155168,58.03590492,57.80155168,58.0191654
2015-09-17,57.96057709,59.16331138,57.85177023,58.02753516
2015-09-18,57.10686173,57.63440761,57.03990367,57.04827343
2015-09-21,57.46676135,57.61323212,56.79718067,56.99805487
2015-09-22,56.09412096,56.20292782,55.70082602,56.06064193
2015-09-23,56.39543227,56.39543227,55.8262887,56.07738145
2015-09-24,55.66726328,56.16107903,55.19855681,56.08575121
2015-09-25,56.60467623,56.62970181,56.14433952,56.54608792
2015-09-28,55.7844399,55.7844399,54.59869623,54.60430397
2015-09-29,54.81354793,54.92235479,54.20255556,54.42016928
2015-09-30,54.9390943,55.884877,54.9390943,55.884877
2015-10-01,55.89316306,55.93509555,55.07970624,55.93509555
2015-10-02,55.09811971,56.38706251,55.09811971,56.38706251
2015-10-05,57.24914763,57.97731661,57.24914763,57.97731661
2015-10-06,57.70948434,58.02335028,57.42491255,57.85177023
2015-10-07,58.06938395,58.35395574,57.58393796,58.35395574
2015-10-08,57.93546782,58.59902227,57.65934949,58.44602308
2015-10-09,58.55097985,58.83103197,58.55097985,58.60504849
2015-10-12,58.6636368,58.74607892,58.42091381,58.57993922
2015-10-13,58.16982105,58.71385535,58.0191654,58.0191654
2015-10-14,58.15308154,58.31210695,57.83503072,58.21166985
2015-10-15,58.57575434,59.16582231,58.47950212,59.16582231
2015-10-19,58.89799004,59.13234327,58.51298115,59.05701545
2015-10-20,59.11560376,59.27462917,58.71385535,59.13234327
2015-10-21,59.31647796,59.31647796,58.59667873,58.59667873
2015-10-22,59.41691506,59.75664355,58.99014108,59.47550337
2015-10-23,59.76007515,60.22032817,59.76007515,59.88562153
2015-10-26,59.98605863,60.06975622,59.59267999,59.83540298
2015-10-27,59.44202433,59.79355419,59.29530247,59.74333564
2015-10-28,59.80192395,60.53009293,59.50061264,59.89399129
2015-10-29,60.03627718,60.34595824,59.66800781,60.32921873
2015-10-30,59.97768887,60.13671428,59.74333564,59.77681467
2015-11-02,59.91073081,60.6974881,59.61778926,60.27063042
2015-11-03,60.26226066,60.75607641,59.77681467,60.4547651
2015-11-04,60.85651351,60.85651351,60.13755126,60.22041187
2015-11-05,60.4966139,60.53846269,59.99451209,60.44639535
2015-11-06,59.91910056,60.46313486,59.66800781,60.07812597
2015-11-09,59.7517054,60.01116791,59.34158723,59.45039409
2015-11-10,59.21604086,59.56338583,59.21604086,59.56338583
2015-11-11,59.86888201,60.00279815,59.50061264,59.50061264
2015-11-12,59.51735216,59.51735216,58.75570414,58.7640739
2015-11-13,58.58830898,58.78918318,58.20748497,58.35814062
2015-11-16,58.27862791,59.24115013,58.15308154,59.24115013
2015-11-17,59.36669651,59.44202433,58.78918318,59.3081082
2015-11-18,59.41691506,59.99442839,58.98177132,59.86051226
2015-11-19,59.81866346,60.02790742,59.59267999,59.88562153
2015-11-20,60.29573969,60.29573969,59.82703322,60.11997477
2015-11-23,59.76844491,60.07804228,59.63452878,59.7517054
2015-11-24,59.37506627,60.01953767,59.34158723,60.01953767
2015-11-25,59.76007515,60.01953767,59.60113344,60.00279815
2015-11-27,59.83540298,60.21622699,59.65963805,59.81866346
2015-11-30,59.87725177,60.02790742,59.65963805,59.94420984
2015-12-01,59.91910056,60.37943728,59.91073081,60.31247921
2015-12-02,60.30410945,60.55938708,59.8521425,60.00279815
2015-12-03,59.84737174,59.84737174,59.21604086,59.43365458
2015-12-04,59.4085453,60.36261406,59.38343603,60.32084897
2015-12-07,59.81866346,59.86051226,59.49224289,59.86051226
2015-12-08,59.18256182,59.40017554,58.99005738,59.29136868
2015-12-09,59.09886424,59.60104974,58.63852753,58.94820859
2015-12-10,59.2075874,59.29973844,58.69711583,58.98168762
2015-12-11,58.33721622,58.37069526,57.84340048,57.86147915
2015-12-14,58.28699767,58.28699767,57.24077787,58.02753516
2015-12-15,58.54646018,58.73059487,58.25351864,58.53809042
2015-12-16,58.98168762,59.62615902,58.66757059,59.24115013
2015-12-17,59.49224289,59.49224289,58.59667873,58.59667873
2015-12-18,58.18656057,58.63015777,57.75133313,57.82666096
2015-12-21,58.51080133,58.51080133,57.42773805,58.0792683
2015-12-22,58.19772835,58.76464428,58.01157685,58.64618424
2015-12-23,59.11156299,59.56848031,59.01002581,59.56848031
2015-12-24,60.26231772,60.26231772,59.23002304,59.23002304
2015-12-28,58.89156576,59.37386738,58.64618424,59.29771449
2015-12-29,59.59386461,59.94078331,59.21310017,59.90693759
2015-12-30,59.41617454,59.64454858,59.24034598,59.24034598
2015-12-31,59.23002304,59.23002304,58.69695283,58.89156576
2016-01-04,57.55465953,58.04542258,57.02243546,58.04542258
2016-01-05,57.72388817,57.85385576,57.309278,57.63927385
2016-01-06,56.60697916,57.11652659,56.5392877,56.97082073
2016-01-07,55.67622165,56.46313482,55.12622858,55.12622858
2016-01-08,55.97237177,55.97237177,54.63546554,54.8385399
2016-01-11,55.32930295,55.32930295,54.30546969,54.92315422
2016-01-12,55.21930433,55.27853436,54.51184402,55.2362272
2016-01-13,55.55767699,55.55767699,53.97547385,54.07701103
2016-01-14,54.2800854,55.13469002,54.2800854,55.01622997
2016-01-15,52.88394914,53.91624383,52.82480373,53.25625214
2016-01-19,53.95855099,54.06008817,52.97279417,53.57778655
2016-01-20,52.45241612,53.0870235,51.45709789,52.87548771
2016-01-21,52.63856762,53.31082838,52.24934175,53.05317778
2016-01-22,54.17854822,54.39854544,53.75970734,54.31393112
2016-01-25,54.0939339,54.10239533,53.39163505,53.4847108
2016-01-26,53.71316946,54.45777547,53.51855653,54.4408526
2016-01-27,54.0685496,54.55085122,53.68778517,53.98393528
2016-01-28,54.53392835,54.53392835,53.75547662,54.21239394
2016-01-29,54.39008401,55.29545722,54.39008401,55.29545722
2016-02-01,54.74546415,55.51968517,54.70315699,55.32930295
2016-02-02,54.44931403,54.73700272,54.00931958,54.18700965
2016-02-03,54.50854406,54.6642344,53.43817293,54.56777408
2016-02-04,54.2800854,54.83007847,54.08124175,54.6270041
2016-02-05,54.29700826,54.40700688,53.45086507,53.59470942
2016-02-08,52.75702766,52.84164198,52.01242166,52.80779625
2016-02-09,52.06319025,52.77395053,52.03780595,52.30011034
2016-02-10,53.01924744,53.0361703,52.32549464,52.35934036
2016-02-11,51.49627431,52.03780595,51.20858563,51.80088586
2016-02-12,52.28318748,52.72318193,51.74165584,52.57087616
2016-02-16,53.33240503,53.77239949,53.1377921,53.75547662
2016-02-17,54.26316253,54.80469417,54.15443313,54.59315838
2016-02-18,55.06699856,55.09238286,54.39008401,54.58469694
2016-02-19,54.13624106,54.47469833,54.02624244,54.41546831
2016-02-22,55.08392142,55.26161149,54.95699995,55.00776854
2016-02-23,54.86383958,54.86383958,54.2800854,54.2800854
2016-02-24,54.01778101,54.67768808,53.59470942,54.43239117
2016-02-25,54.79623274,55.17699717,54.52969764,55.10930572
2016-02-26,55.66776022,55.68468309,55.06699856,55.06699856
2016-02-29,55.27844974,55.46087821,54.97392281,54.97392281
2016-03-01,55.2362272,56.26006045,55.2362272,56.26006045
2016-03-02,56.27698332,56.51390341,55.93429533,56.51390341
2016-03-03,56.69159348,56.99620503,56.42082766,56.83543782
2016-03-04,57.22466369,57.53773666,57.04697362,57.36850803
2016-03-07,56.936975,57.50389094,56.69159348,57.16543366
2016-03-08,57.1231265,57.1231265,56.45467339,56.51390341
2016-03-09,56.84389925,56.98765898,56.64928632,56.94543643
2016-03-10,57.18235653,57.49542951,56.37039752,56.72543921
2016-03-11,57.48696807,58.11311403,57.48696807,58.06234544
2016-03-14,57.9185011,58.05388401,57.63081242,57.84234821
2016-03-15,57.28389371,57.69850387,57.22466369,57.69850387
2016-03-16,57.21620225,58.13003689,57.21620225,58.11311403
2016-03-17,58.11311403,58.76464428,57.74504175,58.46003274
2016-03-18,58.64618424,58.74763681,58.39234128,58.48541703
2016-03-21,58.6631071,58.6884914,58.32464983,58.51080133
2016-03-22,58.25695837,58.65464567,58.05388401,58.56156992
2016-03-23,58.4769556,58.55310849,57.82542535,57.85080964
2016-03-24,57.48696807,57.97773112,57.43086878,57.93542396
2016-03-28,58.29926553,58.55310849,57.73996489,58.1046526
2016-03-29,57.74927246,58.6884914,57.74927246,58.67156853
2016-03-30,59.19617731,59.22156161,58.81549749,59.02694867
2016-03-31,58.76464428,59.04387154,58.51080133,58.69703744
2016-04-01,58.51080133,58.76464428,57.85080964,58.55310849
2016-04-04,58.55310849,58.82387431,58.40080271,58.40080271
2016-04-05,57.83388678,57.91841648,57.57158239,57.59696669
2016-04-06,57.90995505,58.48533242,57.7069653,58.45918659
2016-04-07,57.95234683,57.95767753,57.56312096,57.64773528
2016-04-08,58.46003274,58.60387708,58.14704437,58.34157269
2016-04-11,58.69695283,58.69695283,58.08772974,58.08772974
2016-04-12,58.2654198,58.97618008,58.25695837,58.73925999
2016-04-13,59.29771449,59.71224004,59.29771449,59.62771033
2016-04-14,59.72924752,59.77155468,59.6446332,59.66155606
2016-04-15,59.69540179,59.73770895,59.46694313,59.47540456
2016-04-18,59.18771588,59.98309047,59.17925445,59.85616899
2016-04-19,60.53308354,60.66846645,60.29616345,60.48231495
2016-04-20,60.65788966,60.8123108,60.46539209,60.64308216
2016-04-21,60.42308493,60.7869265,60.14385768,60.16078054
2016-04-22,60.16078054,60.43154636,59.97293675,60.40616207
2016-04-25,60.16078054,60.2030877,59.89001472,60.03165909
2016-04-26,60.66846645,60.66846645,60.09308909,60.15231911
2016-04-27,60.08462766,60.60923643,59.9891827,60.30462488
2016-04-28,60.08462766,60.38077777,59.67001749,59.70386322
2016-04-29,59.65309463,59.65309463,59.12002442,59.32309879
2016-05-02,59.94924475,60.11847338,59.52549624,60.11001195
2016-05-03,59.48386599,59.51771172,59.1441395,59.29771449
2016-05-04,59.00994119,59.00994119,58.52772419,58.60387708
2016-05-05,58.91695006,58.91695006,58.3924259,58.6631071
2016-05-06,58.45157131,58.82378969,58.40926415,58.60387708
2016-05-09,58.68002997,58.89156576,58.6631071,58.89156576
2016-05-10,59.34002165,59.53463458,59.28502234,59.53463458
2016-05-11,59.69540179,59.69540179,58.98464151,58.98464151
2016-05-12,59.25540733,59.25540733,58.79849001,59.12002442
2016-05-13,58.90848863,59.09455551,58.38387985,58.41772558
2016-05-16,58.77310572,59.34002165,58.77310572,59.34002165
2016-05-17,59.09464013,59.12002442,58.41772558,58.56156992
2016-05-18,58.43464844,59.23848447,58.43464844,58.68002997
2016-05-19,58.20618978,58.51080133,57.99465399,58.44310987
2016-05-20,58.8746429,58.92532688,58.72233713,58.77310572
2016-05-23,58.58695422,58.82378969,58.51926276,58.73925999
2016-05-24,58.98472613,59.45002027,58.98472613,59.39925167
2016-05-25,59.73770895,60.05924336,59.73770895,59.97462904
2016-05-26,59.97462904,59.9915519,59.83924613,59.83924613
2016-05-27,59.85616899,60.06347408,59.85616899,59.93232188
2016-05-31,60.55000641,60.55000641,59.78001611,59.8054004
2016-06-01,59.8054004,60.0423205,59.73770895,59.89847615
2016-06-02,59.83924613,59.97462904,59.69963251,59.95770618
2016-06-03,59.90693759,60.21154913,59.75471643,60.21154913
2016-06-06,60.24539486,60.63462073,60.24539486,60.38077777
2016-06-07,60.53308354,60.94329376,60.53308354,60.6516282
2016-06-08,61.00692373,61.00692373,60.79538793,60.94769371
2016-06-09,60.27924059,60.57115999,60.23693343,60.43154636
2016-06-10,59.66155606,59.84770756,59.23002304,59.39079024
2016-06-13,59.01848724,59.34848308,58.86618147,59.01002581
2016-06-14,58.60387708,58.60387708,58.12157546,58.54464706
2016-06-15,58.96484176,58.96484176,58.55310849,58.69695283
2016-06-16,58.13849833,58.78156715,57.7323496,58.78156715
2016-06-17,58.89156576,59.14540872,58.55310849,58.92541149
2016-06-20,59.95770618,60.12693481,59.60232604,59.78001611
2016-06-21,59.84770756,60.02539763,59.7208707,59.97462904
2016-06-22,59.90561289,60.07684517,59.76862707,59.88848966
2016-06-23,60.73608944,61.18129337,60.50492587,61.18129337
2016-06-24,57.09740351,58.86101037,57.04175302,57.7652094
2016-06-27,57.14877319,57.49123775,56.13850275,56.47240569
2016-06-28,57.47411452,57.94491768,57.12308835,57.57685389
2016-06-29,58.43301529,58.84397276,58.32257047,58.84397276
2016-06-30,58.9295889,59.50321703,58.84397276,59.3576696
2016-07-01,59.59739479,59.93129773,59.41760089,59.52034026
2016-07-05,59.28061507,59.3576696,58.71554855,58.81828792
2016-07-06,58.62137079,59.05792749,58.34089232,58.95527374
2016-07-07,59.24636861,59.34910798,58.74123339,58.81828792
2016-07-08,59.41751528,59.76854145,59.41751528,59.725819
2016-07-11,60.16246131,60.45347057,60.09336908,60.14533808
2016-07-12,60.83882881,61.0186227,60.6504733,60.84739042
2016-07-13,61.14704691,61.14704691,60.65055892,60.92444495
2016-07-14,61.30107035,61.38788511,61.12992369,61.18129337
2016-07-15,61.16417014,61.26502595,60.87307527,61.00149948
2016-07-18,60.96725302,61.23266305,60.92444495,61.1384853
2016-07-19,60.97581463,61.06143077,60.72838399,61.05286916
2016-07-20,61.32684081,61.40389533,61.0186227,61.23266305
2016-07-21,61.32684081,61.43814179,61.06143077,61.18129337
2016-07-22,61.25834789,61.32684081,61.18557418,61.32684081
2016-07-25,61.32256,61.32256,60.89876011,61.26690951
2016-07-26,61.35252565,61.4551794,61.17273175,61.37821049
2016-07-27,61.61793568,61.61793568,60.75321267,61.18985498
2016-07-28,61.21553982,61.4955046,61.06143077,61.47238824
2016-07-29,61.51870658,61.86622249,61.39533372,61.82341442
2016-08-01,61.69499021,61.73779828,61.32769697,61.54858661
2016-08-02,61.66930536,61.66930536,60.87307527,61.28403274
2016-08-03,61.00475289,61.17273175,60.95012979,61.12992369
2016-08-04,61.24122467,61.40389533,61.24122467,61.2848889
2016-08-05,61.48951147,61.85766087,61.48951147,61.72067505
2016-08-08,61.97752347,61.97752347,61.68728475,61.85766087
2016-08-09,61.95783176,62.22581027,61.95183863,62.13163252
2016-08-10,62.40560417,62.40560417,61.97752347,61.97752347
2016-08-11,62.28574157,62.55286393,62.26604986,62.47409708
2016-08-12,62.31998803,62.52538114,62.2344575,62.43985062
2016-08-15,62.67957581,62.72238388,62.4912203,62.6110829
2016-08-16,62.56313786,62.56313786,62.31142641,62.43128901
2016-08-17,62.25577592,62.6110829,62.03745476,62.4912203
2016-08-18,62.4912203,62.66245258,62.3028648,62.66245258
2016-08-19,62.31142641,62.43985062,62.3028648,62.43985062
2016-08-22,62.16587897,62.41416578,62.16587897,62.32854964
2016-08-23,62.66245258,62.84224648,62.61716165,62.64532936
2016-08-24,62.5925042,62.6110829,62.26861834,62.37135771
2016-08-25,62.1830022,62.38839532,62.04601638,62.08026283
2016-08-26,62.1830022,62.1830022,61.66930536,61.95183863
2016-08-29,62.01176992,62.27717996,61.99473231,62.27717996
2016-08-30,62.26861834,62.27717996,62.03069109,62.14019413
2016-08-31,62.06313961,62.12298529,61.73711335,62.02889315
2016-09-01,62.01176992,62.20868704,61.8148528,62.19156382
2016-09-02,62.53402837,62.66245258,62.53402837,62.55971322
2016-09-06,62.64532936,62.99635553,62.64532936,62.99635553
2016-09-07,62.919301,63.06476282,62.84224648,62.94498584
2016-09-08,63.86964015,63.86964015,62.72238388,62.82512325
2016-09-09,62.14019413,62.26861834,61.27547112,61.30115596
2016-09-12,61.39105291,62.17786523,61.39105291,62.02889315
2016-09-13,61.47238824,61.58368923,60.64191169,60.87307527
2016-09-14,61.10851965,61.22410144,60.85595204,60.85595204
2016-09-15,60.91588334,61.45526502,60.91588334,61.23266305
2016-09-16,60.7703359,61.11280046,60.7703359,61.04430755
2016-09-19,61.43814179,61.4467034,60.98951322,61.12992369
2016-09-20,61.33540242,61.43814179,60.95869141,60.95869141
2016-09-21,61.69499021,62.07170122,61.39079606,62.07170122
2016-09-22,62.65389097,62.70414764,62.44841224,62.45697385
2016-09-23,62.15731736,62.31998803,62.03745476,62.05457799
2016-09-26,61.59225084,61.70355182,61.46810744,61.48094986
2016-09-27,61.52375793,61.87392794,61.48094986,61.83197603
2016-09-28,61.9946467,62.23437189,61.7549215,62.23437189
2016-09-29,62.22581027,62.24807047,61.60081245,61.68642859
2016-09-30,61.71211343,62.26861834,61.71211343,62.20868704
2016-10-03,61.95183863,61.98608508,61.80629119,61.91759217
2016-10-04,62.14019413,62.14019413,61.64362052,61.86622249
2016-10-05,62.11450929,62.20012543,61.96040024,62.1230709
2016-10-06,61.83197603,61.94327701,61.80629119,61.84053764
2016-10-07,61.86622249,61.86622249,61.39499125,61.63505891
2016-10-10,61.92615378,62.11450929,61.90046894,62.00320831
2016-10-11,61.55800438,61.55800438,60.94156818,61.17273175
2016-10-12,60.99293786,61.1984166,60.91588334,61.12992369
2016-10-13,60.35937843,60.99293786,60.33540591,60.95869141
2016-10-14,61.23266305,61.30021419,60.89876011,60.89876011
2016-10-17,60.93300656,61.01348574,60.74465106,60.79602074
2016-10-18,61.42958017,61.42958017,61.12136207,61.32684081
2016-10-19,61.48069301,61.54935715,61.41254256,61.48094986
2016-10-20,61.4467034,61.53231954,61.20697821,61.45526502
2016-10-21,61.03574593,61.34396403,61.03574593,61.34396403
2016-10-24,61.566566,61.59653165,61.40389533,61.49807309
2016-10-25,61.45526502,61.45526502,61.25834789,61.4467034
2016-10-26,61.17273175,61.42958017,61.01014671,61.20697821
2016-10-27,61.48094986,61.48094986,61.01006109,61.08711562
2016-10-28,61.08711562,61.23266305,60.85595204,61.06999239
2016-10-31,61.078554,61.10423884,60.82170558,60.89019849
2016-11-01,60.95869141,60.95869141,60.21383099,60.63335008
2016-11-02,60.36794004,60.61622685,60.01691387,60.20526938
2016-11-03,60.12821485,60.32513197,59.87992805,59.9141745
2016-11-04,59.71725738,60.01691387,59.65047679,59.71725738
2016-11-07,60.69328137,60.98437625,60.49636425,60.98437625
2016-11-08,60.95869141,61.21553982,60.59910362,61.07161909
2016-11-09,60.59054201,61.56648038,60.59054201,61.37821049
2016-11-10,61.62649729,61.64362052,60.86451365,61.3867721
2016-11-11,61.25834789,61.25834789,60.83334938,61.15560853
2016-11-14,61.05286916,61.078554,60.85021576,61.078554
2016-11-15,61.01622545,61.46288485,61.01622545,61.35072771
2016-11-16,61.14704691,61.25834789,60.95012979,61.11280046
2016-11-17,61.31827919,61.54088116,61.29259435,61.54088116
2016-11-18,61.30971758,61.36108726,61.08720123,61.24978628
2016-11-21,61.60081245,61.72923666,61.41245695,61.72923666
2016-11-22,62.23437189,62.23437189,61.58368923,61.73779828
2016-11-23,61.52375793,61.80629119,61.51091551,61.71211343
2016-11-25,62.02033154,62.02033154,61.83959587,61.91493807
2016-11-28,61.9347154,61.96896185,61.72923666,61.77204473
2016-11-29,61.85766087,62.10594768,61.74207908,62.06313961
2016-11-30,62.11450929,62.14019413,61.90046894,61.90903056
2016-12-01,61.78916796,61.96040024,61.58368923,61.71211343
2016-12-02,61.91759217,61.91759217,61.61793568,61.8148528
2016-12-05,62.10594768,62.23428627,61.98608508,62.046102
2016-12-06,62.1230709,62.39695694,62.02033154,62.3627961
2016-12-07,62.60252129,63.25320395,62.60252129,63.25320395
2016-12-08,63.33882009,63.55286044,63.11621812,63.38162816
2016-12-09,63.45868268,63.59566851,63.18471104,63.52717559
2016-12-12,63.62991496,63.70431539,63.39018977,63.49292914
2016-12-13,64.00662598,64.11792696,63.89532499,64.03231082
2016-12-14,63.87820177,64.5716925,63.24464233,63.38162816
2016-12-15,63.33882009,63.59566851,63.27032718,63.53573721
2016-12-16,63.56142205,63.60423012,63.25320395,63.29601202
2016-12-19,63.62982935,63.62982935,63.41484722,63.48436752
2016-12-20,63.70696949,63.74121594,63.55405906,63.74121594
2016-12-21,63.60129213,63.71370773,63.55805535,63.59264477
2016-12-22,63.37646091,63.49752387,63.33754782,63.39375562
2016-12-23,63.47158181,63.67047096,63.3980793,63.63588154
2016-12-27,63.62723419,63.7396498,63.55805535,63.59264477
2016-12-28,63.56670271,63.56670271,63.17757176,63.2640453
2016-12-29,63.41105033,63.41969768,63.18120365,63.40240297
2016-12-30,63.67047096,63.67047096,63.05659527,63.19486647
2017-01-03,63.79153392,63.79153392,63.4542871,63.78288657
2017-01-04,64.05960191,64.33631726,64.00771779,64.3276699
2017-01-05,64.36225932,64.54385376,64.297923,64.54385376
2017-01-06,64.47467493,64.73400909,64.31037519,64.67356408
2017-01-09,64.34461872,64.50061699,64.31037519,64.35222839
2017-01-10,64.67356408,64.67356408,64.39684874,64.44873286
2017-01-11,64.4227908,64.49196964,64.29308048,64.49196964
2017-01-12,64.50926435,64.65626937,64.19795958,64.62167995
2017-01-13,64.59573789,64.82912999,64.59573789,64.8032744
2017-01-17,64.85515852,64.85515852,64.39684874,64.62167995
2017-01-18,64.45738022,64.63032731,64.34496461,64.45738022
2017-01-19,64.37955403,64.4227908,64.12013339,64.39684874
2017-01-20,64.56979583,64.66491673,64.40549609,64.54385376
2017-01-23,64.50061699,64.58709054,64.29567469,64.56114847
2017-01-24,64.5179117,65.00216355,64.5179117,64.94163207
2017-01-25,65.32211567,65.52100482,65.16646329,65.43453127
2017-01-26,65.56424159,65.56424159,65.2961736,65.3912945
2017-01-27,65.52965217,65.52965217,65.21030537,65.33941037
2017-01-30,65.07998974,65.07998974,64.56979583,64.91569001
2017-01-31,64.8032744,64.95027942,64.66249547,64.95027942
2017-02-01,65.24428948,65.25293683,64.81200823,65.06269503
2017-02-02,64.86380588,65.10100281,64.86380588,65.07998974
2017-02-03,65.27887889,65.51235746,65.27887889,65.36535244
2017-02-06,65.2961736,65.2961736,65.03787712,65.21834741
2017-02-07,65.27023154,65.27023154,65.13187387,65.19240535
2017-02-08,65.15409757,65.30482096,65.15409757,65.30482096
2017-02-09,65.46047334,65.64206778,65.41723657,65.54694688
2017-02-10,65.65071514,65.82366223,65.64967745,65.71124662
2017-02-13,65.89284106,66.1695564,65.89284106,66.03119873
2017-02-14,66.1522617,66.2646773,65.7717781,66.2646773
2017-02-15,66.01390402,66.50680323,66.01390402,66.39438762
2017-02-16,66.40303497,66.55868736,66.29070584,66.55868736
2017-02-17,66.37709291,66.57598206,66.29061937,66.48950852
2017-02-21,66.51545058,66.87466169,66.51545058,66.75757651
2017-02-22,66.93917095,66.93917095,66.65380825,66.81810799
2017-02-23,67.03429185,67.03429185,66.71442621,66.75757651
2017-02-24,66.48086117,66.76622386,66.44618527,66.75757651
2017-02-27,66.58462942,66.82675534,66.58462942,66.80081328
2017-02-28,66.75757651,66.79216593,66.48086117,66.65380825
2017-03-01,67.00834979,67.51733307,67.00834979,67.36289132
2017-03-02,67.33694926,67.33694926,66.9305236,66.9305236
2017-03-03,67.0256445,67.15535481,66.90458153,67.15535481
2017-03-06,66.95646566,66.95646566,66.67110296,66.93917095
2017-03-07,66.80946063,66.88088778,66.59327677,66.72298709
2017-03-08,66.78351857,66.82666887,66.42897704,66.51545058
2017-03-09,66.63651355,66.92187624,66.51545058,66.59327677
2017-03-10,67.0860895,67.0860895,66.66245561,66.97376037
2017-03-13,67.10347069,67.25047571,66.95646566,67.25047571
2017-03-14,66.88728683,66.88728683,66.67110296,66.71433974
2017-03-15,66.89593418,67.44936487,66.89593418,67.44936487
2017-03-16,67.75202227,67.79525904,67.55313312,67.7087855
2017-03-17,67.81255375,67.82120111,67.55313312,67.55313312
2017-03-20,67.52719106,67.64825402,67.26344674,67.47530693
2017-03-21,67.65690137,67.85579053,66.74892915,66.74892915
2017-03-22,66.79216593,67.1207654,66.71433974,67.1207654
2017-03-23,66.86134476,67.21588629,66.86134476,66.92187624
2017-03-24,67.17264952,67.20723894,66.93917095,67.01630535
2017-03-27,66.55868736,67.12941275,66.54147912,66.96338354
2017-03-28,66.90458153,67.53583841,66.90458153,67.50124899
2017-03-29,67.33694926,68.68593655,67.31100719,67.44071751
2017-03-30,67.50124899,67.71483865,67.38018603,67.57924813
2017-03-31,67.45801222,67.55226838,67.33694926,67.33694926
2017-04-03,67.40612809,67.47530693,66.91763904,67.31100719
2017-04-04,67.1207654,67.367215,67.04293921,67.20723894
2017-04-05,67.49260164,67.64825402,67.09482333,67.09482333
2017-04-06,67.14670746,67.21588629,67.03429185,67.12941275
2017-04-07,67.1207654,67.31861687,67.10347069,67.15535481
2017-04-10,67.18129688,67.36202659,67.10779436,67.17264952
2017-04-11,67.1292398,67.29371249,66.86999212,67.29371249
2017-04-12,67.18994423,67.24615204,66.97376037,67.09482333
2017-04-13,66.89593418,67.01699714,66.54139265,66.56733471
2017-04-17,66.71433974,67.10347069,66.71433974,67.06023391
2017-04-18,66.86134476,66.9305236,66.65380825,66.80946063
2017-04-19,67.04293921,67.07752862,66.67975032,66.74892915
2017-04-20,67.05158656,67.32397823,67.01699714,67.15535481
2017-04-21,67.1380601,67.19833217,67.06888127,67.08877018
2017-04-24,68.02873762,68.26653986,68.02873762,68.21033206
2017-04-25,68.46975269,68.72917333,68.46975269,68.63405243
2017-04-26,68.56487359,68.78970481,68.52163682,68.53028417
2017-04-27,68.59946301,68.59946301,68.40922121,68.47840005
2017-04-28,68.59081566,68.63405243,68.38327915,68.46975269
2017-05-01,68.6772892,68.78105745,68.51298947,68.6772892
2017-05-02,68.62540507,68.72052597,68.56487359,68.71187862
2017-05-03,68.61675772,68.65134714,68.43914106,68.65134714
2017-05-04,68.7724101,68.87617835,68.59081566,68.87617835
2017-05-05,68.99724132,69.27395666,68.89347306,69.2480146
2017-05-08,69.19613047,69.19613047,69.07506751,69.12695163
2017-05-09,69.19613047,69.20348072,68.9626519,69.09236221
2017-05-10,69.00588867,69.18748311,68.98859396,69.12695163
2017-05-11,68.91076777,69.0577728,68.65999449,68.97994661
2017-05-12,68.99724132,69.10100957,68.94086056,69.03183073
2017-05-15,69.42199937,69.48149317,69.37772491,69.48149317
2017-05-16,69.70632438,69.87062412,69.48149317,69.65444026
2017-05-17,69.16154105,69.19613047,68.53893153,68.54757888
2017-05-18,68.46975269,68.91076777,68.33139502,68.66864185
2017-05-19,69.17018841,69.43142498,69.158428,69.25666195
2017-05-22,69.42960904,69.73226645,69.42960904,69.73226645
2017-05-23,69.7409138,69.85332941,69.55931936,69.60255613
2017-05-24,69.70632438,69.91386089,69.58854741,69.91386089
2017-05-25,69.93980295,70.06086592,69.8922425,69.93980295
2017-05-26,69.81873999,69.93980295,69.81009264,69.93980295
2017-05-30,69.85332941,70.04357121,69.77550322,70.04357121
2017-05-31,70.09545533,70.09545533,69.74956115,69.89656618
2017-06-01,69.91386089,70.44134951,69.91386089,70.44134951
2017-06-02,70.50188099,70.81318575,70.45864422,70.78724369
2017-06-05,70.69212279,70.69212279,70.50188099,70.56241247
2017-06-06,70.34622861,70.51052835,70.34622861,70.41540745
2017-06-07,70.59700189,70.60564925,70.18192888,70.44999687
2017-06-08,70.44134951,70.50188099,70.27704978,70.48458628
2017-06-09,70.44134951,70.58818159,70.04357121,70.36352332
2017-06-12,70.24246036,70.24246036,69.96574502,70.233813
2017-06-13,70.46729158,70.66618073,70.41540745,70.62294396
2017-06-14,70.84777517,70.84777517,70.41540745,70.44134951
2017-06-15,69.87927147,70.2165183,69.80144528,70.06086592
2017-06-16,70.26840242,70.45864422,70.09545533,70.45864422
2017-06-19,70.58835454,70.90830665,70.58835454,70.8996593
2017-06-20,70.76219884,70.76219884,70.17688189,70.28171477
2017-06-21,70.21182618,70.34286729,70.11572937,70.15940974
2017-06-22,70.21182618,70.36724094,70.14193759,70.15940974
2017-06-23,70.21182618,70.42149196,70.17688189,70.38654766
2017-06-26,70.62242166,70.79714314,70.40733952,70.45643625
2017-06-27,70.42149196,70.53069288,70.15408073,70.15940974
2017-06-28,70.50011662,70.74472669,70.50011662,70.6748381
2017-06-29,70.69231025,70.93692032,69.77502249,70.14875173
2017-06-30,70.41275588,70.41275588,70.11572937,70.17688189
2017-07-03,70.2729787,70.48264447,70.21182618,70.21182618
2017-07-05,70.22929833,70.36033944,70.0371047,70.26424263
2017-07-06,70.06331293,70.06331293,69.72260604,69.80996678
2017-07-07,69.836175,70.11572937,69.81101511,70.11572937
2017-07-10,70.08952115,70.27402703,70.072049,70.2380344
2017-07-11,70.15067366,70.28171477,69.97595219,70.2729787
2017-07-12,70.6398938,70.8757678,70.6398938,70.72725454
2017-07-13,70.88450387,70.99807284,70.76219884,70.98060069
2017-07-14,71.13785002,71.34751579,71.01641859,71.34751579
2017-07-17,71.3125715,71.34751579,71.19026646,71.19900254
2017-07-18,71.23394683,71.34751579,71.14553776,71.34751579
2017-07-19,71.50476512,71.68822268,71.50476512,71.68822268
2017-07-20,71.86294416,71.87168023,71.66201445,71.87168023
2017-07-21,71.58338979,71.59212586,71.39993224,71.57465372
2017-07-24,71.46108475,71.67075053,71.42089881,71.53970942
2017-07-25,71.89788845,71.90575092,71.78431949,71.81052771
2017-07-26,71.96777704,72.01145741,71.79305556,71.98524919
2017-07-27,72.09881815,72.09881815,71.55718157,71.74937519
2017-07-28,71.74063912,71.83673593,71.55718157,71.83673593
2017-07-31,71.95030489,72.05513778,71.7242153,71.8804163
2017-08-01,72.22985926,72.29974785,72.02892956,72.29974785
2017-08-02,72.14249852,72.23859533,71.80179164,72.12502637
2017-08-03,72.09008208,72.23859533,71.99398526,72.09008208
2017-08-04,72.21238711,72.21238711,72.03766563,72.17744282
2017-08-07,72.10755423,72.26480356,72.10755423,72.26480356
2017-08-08,72.15123459,72.36963644,71.89788845,71.99398526
2017-08-09,71.65327838,71.95030489,71.64454231,71.95030489
2017-08-10,71.55718157,71.64454231,70.86318785,70.92818424
2017-08-11,70.91944817,71.03301713,70.7972305,70.82335136
2017-08-14,71.49917404,71.60959801,71.41740438,71.53097335
2017-08-15,71.58338979,71.58338979,71.36498794,71.41740438
2017-08-16,71.72316697,71.75217074,71.59212586,71.66201445
2017-08-17,71.46982083,71.46982083,70.71851847,70.71851847
2017-08-18,70.74472669,70.90197602,70.6748381,70.74472669
2017-08-21,70.73599062,70.74044602,70.54379699,70.71851847
2017-08-22,70.98060069,71.37372401,70.98060069,71.37372401
2017-08-23,71.1116418,71.2776272,71.04175321,71.24268291
2017-08-24,71.28636328,71.32122021,71.05048928,71.08543358
2017-08-25,71.36498794,71.57465372,71.26889113,71.2776272
2017-08-28,71.53970942,71.53970942,71.2295788,71.28636328
2017-08-29,70.84082351,71.37372401,70.84082351,71.3125715
2017-08-30,71.24268291,71.49515544,71.09416965,71.37372401
2017-08-31,71.60959801,71.94156882,71.60959801,71.94156882
2017-09-01,72.06387386,72.16870674,72.00272134,72.00272134
2017-09-05,71.90662452,71.99398526,71.3125715,71.57465372
2017-09-06,71.77558342,71.96375845,71.76684734,71.82799986
2017-09-07,72.09881815,72.13114162,71.96768968,72.12502637
2017-09-08,72.07260993,72.20365104,72.02892956,72.05513778
2017-09-11,72.4832054,72.78896799,72.4832054,72.7540237
2017-09-12,72.72781547,72.90253695,72.72781547,72.88506481
2017-09-13,72.7540237,72.87562985,72.69287118,72.83264836
2017-09-14,72.6905998,72.9200091,72.65792688,72.9200091
2017-09-15,72.78031928,73.00736984,72.78031928,72.98116162
2017-09-18,73.04222678,73.04222678,73.04222678,73.04222678
2017-09-19,73.19082739,73.22402447,73.06852236,73.16461917
2017-09-20,73.33060458,73.37428495,73.17772328,73.29566028
2017-09-21,73.11220273,73.21703561,73.02484199,73.02484199
2017-09-22,73.01610591,73.24324384,72.94621732,73.24324384
2017-09-25,73.05105021,73.16898721,72.7190794,72.97242554
2017-09-26,72.88506481,73.03357806,72.7540237,72.91127303
2017-09-27,72.85702201,73.26071598,72.85702201,73.26071598
2017-09-28,73.05978628,73.24761187,73.05978628,73.17335524
2017-09-29,73.22577169,73.5577425,73.22577169,73.46164568
2017-10-02,73.49658998,73.7488878,73.49658998,73.7488878
2017-10-03,73.74120005,73.88097723,73.74120005,73.83729686
2017-10-04,73.85476901,74.00328227,73.77614435,73.94212975
2017-10-05,73.94212975,74.20421197,73.94212975,74.20421197
2017-10-06,73.90718545,74.09937908,73.89844938,74.02075442
2017-10-09,74.11685123,74.17800375,73.84603294,73.91592153
2017-10-10,74.16926767,74.33525308,74.07317086,74.27410056
2017-10-11,74.37019737,74.51871063,74.37019737,74.51871063
2017-10-12,74.45755811,74.5274467,74.31778093,74.47503026
2017-10-13,74.70216818,74.71964033,74.5973353,74.65848781
2017-10-16,74.73711248,74.7633207,74.57112707,74.69343211
2017-10-17,74.54491885,74.70216818,74.48376633,74.70216818
2017-10-18,74.84194537,74.84194537,74.71003065,74.75458463
2017-10-19,74.53618278,74.77205677,74.3964056,74.77205677
2017-10-20,74.92057003,74.94677825,74.7633207,74.92057003
2017-10-23,75.06034721,75.06034721,74.62354352,74.85941751
2017-10-24,74.798265,74.89436181,74.73711248,74.84194537
2017-10-25,74.74584855,74.74584855,74.16926767,74.44882204
2017-10-26,74.69343211,74.69343211,74.56675904,74.57112707
2017-10-27,74.73711248,74.9293061,74.53618278,74.84194537
2017-10-30,74.85941751,74.94677825,74.73711248,74.798265
2017-10-31,74.9991947,75.09529151,74.88562574,75.02540292
2017-11-01,75.33990158,75.34863765,75.03413899,75.03413899
2017-11-02,74.9991947,75.22633262,74.9642504,75.2001244
2017-11-03,75.00793077,75.29622121,74.89436181,75.17391617
2017-11-06,75.28748514,75.48841484,75.2001244,75.46220661
2017-11-07,75.46220661,75.50178103,75.10402758,75.30495728
2017-11-08,75.38358195,75.54956735,75.37484588,75.54956735
2017-11-09,74.94677825,75.20886047,74.69343211,75.11276366
2017-11-10,75.06034721,75.13023581,74.94258494,75.09529151
2017-11-13,74.69343211,74.97735451,74.69343211,74.94677825
2017-11-14,74.71964033,74.89436181,74.68469603,74.78079285
2017-11-15,74.44008596,74.60607137,74.25662841,74.48376633
2017-11-16,74.85068144,75.16465594,74.85068144,75.11276366
2017-11-17,75.01666684,75.04278771,74.86815359,74.93804218
2017-11-20,75.00793077,75.09529151,74.71964033,75.05161114
2017-11-21,75.24380477,75.53209521,75.24380477,75.52335913
2017-11-22,75.5670395,75.69808061,75.38358195,75.55830343
2017-11-24,75.85532994,75.90774639,75.85532994,75.89901031
2017-11-27,75.7679692,75.90774639,75.63657865,75.68934454
2017-11-28,75.72428883,76.26592542,75.72428883,76.26592542
2017-11-29,76.32707793,76.33581401,75.86493962,76.08246786
2017-11-30,76.33144597,76.66778482,76.33144597,76.49306334
2017-12-01,76.27466149,76.51927156,75.77679264,76.36202223
2017-12-04,76.72020126,76.85124237,76.1698286,76.1698286
2017-12-05,76.23098112,76.33581401,75.96016283,75.99510712
2017-12-06,75.89901031,76.0038432,75.82117189,75.98043052
2017-12-07,75.89027424,76.2047729,75.85532994,76.16109253
2017-12-08,76.33581401,76.55421586,76.32707793,76.51053549
2017-12-11,76.63284052,76.70272911,76.47559119,76.63284052
2017-12-12,76.78135378,76.9735474,76.63284052,76.88618667
2017-12-13,76.98228348,77.14459973,76.87745059,76.87745059
2017-12-14,76.93860311,76.94725182,76.53674371,76.69399304
2017-12-15,76.8425063,77.043436,76.68525696,76.83377022
2017-12-18,77.4452954,77.62927711,77.38414288,77.56760043
2017-12-19,77.55481439,77.59008662,77.2638185,77.42254353
2017-12-20,77.68708525,77.68708525,77.21091016,77.31672684
2017-12-21,77.47545188,77.66063108,77.33436296,77.51954216
2017-12-22,77.51072411,77.68708525,77.39608936,77.68708525
2017-12-26,77.55481439,77.61654079,77.44017965,77.59890468
2017-12-27,77.6782672,77.80172,77.60772274,77.70472137
2017-12-28,77.93399086,77.93399086,77.71353943,77.84581029
2017-12-29,78.06626172,78.06626172,77.62535885,77.69590331
2018-01-02,77.96926309,78.28671315,77.78408388,78.28671315
2018-01-03,78.37489373,78.75407019,78.37489373,78.75407019
2018-01-04,79.10679249,79.27433558,78.96570357,79.10679249
2018-01-05,79.45069672,79.73287456,79.36251615,79.73287456
2018-01-08,79.61823981,79.79460096,79.5388773,79.5388773
2018-01-09,79.88278153,79.9700803,79.64742758,79.7240565
2018-01-10,79.60942176,79.8783725,79.4771509,79.5388773
2018-01-11,79.89159959,80.11196284,79.86056003,80.09441491
2018-01-12,80.41186497,80.84641884,80.33250246,80.81749561
2018-01-16,81.18785402,81.37744225,80.55295389,80.6764067
2018-01-17,81.01149287,81.40213282,80.75576921,81.16139985
2018-01-18,81.02031093,81.23194431,80.9850387,81.01149287
2018-01-19,81.43475963,81.44357768,81.2365297,81.38185128
2018-01-22,81.51412214,82.00793335,81.39066934,81.94620695
2018-01-23,82.11375004,82.27238689,82.10211021,82.21074867
2018-01-24,82.6604696,82.70455989,82.01675141,82.36947371
2018-01-25,82.73101406,82.73101406,82.0608417,82.25483896
2018-01-26,82.5987432,83.09255441,82.59786139,82.95146549
2018-01-29,82.68692377,82.81037657,82.36065565,82.42238205
2018-01-30,81.98147918,82.11366186,81.5229402,81.5846666
2018-01-31,82.05202364,82.05202364,81.32982474,81.72575552
2018-02-01,81.32894294,81.86684444,81.14817276,81.71693746
2018-02-02,81.10849151,81.17021791,79.99741628,79.99741628
2018-02-05,79.16851889,79.6623301,76.57601003,76.62891837
2018-02-06,76.0028363,78.31316733,75.59720566,78.05744366
2018-02-07,77.90753669,78.63388007,77.51072411,77.51072411
2018-02-08,77.70472137,77.70472137,74.97994165,74.97994165
2018-02-09,75.8793835,76.23210579,73.6969143,75.96756407
2018-02-12,76.35555859,77.23665888,76.19692174,76.83173369
2018-02-13,76.5407378,77.03454901,76.47019334,76.96400455
2018-02-14,76.53191974,78.21616869,76.53191974,78.19853258
2018-02-15,78.65707156,78.91279523,78.2070861,78.91279523
2018-02-16,78.90397717,79.27433558,78.90397717,79.08915637
2018-02-20,78.6482535,79.03624803,78.30434927,78.48071041
2018-02-21,78.5865271,79.19232764,77.99571726,77.99571726
2018-02-22,78.5248007,78.877523,78.07507978,78.20735064
2018-02-23,78.5865271,79.30960781,78.51598264,79.30960781
2018-02-26,79.56533147,80.05914268,79.42424255,80.05914268
2018-02-27,79.90923571,79.94891696,78.89515911,78.89515911
2018-02-28,79.30960781,79.30960781,78.16326035,78.16326035
2018-03-01,77.95162697,78.37489373,76.62010031,77.13154764
2018-03-02,76.63773643,77.4753637,76.40846694,77.37845325
2018-03-05,77.00809484,78.43653195,76.98164067,78.18089647
2018-03-06,78.91279523,78.91279523,78.1062957,78.39446981
2018-03-07,77.85462834,78.50716459,77.75771789,78.41898401
2018-03-08,78.68352573,78.70116185,78.29553121,78.70116185
2018-03-09,79.07152026,79.67996621,78.88634105,79.60942176
2018-03-12,79.83869125,79.89159959,79.5697405,79.68878427
2018-03-13,79.85632736,80.06796074,79.04206795,79.13324666
2018-03-14,79.60942176,79.60942176,78.83784174,79.00979386
2018-03-15,79.11561054,79.29197169,78.78934242,78.93043134
2018-03-16,78.97452163,79.14206472,78.89515911,78.9392494
2018-03-19,78.69234379,78.77161813,77.68708525,78.06626172
2018-03-20,78.05744366,78.39244166,77.97808115,78.11917006
2018-03-21,78.08389783,78.54243682,78.01335338,78.11917006
2018-03-22,77.46654564,77.46654564,76.32910442,76.38201277
2018-03-23,76.48782945,76.53862146,75.09457639,75.16512085
2018-03-26,76.24092385,76.89346009,75.55311537,76.85818786
2018-03-27,77.15800181,77.24618239,75.50902509,75.69420429
2018-03-28,75.93229184,76.43492111,75.49138897,75.80002098
2018-03-29,76.24974191,77.10156625,76.24974191,76.83173369
2018-04-02,76.59364614,76.59364614,74.73303604,75.20921114
2018-04-03,75.66775012,76.08219882,75.12103056,75.9411099
2018-04-04,74.88294302,76.65537254,74.88294302,76.51428363
2018-04-05,76.95518649,77.38656586,76.95518649,77.13154764
2018-04-06,76.62671386,76.62671386,75.62365983,75.97638213
2018-04-09,76.47019334,77.30790879,76.32910442,76.40846694
2018-04-10,77.21091016,77.71353943,77.12272958,77.51072411
2018-04-11,77.14918376,77.58126857,77.09627541,77.13154764
2018-04-12,77.62535885,77.72235748,77.45093768,77.62535885
2018-04-13,78.02217143,78.02217143,77.2356889,77.42254353
2018-04-16,77.93399086,78.08389783,77.70472137,77.9251728
2018-04-17,78.34843955,78.67470768,78.21616869,78.6482535
2018-04-18,78.74525214,78.88634105,78.6482535,78.82461465
2018-04-19,78.6482535,78.67470768,78.09280407,78.37498191
2018-04-20,78.29553121,78.29553121,77.6782672,77.83699223
2018-04-23,77.9868992,77.9868992,77.49308799,77.78408388
2018-04-24,78.03980755,78.2778951,76.69064477,77.0786393
2018-04-25,76.85818786,77.16629079,76.48782945,77.02573095
2018-04-26,77.43136159,77.85577469,77.43136159,77.78408388
2018-04-27,77.87226446,77.87226446,77.68708525,77.77526583
2018-04-30,77.91635474,78.01361792,77.40085111,77.40085111
2018-05-01,77.15800181,77.42254353,76.96400455,77.42254353
2018-05-02,77.36963519,77.66944914,77.00809484,77.00809484
2018-05-03,76.94636844,77.13154764,76.31146831,77.11391153
2018-05-04,76.5407378,77.87217628,76.5407378,77.66944914
2018-05-07,77.95162697,78.12798812,77.80172,77.93399086
2018-05-08,77.78408388,77.9251728,77.55481439,77.8634464
2018-05-09,77.97808115,78.55125487,77.95162697,78.41898401
2018-05-10,78.75407019,79.08280737,78.71377167,79.0627022
2018-05-11,79.26551752,79.40660644,79.16851889,79.23906335
2018-05-14,79.64469399,79.69760233,79.30202428,79.43306061
2018-05-15,78.93043134,78.97452163,78.63052921,78.82461465
2018-05-16,78.79816048,79.23024529,78.79816048,79.07152026
2018-05-17,78.99215774,79.39778838,78.88634105,79.15088277
2018-05-18,79.04506609,79.04506609,78.84225077,78.89515911
2018-05-21,79.39778838,79.52997106,79.2478814,79.36251615
2018-05-22,79.54769535,79.63587593,79.22142723,79.27433558
2018-05-23,78.69234379,78.98333968,78.53361876,78.97452163
2018-05-24,78.90397717,78.99215774,78.37489373,78.82461465
2018-05-25,78.56889099,78.60416322,78.43662013,78.59534516
2018-05-29,77.76644777,78.01335338,77.14283475,77.48426993
2018-05-30,77.95162697,78.54243682,77.89871863,78.47189236
2018-05-31,78.36607567,78.36607567,77.79466555,77.91635474
2018-06-01,78.55125487,78.81579659,78.38371178,78.76288825
2018-06-04,79.11561054,79.23024529,78.97452163,79.04506609
2018-06-05,79.10679249,79.15088277,78.91279523,79.03624803
2018-06-06,79.26551752,79.75932873,79.20379112,79.75932873
2018-06-07,79.87396348,79.89159959,79.43306061,79.50360507
2018-06-08,79.52124118,79.79460096,79.34488004,79.79460096
2018-06-11,79.91805376,80.19141354,79.86514542,80.00623434
2018-06-12,80.09441491,80.09441491,79.83869125,79.97096211
2018-06-13,80.09441491,80.16495937,79.75932873,79.75932873
2018-06-14,79.89159959,80.02298865,79.79460096,79.82987319
2018-06-15,79.61823981,79.77696485,79.2478814,79.68878427
2018-06-18,79.04506609,79.37133421,79.04506609,79.32724392
2018-06-19,78.48224833,78.94621797,78.29576823,78.94621797
2018-06-20,79.20497026,79.20497026,78.85699304,79.05328788
2018-06-21,79.0265204,79.0265204,78.47332584,78.58931825
2018-06-22,79.15143531,79.22281525,78.83022556,78.96406295
2018-06-25,78.55362828,78.55362828,77.4027159,77.92682314
2018-06-26,78.06289116,78.14310437,77.83117402,78.03612368
2018-06-27,78.1431936,78.54461656,77.35801421,77.35801421
2018-06-28,77.45616164,77.89336379,77.13495189,77.77737139
2018-06-29,78.1342711,78.5179383,78.03612368,78.03612368
2018-07-02,77.26878929,77.8844413,77.26878929,77.8844413
2018-07-03,78.24134102,78.32164346,77.58107654,77.58107654
2018-07-05,78.30379847,78.3930234,77.93886851,78.3930234
2018-07-06,78.43763587,79.02205916,78.43763587,79.00867542
2018-07-09,79.42803259,79.60246733,79.4101876,79.55294749
2018-07-10,79.76708732,79.90984721,79.67027827,79.85631225
2018-07-11,79.23173774,79.32988517,78.86591553,78.86591553
2018-07-12,79.4191101,79.61808169,79.30311769,79.58863746
2018-07-13,79.62432743,79.83846727,79.51725752,79.75816483
2018-07-16,79.61540494,79.74924234,79.50833503,79.57971497
2018-07-17,79.33880766,79.9849746,79.33880766,79.82954477
2018-07-18,79.9187697,80.09721956,79.74924234,80.0526071
2018-07-19,79.72247486,79.87638786,79.5708817,79.67786239
2018-07-20,79.7938548,79.97319691,79.7938548,79.90984721
2018-07-23,79.80277729,79.94553718,79.80277729,79.9187697
2018-07-24,80.34704937,80.59678995,80.09579196,80.27566942
2018-07-25,80.31135939,80.90024393,80.14468723,80.90024393
2018-07-26,80.79317402,80.91808892,80.6861041,80.76640654
2018-07-27,80.97162388,80.97162388,80.26674693,80.36489435
2018-07-30,80.53442172,80.73071656,80.07045208,80.12398704
2018-07-31,80.49873175,80.54334421,80.18644449,80.38273934
2018-08-01,80.40058432,80.45411928,80.10614206,80.15075452
2018-08-02,79.64217242,80.34704937,79.64217242,80.32920438
2018-08-03,80.15075452,80.57011169,80.15075452,80.55226671
2018-08-06,80.40950682,80.73963906,80.29351441,80.63256914
2018-08-07,81.07869379,81.1946862,80.93682615,80.96270138
2018-08-08,80.91808892,81.11438376,80.84492448,81.00731385
2018-08-09,80.89132144,81.08761628,80.71287158,80.71287158
2018-08-10,79.96338217,80.07491333,79.67786239,79.80277729
2018-08-13,79.61540494,79.82062228,79.544025,79.544025
2018-08-14,79.81169979,79.9276922,79.58863746,79.82954477
2018-08-15,79.25850522,79.25850522,78.74100063,79.10682284
2018-08-16,79.60648245,79.85631225,79.52626924,79.66001741
2018-08-17,79.62432743,80.17850347,79.58863746,79.94553718
2018-08-20,80.3024369,80.34258812,80.17841425,80.28459192
2018-08-21,80.63256914,80.85536379,80.62891092,80.65933662
2018-08-22,80.6861041,80.86455396,80.63256914,80.76640654
2018-08-23,80.54334421,80.6811075,80.39558773,80.54245196
2018-08-24,80.62364665,80.97162388,80.62364665,80.9359339
2018-08-27,81.40882603,81.78357074,81.38205855,81.7032683
2018-08-28,81.97986558,81.97986558,81.64081085,81.64081085
2018-08-29,81.73895827,82.2118504,81.72111329,82.0869355
2018-08-30,81.87279567,81.94417561,81.53374093,81.69434581
2018-08-31,81.42667102,81.59227249,81.14115124,81.30175612
2018-09-04,81.07869379,81.13222875,80.75748404,80.98054637
2018-09-05,80.75748404,80.81994149,80.47196427,80.57903418
2018-09-06,80.48088676,80.77532903,80.10614206,80.41842931
2018-09-07,79.98122715,80.33812687,79.85631225,80.01995077
2018-09-10,80.47196427,80.55226671,80.23105696,80.23105696
2018-09-11,80.10614206,80.54753778,80.10614206,80.52549923
2018-09-12,80.60580166,80.86455396,80.29440666,80.71287158
2018-09-13,81.16791872,81.24822116,81.04300382,81.23929867
2018-09-14,81.33744609,81.36421357,81.06174105,81.29283362
2018-09-17,81.41774852,81.4534385,80.99839135,81.00731385
2018-09-18,81.15899623,81.65865584,81.15899623,81.46236099
2018-09-19,81.64081085,81.81926071,81.62296586,81.77464824
2018-09-20,82.18508292,82.60444009,82.18508292,82.54198264
2018-09-21,82.67582004,82.68474253,82.41706774,82.53306015
2018-09-24,82.27430785,82.36353278,82.07810223,82.20292791
2018-09-25,82.53306015,82.66689754,82.12262547,82.12262547
2018-09-26,82.30999782,82.83642491,81.98878808,82.15831544
2018-09-27,82.14939295,82.45266849,82.12262547,82.12262547
2018-09-28,81.87279567,82.16723794,81.73895827,81.90848564
2018-10-01,82.3456878,82.47952519,81.98878808,82.20292791
2018-10-02,81.85495068,82.09576877,81.78357074,81.84602819
2018-10-03,82.23861788,82.36353278,81.82987848,81.98878808
2018-10-04,81.66757833,81.66757833,80.67718161,81.07869379
2018-10-05,81.02515883,81.18576371,80.29351441,80.75748404
2018-10-08,80.15075452,80.48035141,79.82954477,80.40950682
2018-10-09,80.18644449,80.65041413,80.10614206,80.26674693
2018-10-10,80.19536699,80.19536699,77.93797626,78.19672856
2018-10-11,77.73275892,78.1431936,76.27839256,76.62636979
2018-10-12,77.70599144,77.70599144,76.51929987,77.48292912
2018-10-15,77.36693671,77.70599144,77.0011145,77.02788197
2018-10-16,77.87551881,78.70531066,77.82198385,78.58039575
2018-10-17,78.58039575,78.59824074,77.95412597,78.38410091
2018-10-18,78.1342711,78.28595349,77.09926192,77.26878929
2018-10-19,77.60784402,78.12356411,77.33097906,77.3758592
2018-10-22,77.45616164,77.54538657,76.91188957,77.18848685
2018-10-23,76.06425273,76.91188957,75.37722077,76.54606735
2018-10-24,76.51037738,76.51037738,74.27975413,74.30652161
2018-10-25,74.94894111,75.93041534,74.77049125,75.50213567
2018-10-26,74.3243666,75.26122836,73.71763708,74.45820399
2018-10-29,75.70735301,75.74304298,73.96586083,74.11022677
2018-10-30,74.1905292,75.26479736,74.1905292,75.17200343
2018-10-31,75.87688038,76.40303979,75.87688038,76.06425273
2018-11-01,76.34977251,76.92081206,76.16240015,76.79589716
2018-11-02,77.25986679,77.46508413,76.14455517,76.53714486
2018-11-05,76.81374214,77.05464945,76.52822237,76.88512209
2018-11-06,76.87619959,77.27771178,76.82266464,77.24202181
2018-11-07,78.02720119,78.64285321,77.71491393,78.64285321
2018-11-08,78.30379847,78.58931825,78.10750363,78.1431936
2018-11-09,77.85767382,77.85767382,77.20633183,77.69706895
2018-11-12,77.34016923,77.34016923,76.1088652,76.1088652
2018-11-13,76.41222996,76.90296707,76.11136349,76.30516004
2018-11-14,76.85835461,76.85835461,75.67166304,75.8501129
2018-11-15,75.51998066,76.63520306,75.14523595,76.43007494
2018-11-16,76.03748525,76.92973455,75.9750278,76.6085248
2018-11-19,76.58175732,76.58175732,75.4664457,75.62705058
2018-11-20,74.49148489,74.87756116,74.04776932,74.27083164
2018-11-21,74.81510371,75.3146741,74.69018881,74.90432864
2018-11-23,74.1994517,74.70357255,74.1994517,74.30652161
2018-11-26,75.19877091,75.54228689,75.02032105,75.2166159
2018-11-27,75.03816604,75.4664457,74.91325114,75.3415308
2018-11-28,75.68058553,77.0011145,75.47536819,77.0011145
2018-11-29,76.71559472,77.08132771,76.33201675,76.76912968
2018-11-30,76.6085248,77.01003699,76.51929987,76.92081206
2018-12-03,78.12534861,78.20565105,77.49185161,77.93797626
2018-12-04,77.60784402,77.75060391,75.56459312,75.56459312
2018-12-06,74.46712649,75.42183324,73.56595469,75.32368581
2018-12-07,75.35937579,75.70735301,73.90947067,73.97638937
2018-12-10,73.76224954,74.0656143,72.57555797,73.82470699
2018-12-11,74.59204139,74.6991113,73.36073736,73.74440455
2018-12-12,74.77049125,75.27907335,74.48497147,74.53850643
2018-12-13,74.72587878,74.87756116,74.22621918,74.38682405
2018-12-14,73.64625713,73.91393192,73.09306257,73.11090755
2018-12-17,73.03952761,73.2037907,71.62977372,71.96882845
2018-12-18,72.53667115,72.62667819,71.52859233,71.99662893
2018-12-19,72.15864159,72.96870493,70.70052759,71.18656559
2018-12-20,70.79953533,71.22256841,69.62044315,70.15148467
2018-12-21,70.02547482,70.77253322,68.7653763,68.87338474
2018-12-24,68.63036574,68.86438404,67.48727637,67.54128059
2018-12-26,67.92831085,69.92646707,67.25325807,69.7554537
2018-12-27,69.09840233,70.61952126,68.5223573,70.44850789
2018-12-28,71.00741615,71.46680702,70.28680302,70.55703294
2018-12-31,71.25062308,71.25062308,70.61107893,71.0434468
2019-01-02,70.15168806,71.25062308,70.05260375,71.05245447
2019-01-03,70.73718622,70.73718622,69.72832784,69.86344281
2019-01-04,70.92634717,72.11535883,70.86329352,71.98925154
2019-01-07,72.15138949,72.73949988,71.89016723,72.32253511
2019-01-08,73.16024787,73.20519611,72.42161941,73.03414057
2019-01-09,73.5295621,73.80204394,73.21879769,73.53856976
2019-01-10,73.23230918,73.880861,73.12421721,73.87185333
2019-01-11,73.4034548,73.73457653,73.36940583,73.65566939
2019-01-14,73.10620188,73.56009808,73.10620188,73.38543947
2019-01-15,73.43047779,74.06101428,73.43047779,74.05200662
2019-01-16,74.00696829,74.39429785,74.00696829,74.12406793
2019-01-17,73.91689165,74.81765806,73.90788399,74.65552011
2019-01-18,75.29506426,75.61033251,75.02753664,75.47521754
2019-01-22,74.99781135,74.99781135,74.08803727,74.43933617
2019-01-23,74.83567339,75.01582667,74.16910625,74.61048179
2019-01-24,74.62849712,74.85368872,74.42132084,74.75460442
2019-01-25,75.34010258,76.4390376,75.2860566,75.52025586
2019-01-28,74.89872704,75.0446512,74.56544347,74.96178069
2019-01-29,75.25002594,75.35811791,74.90773471,75.08788799
2019-01-30,75.54727886,76.28590731,75.20498762,76.01567739
2019-01-31,76.07873104,76.61018322,76.00666973,76.52911424
2019-02-01,76.48407592,76.73629052,76.33094563,76.50209125
2019-02-04,76.53812191,76.96148212,76.33094563,76.96148212
2019-02-05,77.24071971,77.44348223,77.12362008,77.38484233
2019-02-06,77.22270438,77.40285766,77.05164884,77.17766606
2019-02-07,76.71827519,77.01552811,75.96163141,76.38499162
2019-02-08,76.01567739,76.31293031,75.69149156,76.31293031
2019-02-11,76.36697629,76.52010658,76.19583067,76.30392264
2019-02-12,76.92545147,77.35781934,76.92545147,77.27675037
2019-02-13,77.46591131,77.71812591,77.36691708,77.45690365
2019-02-14,77.2677427,77.62804927,77.07858176,77.34881168
2019-02-15,77.97934817,78.31263174,77.96133284,78.31263174
2019-02-19,78.0964478,78.69095363,78.0964478,78.50179268
2019-02-20,78.61889232,78.86209925,78.51080035,78.72698429
2019-02-21,78.66393064,78.66393064,78.27660108,78.49278502
2019-02-22,78.64591531,78.99721421,78.64591531,78.93416056
2019-02-25,79.44759741,79.48362807,79.07828319,79.10530618
2019-02-26,79.07828319,79.5016434,78.99721421,79.19538282
2019-02-27,79.0242372,79.17736749,78.83921978,78.99721421
2019-02-28,78.90713757,79.10530618,78.80805326,78.80805326
2019-03-01,79.38454377,79.40255909,78.94316823,79.33049778
2019-03-04,79.57370471,79.61874303,78.50179268,78.98820655
2019-03-05,78.98820655,79.12782534,78.85309158,78.98820655
2019-03-06,79.08729085,79.08729085,78.55583867,78.573854
2019-03-07,78.46576203,78.47476969,77.63705693,77.79919488
2019-03-08,77.21369672,77.69110291,77.13262774,77.68209525
2019-03-11,77.93430985,78.69996129,77.93430985,78.69996129
2019-03-12,78.69095363,78.97667674,78.69095363,78.85309158
2019-03-13,79.18637516,79.58271238,79.13980553,79.48362807
2019-03-14,79.39355143,79.49263574,79.2629403,79.33950545
2019-03-15,79.69981201,80.06912624,79.61874303,79.94301894
2019-03-18,80.03309558,80.26729485,79.96103427,80.25828718
2019-03-19,80.58256309,80.72668572,80.0781339,80.28531018
2019-03-20,80.15920288,80.59148068,79.80790398,80.12317222
2019-03-21,79.81691164,80.7159666,79.81691164,80.69065506
2019-03-22,80.13217989,80.25828718,79.10530618,79.11431384
2019-03-25,79.11431384,79.35301694,78.75400728,79.12332151
2019-03-26,79.63675836,79.95653044,79.34851311,79.65477369
2019-03-27,79.69080435,80.15920288,78.96118355,79.3755361
2019-03-28,79.42057442,79.69287611,79.20439048,79.54668172
2019-03-29,79.99706493,80.00607259,79.70881967,79.9790496
2019-04-01,80.75370871,80.96989265,80.56454776,80.906839
2019-04-02,80.91584666,81.01493097,80.69065506,80.93386199
2019-04-03,81.42928352,81.58241381,81.10500761,81.24913024
2019-04-04,81.27615323,81.37523753,81.09987324,81.32119155
2019-04-05,81.49233717,81.64546746,81.42027585,81.62745213
2019-04-08,81.62745213,81.71752877,81.39325286,81.71752877
2019-04-09,81.39325286,81.46999816,81.17706892,81.24913024
2019-04-10,81.43829118,81.55539082,81.26714556,81.53737549
2019-04-11,81.65447512,81.65447512,81.36172604,81.50134483
2019-04-12,82.05982001,82.09585066,81.88867439,82.03279701
2019-04-15,82.04180468,82.10485833,81.8616514,82.01478169
2019-04-16,82.36608059,82.36608059,82.03279701,82.07783533
2019-04-17,82.50119555,82.50119555,81.97875103,82.03279701
2019-04-18,82.2129503,82.2129503,81.84363607,82.15890431
2019-04-22,81.91569738,82.16791198,81.91569738,82.16791198
2019-04-23,82.16791198,82.70837182,82.11386599,82.60027985
2019-04-24,82.51921088,82.51921088,82.23096562,82.3120346
2019-04-25,82.19493497,82.36608059,81.91569738,82.24898095
2019-04-26,82.23096562,82.62730284,82.11386599,82.62730284
2019-04-29,82.65432584,82.8885251,82.60027985,82.76241781
2019-04-30,82.61829518,82.96058642,82.48318022,82.95157875
2019-05-01,83.07768605,83.09570138,82.24898095,82.24898095
2019-05-02,82.33004993,82.46516489,81.78427556,82.11386599
2019-05-03,82.47417255,82.98760941,82.47417255,82.98760941
2019-05-06,81.39325286,82.47489317,81.28516089,82.45615723
2019-05-07,81.69951344,81.77157475,80.58256309,81.05996929
2019-05-08,80.89783134,81.3842452,80.84378535,81.0329463
2019-05-09,80.2042412,80.79874703,79.89446763,80.67263973
2019-05-10,80.44744813,81.104287,79.79889632,81.02348825
2019-05-13,79.60973537,79.75385799,79.07828319,79.20439048
2019-05-14,79.60973537,80.31233317,79.56469705,79.90698828
2019-05-15,79.45660508,80.50870025,79.43858975,80.39340215
2019-05-16,80.51950944,81.41126819,80.50149412,81.0329463
2019-05-17,80.39340215,81.10500761,80.39340215,80.62192658
2019-05-20,80.03309558,80.39340215,79.87095763,80.05111091
2019-05-21,80.56454776,80.76271637,80.4294328,80.69966273
2019-05-22,80.44744813,80.67263973,80.37538682,80.46546346
2019-05-23,79.74485033,79.74485033,79.23690815,79.52866639
2019-05-24,80.17721821,80.21324886,79.71728688,79.96103427
2019-05-28,80.12317222,80.23126419,79.2764518,79.2764518
2019-05-29,78.78103027,78.87110691,78.33965473,78.68194597
2019-05-30,78.9251529,79.09629851,78.59186932,78.93416056
2019-05-31,78.06942481,78.28560875,77.82621788,78.15049378
2019-06-03,78.14148612,78.41171604,77.7451489,77.95232517
2019-06-04,78.70896896,79.51065106,78.70896896,79.51065106
2019-06-05,79.87996529,79.91599595,79.44759741,79.91599595
2019-06-06,80.00607259,80.42916257,79.96103427,80.25828718
2019-06-07,80.85279302,81.55539082,80.85279302,81.26714556
2019-06-10,81.64546746,81.93389286,81.56439848,81.68149811
2019-06-11,82.11386599,82.23240685,81.5103525,81.56439848
2019-06-12,81.51936016,81.51936016,81.21309958,81.39325286
2019-06-13,81.5103525,81.94272037,81.27615323,81.52836782
2019-06-14,81.24012257,81.35722221,81.17706892,81.29416856
2019-06-17,81.42540952,81.53497499,81.24280039,81.2610613
2019-06-18,81.94584553,82.4114988,81.77236686,82.19236785
2019-06-19,82.28367241,82.64889066,82.11019374,82.5575861
2019-06-20,83.52541447,83.52541447,82.995848,83.33367489
2019-06-21,83.2058485,83.40671854,83.06432643,83.08715257
2019-06-24,83.21497896,83.29715306,83.08715257,83.11454394
2019-06-25,83.23323987,83.34280535,82.3795422,82.42975971
2019-06-26,82.80410842,82.80410842,82.35671606,82.42975971
2019-06-27,82.57584701,82.79497797,82.56132959,82.65802112
2019-06-28,83.04150029,83.10294826,82.90910867,83.10294826
2019-07-01,84.09150276,84.09150276,83.45237082,83.68063223
2019-07-02,83.8541109,84.04585048,83.65324086,83.94541546
2019-07-03,84.20106824,84.58454741,84.20106824,84.52976467
2019-07-05,84.17367687,84.31976417,83.77193679,84.31976417
2019-07-08,83.99106774,84.24672052,83.80845862,83.90889364
2019-07-09,83.3519358,83.88150227,83.3519358,83.81758907
2019-07-10,84.13715505,84.52063421,84.01845911,84.22845961
2019-07-11,84.356286,84.59367786,84.15541596,84.42019919
2019-07-12,84.41106874,84.70324334,84.36541645,84.66672151
2019-07-15,84.74889562,84.74889562,84.53889512,84.62106923
2019-07-16,84.65759106,84.68498243,84.36541645,84.36541645
2019-07-17,84.52976467,84.52976467,84.0321548,84.0641114
2019-07-18,83.89976318,84.36541645,83.72171928,84.21932915
2019-07-19,84.55715604,84.55715604,83.88150227,83.88150227
2019-07-22,84.08237231,84.18280733,83.93628501,84.12802459
2019-07-23,84.52976467,84.66672151,84.17367687,84.66672151
2019-07-24,84.45672102,84.98628748,84.45672102,84.95889612
2019-07-25,84.75802608,84.82193927,84.24964227,84.31976417
2019-07-26,84.6484606,85.05020068,84.60280832,84.95889612
2019-07-29,84.95889612,85.03193977,84.65969106,84.86302632
2019-07-30,84.2101987,84.51150376,84.1462855,84.31976417
2019-07-31,84.48411239,84.49324284,83.0597612,83.87237181
2019-08-01,83.73541497,84.49324284,82.81323888,82.94106527
2019-08-02,82.81323888,82.82236933,82.00062827,82.28367241
2019-08-05,81.27019176,81.27019176,79.70888373,80.174537
2019-08-06,80.66758164,81.16062628,80.16540654,80.87758214
2019-08-07,80.28410248,81.44558783,79.60844871,81.3249745
2019-08-08,81.59888819,82.51193382,81.39801815,82.46628154
2019-08-09,82.24715059,82.31562901,81.45371393,82.01888918
2019-08-12,81.48932271,81.8271496,80.92323442,80.97801716
2019-08-13,80.97801716,82.51193382,80.80453849,82.09193283
2019-08-14,80.51236388,80.72236438,79.64497053,79.80018829
2019-08-15,79.92801468,79.98279742,79.4221874,79.98279742
2019-08-16,80.45758115,81.08758263,80.39111142,80.80453849
2019-08-19,81.68106229,81.85454096,81.57149682,81.62627956
2019-08-20,81.53497499,81.58975773,81.17989155,81.17989155
2019-08-21,81.9732369,81.9732369,81.67193184,81.9093237
2019-08-22,81.94584553,82.09878067,81.44823566,81.66280138
2019-08-23,81.4710618,81.81801914,79.69975327,79.90975377
2019-08-26,80.6127989,80.81366894,80.34628088,80.74975575
2019-08-27,81.08758263,81.23366993,80.35714613,80.56714662
2019-08-28,80.24758065,80.92496921,80.24758065,80.87758214
2019-08-29,81.81801914,81.92046286,81.38888769,81.8271496
2019-08-30,82.2014983,82.22888967,81.72671458,82.02801963
2019-09-03,81.44367043,81.60801864,81.22453948,81.52584454
2019-09-04,82.2014983,82.52827734,82.2014983,82.49367291
2019-09-05,83.26976169,83.75367588,83.26976169,83.42497945
2019-09-06,83.60758858,83.80845862,83.51975359,83.5619363
2019-09-09,83.86324136,83.86324136,83.47072304,83.58932767
2019-09-10,83.33367489,83.79932816,83.17845713,83.79932816
2019-09-11,83.7080236,84.09150276,83.68063223,84.07324185
2019-09-12,84.41106874,84.69895202,84.26498143,84.52063421
2019-09-13,84.73063471,84.81280881,84.5023733,84.5023733
2019-09-16,84.18280733,84.38367737,84.10063322,84.26498143
2019-09-17,84.15541596,84.55715604,84.12802459,84.54802558
2019-09-18,84.22845961,84.63019969,83.89976318,84.60280832
2019-09-19,84.71237379,85.05020068,84.63019969,84.70324334
2019-09-20,84.65759106,84.94976566,84.33802508,84.34715554
2019-09-23,84.10976368,84.42932965,84.0641114,84.20106824
2019-09-24,84.5023733,84.69265201,83.6240234,83.69889314
2019-09-25,83.67150177,84.05498094,83.16019622,83.93628501
2019-09-26,84.1462855,84.1462855,83.72628451,83.98193729
2019-09-27,84.0641114,84.10063322,83.26976169,83.61671904
2019-09-30,83.68976269,84.01736346,83.60758858,83.79932816
2019-10-01,83.98193729,84.09150276,82.87715207,82.92280435
2019-10-02,82.28367241,82.28367241,81.02430857,81.27932222
2019-10-03,81.42540952,82.08280237,80.86845168,82.08280237
2019-10-04,82.36584652,83.03236983,82.23966361,82.89541299
2019-10-07,82.81323888,83.13737008,82.67418203,82.8497607
2019-10-08,82.03715009,82.15584602,81.64454047,81.66280138
2019-10-09,82.23802013,82.49367291,82.03715009,82.15584602
2019-10-10,82.17410694,83.10532218,82.02811094,82.87715207
2019-10-11,83.78106725,84.44759056,83.48889265,83.95454592
2019-10-14,83.61671904,84.04302004,83.61671904,83.80845862
2019-10-15,84.17367687,84.86759155,84.00932866,84.6484606
2019-10-16,84.61193877,84.83106973,84.42019919,84.46585147
2019-10-17,85.07759205,85.07759205,84.69529984,84.96802657
2019-10-18,84.73976516,84.77628699,84.29684673,84.59367786
2019-10-21,85.09585296,85.13237479,84.91324383,85.09594426
2019-10-22,85.36976665,85.36976665,84.72150425,84.72150425
2019-10-23,84.86759155,85.20541844,84.6484606,85.13237479
2019-10-24,85.36976665,85.43367984,85.05933113,85.36063619
2019-10-25,85.18715752,85.63454988,85.10498342,85.5689019
2019-10-28,85.92672449,86.10458577,85.89020266,85.91759403
2019-10-29,85.86281129,86.18237726,85.85368084,86.01802905
2019-10-30,86.14585544,86.33759502,85.71672399,86.33759502
2019-10-31,86.26455137,86.28281228,85.5888976,85.93585494
2019-11-01,86.61150871,86.83977012,86.47455187,86.83977012
2019-11-04,87.44238024,87.44238024,87.10455335,87.12281426
2019-11-05,87.14107518,87.34194522,86.95846605,87.15020563
2019-11-06,87.15020563,87.22233624,86.91281377,87.177597
2019-11-07,87.48803252,87.70716347,87.30542339,87.34194522
2019-11-08,87.31455385,87.47890206,87.12737949,87.43324978
2019-11-11,87.28716248,87.49716297,87.06803153,87.37846704
2019-11-12,87.50629343,87.70716347,87.18672746,87.51542389
2019-11-13,87.16846655,87.50629343,86.90368331,87.4697716
2019-11-14,87.28716248,87.37691486,87.17011003,87.35107567
2019-11-15,87.83498986,88.09064263,87.6797721,88.09064263
2019-11-18,87.98107716,88.1819472,87.78020712,88.00846853
2019-11-19,88.33716496,88.33716496,87.8897726,88.08151218
2019-11-20,87.8258594,87.8897726,87.26579721,87.66151119
2019-11-21,87.70716347,87.70716347,87.27803202,87.44238024
2019-11-22,87.70716347,87.75619402,87.48803252,87.62498936
2019-11-25,87.90803351,88.39194769,87.90803351,88.31890404
2019-11-26,88.43759998,88.53803499,88.24586039,88.39194769
2019-11-27,88.66586138,88.88499234,88.57273073,88.88499234
2019-11-29,88.51064363,88.65673093,88.34629541,88.34629541
2019-12-02,88.45586089,88.54716545,87.4836499,87.78933758
2019-12-03,87.00411833,87.29629293,86.64803054,87.29629293
2019-12-04,87.64598941,87.97614671,87.56107617,87.8897726
2019-12-05,88.07238172,88.07238172,87.66151119,87.99933807
2019-12-06,88.64760047,88.81194868,88.56542636,88.65673093
2019-12-09,88.59281773,88.77542686,88.33716496,88.33716496
2019-12-10,88.42846952,88.51977408,88.06325127,88.30064313
2019-12-11,88.35542587,88.72977458,88.35542587,88.70238321
2019-12-12,88.58368728,89.47564156,88.56542636,89.25021059
2019-12-13,89.54238519,89.93499481,89.26399758,89.65195067
2019-12-16,90.34797972,90.50465784,90.2373834,90.3756288
2019-12-17,90.329547,90.329547,90.09913799,90.10835435
2019-12-18,90.25581612,90.2834652,90.05305619,90.05305619
2019-12-19,90.05305619,90.40327788,90.05305619,90.35719608
2019-12-20,90.75349957,90.91017769,90.57838873,90.79036501
2019-12-23,90.94704314,90.94704314,90.65211961,90.76271593
2019-12-24,90.99312494,91.02999038,90.55073964,90.80879773
2019-12-26,91.02999038,91.14980306,90.90096133,91.14980306
2019-12-27,91.50924111,91.52767383,91.15441124,91.30648119
2019-12-30,91.31569755,91.31569755,90.62447053,90.62447053
2019-12-31,90.69820141,91.05763946,90.50926602,91.03920674
2020-01-02,91.31569755,91.7672992,91.31569755,91.73043376
2020-01-03,90.67976869,91.37606471,90.67976869,90.9562595
2020-01-06,90.61525417,91.47237567,90.61525417,91.47237567
2020-01-07,91.26039938,91.38942843,91.0484231,91.2327503
2020-01-08,91.26039938,91.8554076,91.1866685,91.49080839
2020-01-09,91.95162641,92.06222273,91.73965012,92.01614093
2020-01-10,92.12673725,92.12673725,91.57375563,91.64748652
2020-01-13,91.9055446,92.23733357,91.74213854,92.23733357
2020-01-14,92.08065545,92.43087714,91.98849185,92.05300637
2020-01-15,92.14516997,92.4400935,92.05300637,92.18203541
2020-01-16,92.67971887,92.91934423,92.49161295,92.91934423
2020-01-17,93.18661868,93.23270048,92.88247879,93.23270048
2020-01-21,92.92856059,93.02994056,92.67971887,92.74423339
2020-01-22,93.08523872,93.17740232,92.79031519,92.91012787
2020-01-23,92.5783389,92.86542853,92.30535031,92.83639699
2020-01-24,93.14975324,93.14975324,91.86867916,92.21890085
2020-01-27,90.26503248,90.97469222,90.01619075,90.64290325
2020-01-28,90.96547586,91.71347566,90.87331225,91.48159203
2020-01-29,91.71200104,91.9055446,91.35256299,91.50924111
2020-01-30,90.84566317,91.65670288,90.6713818,91.64748652
2020-01-31,91.1866685,91.1866685,89.93324351,90.07148891
2020-02-03,90.39406152,91.08528854,90.39406152,90.559956
2020-02-04,91.87789552,92.35714626,91.7212174,92.17281905
2020-02-05,92.95620967,93.1589696,92.6244207,93.02994056
2020-02-06,93.30643136,93.46310949,93.13132052,93.36172953
2020-02-07,93.02994056,93.13132052,92.67971887,92.74423339
2020-02-10,92.73501703,93.297215,92.60598798,93.21426776
2020-02-11,93.8317639,94.00687475,93.55978911,93.64743669
2020-02-12,94.12668743,94.18198559,93.94236022,94.11747107
2020-02-13,93.57370581,94.13590379,93.57370581,93.81333118
2020-02-14,94.05295655,94.05295655,93.67508578,93.93314386
2020-02-18,93.74881666,93.93314386,93.35251317,93.66586942
2020-02-19,94.07138927,94.26290523,93.88706206,94.03452383
2020-02-20,93.9239275,94.09903835,92.94699331,93.63822033
2020-02-21,93.34329681,93.36163736,92.72580067,92.98385876
2020-02-24,89.81343082,90.5138742,89.22358377,89.75813266
2020-02-25,90.08070527,90.16365251,87.12225362,87.35266263
2020-02-26,87.80426428,88.66138579,86.96105948,87.09460454
2020-02-27,85.42644333,86.48632477,83.80436393,83.84122937
2020-02-28,81.42654298,83.20530051,80.80904684,82.64310253
2020-03-02,83.57395492,85.94255951,82.68918433,85.92412679
2020-03-03,86.45867568,87.69366796,83.51865676,83.98869113
2020-03-04,85.86882863,87.30658083,85.24211613,87.18676815
2020-03-05,85.20525069,85.93334315,84.04398929,84.54167275
2020-03-06,82.54172257,83.37119499,81.56478838,83.22373323
2020-03-09,77.55567166,79.08558747,76.21008307,76.32989575
2020-03-10,79.52797276,79.92409193,76.337361,79.76759813
2020-03-11,77.86902791,78.23768232,75.03960531,75.79534685
2020-03-12,70.91067591,71.8876101,67.8508443,67.88770974
2020-03-13,72.75394796,73.38987682,68.33009504,73.38987682
2020-03-16,64.63433457,69.22408198,64.63433457,65.03985442
2020-03-17,66.67115019,69.13182622,64.76336361,68.72639853
2020-03-18,64.60668549,66.4130921,62.2841627,64.90160902
2020-03-19,64.81866177,66.91077555,63.27031325,65.39007611
2020-03-20,66.51447206,67.19648272,63.23344781,63.25188053
2020-03-23,63.78642942,63.78642942,61.17819947,62.10905185
2020-03-24,65.55597059,67.76789706,65.30712887,67.7586807
2020-03-25,67.96144062,71.14108492,67.00293916,68.97524025
2020-03-26,69.7309818,73.08573693,69.7309818,72.82767885
2020-03-27,70.31161249,72.17792545,69.9613908,70.61575238
2020-03-30,70.97519043,72.67100072,70.52358878,72.4682408
2020-03-31,71.97055734,72.98435697,71.3530612,71.82309558
2020-04-01,69.64803455,69.9613908,68.13194329,68.5697204
2020-04-02,68.59736948,70.21023253,68.29322959,69.97982352
2020-04-03,69.62038547,70.05355441,68.15009952,68.91072573
2020-04-06,71.49130661,73.52812223,71.3069794,73.26084778
2020-04-07,75.74926505,75.79073867,73.38987682,73.38987682
2020-04-08,73.97972388,75.4819906,73.50968951,75.14098527
2020-04-09,76.43127571,77.20544997,75.89672682,76.51422295
2020-04-13,76.18243398,76.65246836,75.07647075,75.86907774
2020-04-14,77.28839722,78.10865328,76.99347369,77.77686431
2020-04-15,76.23773215,76.39441027,75.59258693,76.0165395
2020-04-16,76.35754483,76.39441027,75.41747608,76.21929943
2020-04-17,78.11786964,78.46809133,77.25153178,78.2192496
2020-04-20,77.14093545,78.30219685,77.02112277,77.10407001
2020-04-21,75.62945237,76.14556854,74.68938362,74.98430715
2020-04-22,76.33911211,76.89209373,75.99810678,76.46814115
2020-04-23,76.88287737,77.75843159,76.32989575,76.43127571
2020-04-24,76.79071376,77.46350806,76.29303031,77.27918086
2020-04-27,77.82294611,78.76301486,77.77686431,78.44044225
2020-04-28,79.66621817,79.88741081,78.44044225,78.48652405
2020-04-29,80.18233434,81.18691761,79.93349261,80.56020511
2020-04-30,79.84132901,80.05929593,79.17314289,79.59248728
2020-05-01,77.97962424,78.32984593,77.19623361,77.53723894
2020-05-04,76.96582461,77.74921523,76.73080742,77.69391707
2020-05-05,78.51417313,78.99342387,78.11786964,78.11786964
2020-05-06,78.60633674,78.86439482,77.60175347,77.60175347
2020-05-07,78.56025493,79.19618379,78.54182221,78.62476946
2020-05-08,79.73994905,80.2145916,79.4265928,80.1915507
2020-05-11,79.63856909,80.53412281,79.50032368,80.2376325
2020-05-12,80.48647423,80.55098875,78.73536578,78.73536578
2020-05-13,78.7998803,78.87821936,76.97504097,77.50958986
2020-05-14,76.57873748,77.87824427,75.81377957,77.87824427
2020-05-15,77.4542917,78.2192496,77.19623361,78.2192496
2020-05-18,79.94270897,81.14083581,79.94270897,80.74453232
2020-05-19,80.55098875,80.85512864,79.82289629,79.87819445
2020-05-20,81.05788857,81.62008654,81.02102313,81.34359574
2020-05-21,81.19613397,81.40811026,80.40352699,80.58785419
2020-05-22,80.43117607,80.65236872,80.07173802,80.60628691
2020-05-26,82.67075161,82.67996797,81.98874095,82.10855364
2020-05-27,83.03940602,83.29746411,81.81363011,83.29746411
2020-05-28,83.6937676,84.49559095,83.27903139,83.45414224
2020-05-29,83.36197863,83.67533488,82.48642441,83.59238764
2020-06-01,83.70298396,84.51402367,83.601604,84.47715823
2020-06-02,84.79973084,85.23289977,84.55088911,85.23289977
2020-06-03,85.94255951,86.8273301,85.9048646,86.58770473
2020-06-04,86.23748304,86.76281557,85.89647771,86.25591576
2020-06-05,87.97015877,88.62452035,87.95172605,88.22821686
2020-06-08,88.60608763,89.36182917,88.28351502,89.30653101
2020-06-09,88.24664958,88.81806391,88.08997145,88.47705858
2020-06-10,88.63373671,88.8917948,87.97937513,88.15448597
2020-06-11,86.09002127,86.13610308,83.07627147,83.15000235
2020-06-12,85.42644333,85.50939058,82.89194426,84.35734554
2020-06-15,82.66222551,85.17588706,82.39223964,85.03623919
2020-06-16,87.27991487,87.27991487,85.31553492,86.45133755
2020-06-17,86.89821071,87.02854872,86.26877124,86.36754883
2020-06-18,85.88343623,86.33961925,85.79964751,86.30237982
2020-06-19,87.3171543,87.3171543,85.58552079,85.86481652
2020-06-22,85.96722495,86.61891498,85.55759122,86.57236569
2020-06-23,87.40094302,87.54059088,86.88890085,86.95406986
2020-06-24,86.26514039,86.38616854,84.31938016,84.71039418
2020-06-25,84.57074631,85.8461968,84.16111258,85.7810278
2020-06-26,85.46449264,85.48311236,83.86319714,83.937676
2020-06-29,84.42178859,84.98038005,83.937676,84.95245047
2020-06-30,84.76625332,86.06023043,84.75694346,85.7810278
2020-07-01,85.92067566,86.52581641,85.89274609,86.26514039
2020-07-02,87.35439373,87.81057675,86.77718256,86.91683042
2020-07-06,88.21090063,88.46226678,87.92229504,88.25744992
2020-07-07,87.79195704,88.29468935,87.27060501,87.33577402
2020-07-08,87.51266131,88.08987248,87.3823233,88.08056262
2020-07-09,88.09918234,88.11780205,86.59098541,87.4940416
2020-07-10,87.58714017,88.4157175,87.27991487,88.37847807
2020-07-13,88.91844981,89.57013984,87.54990074,87.58714017
2020-07-14,87.36370359,88.86259066,87.18681629,88.79742166
2020-07-15,89.94253414,90.09149186,89.14188639,89.72840742
2020-07-16,89.07671738,89.47704126,89.01285176,89.31877368
2020-07-17,89.57013984,89.71909756,89.11395682,89.60737927
2020-07-20,89.59806941,90.47319602,89.43049197,90.30561859
2020-07-21,90.91075933,91.01316776,90.31492844,90.48250588
2020-07-22,90.38009745,90.97378707,90.38009745,90.92006919
2020-07-23,90.78973118,90.96661847,89.6446187,89.89598485
2020-07-24,89.27222439,89.56082998,88.99562853,89.3373934
2020-07-27,89.7749567,90.2590693,89.76564685,90.1939003
2020-07-28,89.94420991,90.28699887,89.60737927,89.60737927
2020-07-29,90.00770314,90.83628047,89.93322428,90.65008332
2020-07-30,89.37463283,90.21252001,88.86259066,90.11011158
2020-07-31,90.36147773,90.36147773,88.89983009,89.97977357
2020-08-03,90.65008332,91.08764662,90.48250588,90.94799876
2020-08-04,90.72456218,91.37625221,90.72456218,91.37625221
2020-08-05,91.93484366,92.1675901,91.74864651,91.93484366
2020-08-06,91.75795637,92.37240697,91.65089301,92.31654782
2020-08-07,91.8603648,92.1024211,91.53451979,92.02794224
2020-08-10,92.30723797,92.52881258,91.91622395,92.29792811
2020-08-11,93.09857586,93.13581529,91.86967466,91.91622395
2020-08-12,93.07064629,93.67578703,93.03340686,93.41511102
2020-08-13,93.32201244,93.64785746,93.09857586,93.32201244
2020-08-14,93.05202657,93.21960401,92.79135056,93.07064629
2020-08-17,93.48028002,93.71302646,93.45235045,93.69440675
2020-08-18,93.97370248,94.01094191,93.41045609,93.8154349
2020-08-19,94.02025176,94.14127991,93.35925187,93.38718145
2020-08-20,92.86582942,93.68509689,92.62386622,93.58268846
2020-08-21,93.15443501,93.66647717,93.07995615,93.64785746
2020-08-24,94.56953336,94.57884322,94.16920948,94.57884322
2020-08-25,94.93261781,94.93261781,94.36471649,94.87675866
2020-08-26,95.06295581,95.82636413,94.95123752,95.74257542
2020-08-27,95.87291342,96.031181,95.17932903,95.62154727
2020-08-28,96.07773029,96.26392744,95.71650782,96.18944858
2020-08-31,96.14289929,96.76917341,95.79843456,95.85429371
2020-09-01,96.18013872,96.67356118,95.77050499,96.67356118
2020-09-02,97.23215263,97.8745328,96.77131468,97.79074409
2020-09-03,97.36249064,97.46480597,94.14127991,94.81158966
2020-09-04,94.90468823,95.05364596,92.27930839,94.16920948
2020-09-08,92.50274498,92.94030828,91.86967466,91.98139295
2020-09-09,93.16374487,94.34609678,93.07064629,93.66647717
2020-09-10,94.27161792,94.4950545,92.19551968,92.28861825
2020-09-11,92.92168857,93.15443501,91.85105495,92.53067455
2020-09-14,93.5733786,94.15989963,93.34994202,93.75957575
2020-09-15,94.65332208,94.72780094,94.01094191,94.31816721
2020-09-16,94.71849108,94.96054738,93.92715319,94.01094191
2020-09-17,92.893759,93.69440675,92.64239284,93.44304059
2020-09-18,93.5733786,93.5733786,92.1024211,92.64239284
2020-09-21,90.90144947,91.12488605,89.67254827,91.09695648
2020-09-22,91.44142121,91.8603648,90.6966326,91.71140708
2020-09-23,91.92553381,91.97208309,89.7749567,89.88667499
2020-09-24,89.65392856,90.83888723,89.18098779,90.09149186
2020-09-25,89.88667499,91.29274279,89.52824548,91.19936491
2020-09-28,92.42826612,92.83789985,92.20482953,92.67032241
2020-09-29,92.69825199,92.84711661,92.16293517,92.36309711
2020-09-30,92.32585768,93.34994202,92.32585768,92.6517027
2020-10-01,93.2661533,93.42442088,92.81928013,93.21960401
2020-10-02,91.78588594,92.99616743,91.78588594,92.53998441
2020-10-05,93.30339273,94.21575877,93.30339273,94.19713906
2020-10-06,94.23437849,94.67938968,92.893759,93.07064629
2020-10-07,93.79681518,94.55091365,93.79681518,94.36471649
2020-10-08,94.83951923,95.14674453,94.74642065,95.06295581
2020-10-09,95.52844869,95.89162624,95.45396983,95.79843456
2020-10-12,96.44081474,97.30383853,96.40357531,97.00871605
2020-10-13,96.68287103,96.71545553,96.18013872,96.42219502
2020-10-14,96.55253303,96.81786397,95.77050499,95.82636413
2020-10-15,94.43919535,95.50517405,94.43919535,95.42604026
2020-10-16,95.85429371,96.30116687,95.52844869,95.53775855
2020-10-19,95.900843,96.13824436,94.21575877,94.39264607
2020-10-20,94.8674488,95.60153107,94.74409319,94.82089952
2020-10-21,94.75573051,95.30501211,94.42057564,94.43919535
2020-10-22,94.50436436,94.97916709,93.91793643,94.82089952
2020-10-23,95.23984311,95.29570225,94.70918122,95.27708254
2020-10-26,94.15989963,94.33678692,92.91694054,93.52682931
2020-10-27,93.55475888,93.65716732,93.04271672,93.06133643
2020-10-28,91.39487192,91.43127347,89.90529471,90.017013
2020-10-29,90.12873129,91.41349164,89.69116799,90.78973118
2020-10-30,90.30561859,90.40337209,89.03547472,89.86805528
2020-11-02,90.86421004,91.32039306,90.15666086,90.92006919
2020-11-03,92.23275911,93.2009843,91.98139295,92.86582942
2020-11-04,93.8806039,95.68522669,93.62923774,94.61608265
2020-11-05,96.44081474,96.99009633,96.21737815,96.61770203
2020-11-06,96.70149075,97.14836391,96.32444152,96.74804004
2020-11-09,100.51853236,100.79782809,98.06072996,98.20968768
2020-11-10,98.33071583,98.74500449,97.73488494,98.43312426
2020-11-11,99.01964529,99.25239173,98.71241999,99.12205372
2020-11-12,98.74034956,98.92654671,97.67437087,98.09796939
2020-11-13,98.57277212,99.39203959,98.57277212,99.31756073
2020-11-16,100.2671662,100.48129293,99.87615218,100.48129293
2020-11-17,100.02510991,100.5743915,99.67133532,100.21130706
2020-11-18,100.40681407,100.63956051,99.35480016,99.35480016
2020-11-19,99.28963116,100.00649019,99.07550443,99.9599409
2020-11-20,99.98787048,100.04652258,99.62478603,99.67152151
2020-11-23,100.2019972,100.411469,99.53168745,100.04372962
2020-11-24,100.91885623,101.6729547,100.66749008,101.62640541
2020-11-25,101.44951812,101.71950399,101.08177874,101.54261669
2020-11-27,101.89639128,102.13844758,101.78923482,101.99879971
2020-11-30,101.82191242,101.98483493,100.87230695,101.42158854
2020-12-01,102.3525743,102.81806718,102.23154615,102.52015174
2020-12-02,102.07327858,102.64955876,101.915011,102.62256017
2020-12-03,102.80875732,103.19046149,102.62256017,102.70634889
2020-12-04,103.09736291,103.73043323,103.09736291,103.73043323
2020-12-07,103.36734878,103.58613043,103.08805305,103.34872906
2020-12-08,103.05081362,103.78629237,102.92047562,103.68388394
2020-12-09,104.11213739,104.29833454,102.71565875,103.04150376
2020-12-10,102.48291231,103.33941921,102.32464473,103.13460234
2020-12-11,102.72496861,102.99495448,102.26413066,102.84599675
2020-12-14,103.80578849,103.89956065,102.82118074,102.83993517
2020-12-15,103.44945425,104.05897334,103.1962694,103.95582395
2020-12-16,104.3215354,104.45281644,103.89018344,104.19963159
2020-12-17,104.8841684,105.04058038,104.72944433,105.00607222
2020-12-18,105.08108995,105.31552037,104.12461385,104.68724685
2020-12-21,103.06498837,104.13399107,102.35419535,103.97457839
2020-12-22,104.02146447,104.05897334,103.44945425,103.89956065
2020-12-23,104.434062,104.61841808,104.2090088,104.2090088
2020-12-24,104.30278097,104.49970252,104.12986509,104.49970252
2020-12-28,105.41866975,105.51244192,105.07171274,105.11859882
2020-12-29,105.90628502,105.90628502,105.03514159,105.15610769
2020-12-30,105.6155913,105.79375842,105.29676594,105.29676594
2020-12-31,105.38116089,105.54057357,105.02482665,105.40929254
2021-01-04,106.4595408,106.684594,103.72955171,104.67786964
2021-01-05,104.56534304,105.69060904,104.56534304,105.48431027
2021-01-06,105.13735325,107.06896611,105.13735325,106.121961
2021-01-07,106.76898895,107.5659586,106.76898895,107.34099917
2021-01-08,107.9786499,108.12868537,106.95662706,108.12868537
2021-01-11,106.7971206,107.63038007,106.77836617,107.1347004
2021-01-12,107.10656875,107.59418402,106.684594,107.43477133
2021-01-13,107.34099917,107.79401251,107.26598143,107.60356123
2021-01-14,107.83799165,108.03819523,107.45352577,107.51916628
2021-01-15,106.86276112,107.00341937,105.94379389,106.47829524
2021-01-19,107.25660422,107.5848068,106.86276112,107.34099917
2021-01-20,107.87550052,108.68194115,107.77235113,108.60692342
2021-01-21,108.75695888,108.87905025,108.32560692,108.58816898
2021-01-22,107.84736887,108.49439682,107.84736887,108.16619423
2021-01-25,108.16619423,108.44751073,106.91902442,108.41937908
2021-01-26,108.74758167,108.77571332,108.12868537,108.26934362
2021-01-27,106.97528772,106.97528772,105.24987985,105.6718546
2021-01-28,105.97192554,107.55667515,105.97192554,106.4032775
2021-01-29,105.79375842,105.99067997,104.11523664,104.5465886
2021-02-01,105.48431027,106.36576864,105.08108995,106.121961
2021-02-02,106.89089277,107.7535967,106.89089277,107.46290298
2021-02-03,107.79110557,108.00678155,107.21909535,107.60356123
2021-02-04,107.81923722,108.5412829,107.6973334,108.5412829
2021-02-05,109.14142477,109.14142477,108.62567785,108.96325765
2021-02-08,109.6102856,109.88222488,109.41336405,109.81658437
2021-02-09,109.82596158,110.23855912,109.74625524,110.1166553
2021-02-10,110.55738448,110.67825681,109.74559884,110.0041287
2021-02-11,110.59489335,110.59489335,109.85409323,110.37921737
2021-02-12,110.23855912,110.99717595,110.16354138,110.91371872
2021-02-16,111.49510615,111.92645812,110.90856125,111.17628078
2021-02-17,110.65115665,110.98873645,110.16354138,110.98873645
2021-02-18,110.27606798,110.54800727,109.56264934,110.40734902
2021-02-19,110.71679717,111.00749088,110.3979718,110.40734902
2021-02-22,109.35710075,110.35108572,109.35710075,109.68530333
2021-02-23,108.97263487,110.07914643,107.76297392,109.67592612
2021-02-24,109.33834632,110.72617438,108.935126,110.54800727
2021-02-25,110.50112118,110.75430603,107.79110557,108.19432588
2021-02-26,108.28809805,108.49439682,106.83462947,107.15345483
2021-03-01,108.56003733,109.86347045,108.56003733,109.60090838
2021-03-02,109.78845272,109.85409323,109.01014373,109.17893363
2021-03-03,108.92574878,108.95388043,107.63169288,107.66920175
2021-03-04,107.70671062,108.35373857,105.40929254,106.37514585
2021-03-05,107.36913082,108.0349132,105.21237099,107.88487773
2021-03-08,108.02553598,108.69600698,107.27535865,107.35037638
2021-03-09,108.5975462,109.60090838,108.46626517,109.01952095
2021-03-10,109.70405777,110.00881731,109.24457415,109.63841725
2021-03-11,110.32295407,111.06844279,110.18229582,110.66053387
2021-03-12,110.26669077,110.76368325,109.91973375,110.75430603
2021-03-15,110.75430603,111.34507068,110.25290626,111.2419213
2021-03-16,111.58887832,111.71078213,110.97935923,111.39195677
2021-03-17,110.81056933,111.92645812,110.45892371,111.78579987
2021-03-18,111.0168681,111.58728419,110.0041287,110.2291819
2021-03-19,110.1729186,110.61364778,109.43211848,110.26669077
2021-03-22,110.20105025,111.25129852,110.20105025,110.74492882
2021-03-23,110.42610345,110.74492882,109.56339952,109.71343498
2021-03-24,109.98537427,110.3417085,109.11329312,109.11329312
2021-03-25,108.84135383,109.87284767,108.22245753,109.74156663
2021-03-26,110.12603252,111.40133398,109.8916021,111.12001748
2021-03-29,110.68866552,111.2419213,110.29482242,110.96998202
2021-03-30,110.53863005,110.91371872,110.35108572,110.72617438
2021-03-31,110.74492882,111.48572893,110.74492882,111.11064027
2021-04-01,111.73891378,112.40469617,111.67327327,112.32030122
2021-04-05,113.06110133,114.02695465,113.06110133,113.85816475
2021-04-06,113.50183052,113.8862964,113.37054948,113.57684825
2021-04-07,113.57684825,113.82065588,113.50183052,113.64248877
2021-04-08,114.14885847,114.49572171,113.998823,114.43017497
2021-04-09,114.35515723,115.09595735,114.34578002,114.92716745
2021-04-12,114.8427725,114.93654467,114.5051927,114.85214972
2021-04-13,114.94592188,115.5179321,114.88965858,115.44291437
2021-04-14,115.42415993,115.68390884,114.93654467,115.04907127
2021-04-15,115.88364355,116.3056183,115.77111695,116.28686387
2021-04-16,116.73697027,116.89638295,116.27748665,116.69008418
2021-04-19,116.61506645,116.69008418,115.93052963,116.21184613
2021-04-20,115.63983592,115.77111695,114.70211425,115.0678257
2021-04-21,114.88965858,116.16496005,114.71149147,116.06181067
2021-04-22,116.08994232,116.48378542,115.13346622,115.26474725
2021-04-23,115.58357262,116.84949687,115.58357262,116.48378542
2021-04-26,116.71821583,116.90107156,116.57755758,116.70883862
2021-04-27,116.67132975,116.80261078,116.28686387,116.62444367
2021-04-28,116.69008418,117.06517285,116.54004872,116.6994614
2021-04-29,117.50590203,117.68406915,116.1930917,117.07455007
2021-04-30,116.44627655,116.60568923,115.77111695,115.9117752
2021-05-03,116.80261078,117.07455007,116.46503098,116.52129428
2021-05-04,115.71485365,115.7992486,114.53332435,115.39602828
2021-05-05,116.249355,116.32437273,115.70547643,115.8555119
2021-05-06,116.06181067,116.7557247,115.58357262,116.7557247
2021-05-07,117.06517285,117.95600843,117.06517285,117.89974513
2021-05-10,118.0497806,118.0497806,116.78385635,116.84949687
2021-05-11,115.08658013,115.83675747,114.62709652,115.63233414
2021-05-12,114.79588642,115.26005864,113.22989123,113.31428618
2021-05-13,113.58622547,114.94123328,113.58622547,114.58021043
2021-05-14,115.30225612,116.4744082,115.30225612,116.4181449
2021-05-17,115.98679293,116.16027144,115.48980045,116.00554737
2021-05-18,116.42752212,116.54004872,115.63983592,115.64921313
2021-05-19,114.1676129,115.02093962,113.71234903,115.02093962
2021-05-20,115.5179321,116.73884571,115.5179321,116.43689933
2021-05-21,116.93389182,117.09799311,116.29746012,116.44627655
2021-05-24,116.9245146,117.69344637,116.9245146,117.49652482
2021-05-25,117.85285905,117.91849957,117.18707667,117.27147162
2021-05-26,117.44026152,117.55278812,117.1495678,117.44026152
2021-05-27,117.78721853,117.86223627,117.53403368,117.5434109
2021-05-28,117.92787678,118.19981607,117.75908688,117.77784132
2021-06-01,118.5561503,118.6686769,117.83410462,117.89974513
2021-06-02,118.11542112,118.32922166,117.89036792,118.1060439
2021-06-03,117.45901595,117.77784132,117.2058311,117.61842863
2021-06-04,118.29358823,118.7812035,118.28421102,118.69680855
2021-06-07,118.87497567,118.93123897,118.56552752,118.8937301
2021-06-08,119.13753773,119.13753773,118.49050978,118.90310732
2021-06-09,119.07189722,119.08127443,118.65461108,118.69680855
2021-06-10,119.0529944,119.42160879,118.67492837,119.16641421
2021-06-11,119.35544723,119.50667364,119.0340911,119.50667364
2021-06-14,119.51612529,119.76186822,119.25147907,119.71460996
2021-06-15,119.86583638,119.96980454,119.24202742,119.47831869
2021-06-16,119.6295451,119.66735171,118.30158816,118.84505808
2021-06-17,118.46699205,118.84505808,117.92824795,118.64657341
2021-06-18,117.37060055,117.44621375,116.81295314,116.83185645
2021-06-21,117.4178588,118.44808875,117.16266423,118.41028214
2021-06-22,118.29686233,119.08134935,118.12673262,118.84505808
2021-06-23,118.93012294,119.0340911,118.54260525,118.54260525
2021-06-24,119.39325383,119.50667364,119.28928567,119.48777034
2021-06-25,119.73351326,119.85638473,119.5917385,119.79967482
2021-06-28,119.79967482,119.81857812,119.40270548,119.73351326
2021-06-29,119.96980454,119.98870784,119.63899676,119.82802977
2021-06-30,119.51612529,119.65790006,119.37435053,119.6295451
2021-07-01,119.79967482,120.10212765,119.5728352,120.092676
2021-07-02,120.31006397,120.83935642,120.18719251,120.82990477
2021-07-06,120.89606632,120.89606632,119.75241657,120.48964533
2021-07-07,120.82045311,120.93387293,120.24390241,120.93387293
2021-07-08,119.090801,119.85638473,118.96792954,119.58228685
2021-07-09,120.46129038,121.25522905,120.37622552,121.1890675
2021-07-12,121.26468071,121.71835995,121.16071255,121.7089083
2021-07-13,121.43481042,121.7278116,121.07564769,121.07564769
2021-07-14,121.7656182,121.86013471,121.08509934,121.35919721
2021-07-15,120.60306514,121.00948613,120.22499911,120.69758165
2021-07-16,120.99058283,120.99058283,119.76659404,119.81857812
2021-07-19,118.38192719,118.38192719,117.31389064,117.9755062
2021-07-20,118.17399087,119.79967482,117.86208639,119.47831869
2021-07-21,120.06432104,120.78264651,119.95090123,120.78264651
2021-07-22,120.94332458,121.00476031,120.48964533,120.97167953
2021-07-23,121.690005,122.18149084,121.48206868,122.10587763
2021-07-26,121.98300617,122.2665557,121.93574792,122.18149084
2021-07-27,121.97355452,121.97355452,120.9669537,121.75616655
2021-07-28,121.94519957,122.19094249,121.56713353,121.97355452
2021-07-29,122.46504037,122.87146135,122.46504037,122.60681513
2021-07-30,121.92629627,122.37997551,121.7089083,121.7656182
2021-08-02,122.55955688,122.64462173,121.7845215,121.95465122
2021-08-03,122.25710405,122.81286112,121.60966596,122.75804154
2021-08-04,122.57846018,122.74858989,122.34216891,122.37052386
2021-08-05,122.72968659,123.13610758,122.72496077,123.11720428
2021-08-06,123.14555923,123.23062409,122.81002562,122.91871961
2021-08-09,123.11720428,123.11720428,122.71068877,122.93762291
2021-08-10,123.06994602,123.20226913,122.89036466,123.07939767
2021-08-11,123.62759342,123.71265828,123.18714649,123.52362526
2021-08-12,123.51417361,123.81662644,123.19281748,123.77881984
2021-08-13,124.09072432,124.18524083,123.882788,124.15688587
2021-08-16,123.66540003,124.13798257,123.16446253,124.11907927
2021-08-17,123.24952739,123.41020545,122.41778211,123.17391418
2021-08-18,122.96597786,123.26843069,122.07752268,122.16258754
2021-08-19,121.04729274,122.07752268,120.91496962,121.7089083
2021-08-20,121.71835995,122.60681513,121.69945665,122.58791183
2021-08-23,123.20226913,123.91586878,123.20226913,123.75046489
2021-08-24,123.9205946,124.21359578,123.78354566,123.99620781
2021-08-25,124.05291771,124.36472768,123.74101323,124.19469248
2021-08-26,124.08127267,124.13798257,123.45746371,123.53307692
2021-08-27,123.70320663,124.70508162,123.70320663,124.60111346
2021-08-30,124.80904978,125.16821252,124.68617832,124.96972785
2021-08-31,125.12095426,125.36669718,124.69562997,124.78069483
2021-09-01,125.30998728,125.4990203,125.09259931,125.18711582
2021-09-02,125.65024671,125.80052796,125.30053563,125.58408516
2021-09-03,125.5179236,125.91489294,125.43285874,125.75421487
2021-09-07,125.81092478,125.82585838,125.36669718,125.43285874
2021-09-08,125.20601912,125.28163233,124.60111346,125.0358894
2021-09-09,124.98863115,125.43285874,124.51604861,124.61056512
2021-09-10,125.37614884,125.37614884,123.76936819,123.9016913
2021-09-13,124.82795309,124.85630804,123.69375498,124.32701559
2021-09-14,124.63892007,124.88466299,123.53307692,123.73156158
2021-09-15,123.78827149,124.64837172,123.61180917,124.478242
2021-09-16,124.29866064,124.53495191,123.61814177,124.29866064
2021-09-17,123.80717479,123.83552974,122.88091301,123.02268777
2021-09-20,120.94332458,121.24105158,119.55156899,120.94332458
2021-09-21,121.7656182,122.19094249,121.01893778,121.1512609
2021-09-22,121.84123141,122.8620097,121.68055334,122.21929744
2021-09-23,122.91871961,124.00565946,122.91871961,123.63704508
2021-09-24,122.92817126,123.56143187,122.92817126,123.4196571
2021-09-27,123.10775263,123.41020545,122.87146135,123.16446253
2021-09-28,122.03971608,122.07752268,120.30061232,120.53690359
2021-09-29,121.00003448,121.23840512,120.37622552,120.52745194
2021-09-30,120.95277623,121.03784108,119.48777034,119.52557695
2021-10-01,119.86583638,120.80154981,118.87341303,120.49909699
2021-10-04,120.17774086,120.19664416,118.43863709,119.10025266
2021-10-05,119.47831869,120.6503234,119.24202742,120.05486939
2021-10-06,118.85450973,120.30061232,118.40083049,120.29116067
2021-10-07,121.1701642,121.99718365,121.08509934,121.30248731
2021-10-08,121.65219839,121.80342481,121.00003448,121.1701642
2021-10-11,121.2268741,121.7678866,120.40458048,120.52745194
2021-10-12,120.74483991,120.87716302,120.27225736,120.31951562
2021-10-13,120.81100146,121.17961585,120.29116067,121.00003448
2021-10-14,122.14368424,122.92817126,122.12478094,122.92817126
2021-10-15,123.58978682,123.882788,123.37239885,123.81662644
2021-10-18,123.17391418,124.04346606,123.05104272,123.99620781
2021-10-19,124.46879035,124.90356629,124.34591889,124.86575969
2021-10-20,125.05479271,125.40450379,124.9980828,125.25327737
2021-10-21,125.05479271,125.39505214,124.91301794,125.37614884
2021-10-22,125.54627855,125.81092478,124.90999341,125.46121369
2021-10-25,125.64079506,125.96215119,125.14930921,125.81092478
2021-10-26,126.31186227,126.58596015,125.8534572,125.98105449
2021-10-27,126.0944743,126.15118421,125.32889058,125.35724553
2021-10-28,125.80147313,126.58596015,125.72775025,126.51979859
2021-10-29,125.82982808,126.50089529,125.82982808,126.50089529
2021-11-01,126.91676793,127.09634929,126.51034694,127.03963939
2021-11-02,127.02073609,127.37044717,126.86005802,127.30428561
2021-11-03,127.20976911,128.22109575,127.04909104,128.18328915
2021-11-04,128.2872573,128.51409693,128.03206273,128.46683867
2021-11-05,129.06229268,129.21162876,128.44793537,128.88271131
2021-11-08,129.14735753,129.25132569,128.82127558,128.96777617
2021-11-09,129.20406744,129.20406744,128.268354,128.58025848
2021-11-10,128.2494507,128.55190353,127.04909104,127.31373726
2021-11-11,127.89028797,127.89028797,127.50277028,127.58783514
2021-11-12,128.07932099,128.57080683,127.7296099,128.57080683
2021-11-15,128.95832452,129.16626084,128.268354,128.46683867
2021-11-16,128.46683867,129.11059061,128.41958042,128.77874315
2021-11-17,128.54245188,128.61806509,128.25890235,128.43848372
2021-11-18,128.66532334,128.7881948,127.99425613,128.7503882
2021-11-19,128.48574197,128.71258159,128.07932099,128.18328915
2021-11-22,128.55190353,128.98667947,127.42715708,127.52167358
2021-11-23,127.38935047,127.80522311,126.64267005,127.53112523
2021-11-24,126.73718656,127.66344835,126.44418538,127.62564174
2021-11-26,125.59353681,125.97160284,124.4593387,124.76179153
2021-11-29,126.0944743,126.3435253,125.2162269,125.85818303
2021-11-30,125.24382572,125.80147313,123.53307692,123.91114295
2021-12-01,125.54627855,125.99050614,122.36579803,122.44613707
2021-12-02,122.60681513,124.55385521,122.52175027,124.18524083
2021-12-03,124.68617832,124.68617832,122.08697433,123.24952739
2021-12-06,123.9584012,124.88239459,123.13610758,124.52550026
2021-12-07,126.20789411,127.23812406,126.20789411,127.12470425
2021-12-08,127.31373726,127.68235165,126.92149375,127.55948019
2021-12-09,127.1341559,127.14833337,126.46308869,126.46308869
2021-12-10,127.22867241,127.42243125,126.34966888,127.20031745
2021-12-13,127.07134227,127.07134227,126.05279155,126.09086821
2021-12-14,125.31029663,125.82433157,124.51068671,125.08183665
2021-12-15,125.46260328,127.15701477,124.6534742,126.98566978
2021-12-16,127.83287553,127.83287553,125.81481241,126.37644318
2021-12-17,125.42452662,126.10038738,124.6820317,125.03424083
2021-12-20,123.83482595,124.00617094,123.00665854,123.9871326
2021-12-21,124.90097251,125.98615739,124.36789923,125.98615739
2021-12-22,126.02423405,127.21412976,125.83385074,127.09989977
2021-12-23,127.52826223,128.34691047,127.34359041,128.01373967
2021-12-27,128.31835298,129.42257619,128.30883381,129.42257619
2021-12-28,129.65103617,129.85093865,129.21315455,129.28930787
2021-12-29,129.22267371,129.6129595,129.07036706,129.37498036
2021-12-30,129.51461932,129.80035536,129.09077754,129.19078515
2021-12-31,129.20030969,129.37175131,128.77170564,128.88600005
2022-01-03,129.40984944,129.58129106,128.66693576,129.58129106
2022-01-04,130.05751779,130.19086127,129.17173608,129.58129106
2022-01-05,129.60034013,129.76225722,127.30492733,127.40969721
2022-01-06,127.0477649,127.78115405,126.45724377,127.17158385
2022-01-07,126.91442142,127.38112361,126.29532668,126.85727421
2022-01-10,125.83814903,126.37628522,124.20945364,126.33342482
2022-01-11,126.32390029,127.66685964,125.72385462,127.64781057
2022-01-12,128.30500345,128.60026402,127.70495778,128.2097581
2022-01-13,128.63836215,128.6815083,126.49534191,126.65725899
2022-01-14,125.86672263,126.6948809,125.41906951,126.67630806
2022-01-18,125.07618627,125.34287324,124.20945364,124.39994433
2022-01-19,125.0285636,125.3047751,123.42844182,123.50463809
2022-01-20,124.09515923,125.25239016,122.29978448,122.35216942
2022-01-21,122.13310513,122.48551291,120.18057557,120.19010011
2022-01-24,118.38043856,120.24724731,115.52307823,120.1043793
2022-01-25,118.48520844,120.09485476,117.12320002,118.91381249
2022-01-26,120.56155695,121.14255355,117.49465686,118.50425751
2022-01-27,119.54243176,120.17105104,117.53427892,117.87563824
2022-01-28,117.96135905,119.99008488,116.80679498,119.95198674
2022-01-31,119.99008488,122.32359582,119.68529978,122.21882594
2022-02-01,122.69505266,123.29509833,121.82832003,123.21890206
2022-02-02,123.85704586,124.38089526,123.2855738,124.24755178
2022-02-03,122.64742999,123.06174724,121.38066691,121.5711576
2022-02-04,121.47591225,123.03926934,120.9615874,122.1235806
2022-02-07,122.35216942,122.80934708,121.67830861,121.97118805
2022-02-08,121.75212375,123.0379359,121.39971598,122.84744521
2022-02-09,124.18088004,124.77140117,124.1213517,124.7237785
2022-02-10,123.13318125,124.96189186,122.31407129,122.78077347
2022-02-11,122.83792068,123.3141474,120.19010011,120.61870416
2022-02-14,120.39011533,120.61870416,119.16621265,120.11390383
2022-02-15,121.41876505,122.30454675,121.33304424,122.19977687
2022-02-16,121.70450108,122.60933185,121.31399517,122.41884116
2022-02-17,121.51401039,121.55210853,119.86636118,120.04723209
2022-02-18,120.05675662,120.24724731,118.58045378,119.15192585
2022-02-22,118.39948763,119.14240132,116.81841491,117.73277022
2022-02-23,118.66617459,118.85666528,115.8469124,116.02787855
2022-02-24,112.58952162,116.77079224,112.33054953,116.59935062
2022-02-25,117.34226431,119.47576002,116.90413572,119.32336747
2022-02-28,117.89468731,119.32336747,117.38036245,118.65665006
2022-03-01,118.36138949,118.7233218,116.03740309,116.7326941
2022-03-02,117.40893605,118.93286156,117.01843014,118.65665006
2022-03-03,119.03763144,119.03763144,116.97080746,117.38036245
2022-03-04,115.79928973,115.97073135,114.6849192,115.80881426
2022-03-07,115.24686673,115.48974236,112.26568745,112.34188373
2022-03-08,112.56094802,114.53252665,111.40847935,111.96090235
2022-03-09,114.83731175,115.85643693,114.08487353,115.40878382
2022-03-10,114.1039226,115.00875337,113.53245053,114.70396827
2022-03-11,115.56117637,115.60879904,113.21814089,113.2467145
2022-03-14,113.80866203,114.74206641,112.50380081,112.79906138
2022-03-15,113.66579401,115.07542511,113.10384648,114.93255709
2022-03-16,116.47553167,118.08517799,115.19924406,117.94230998
2022-03-17,117.65657394,119.43766188,117.44027177,119.18049945
2022-03-18,118.80904261,120.92348926,118.68522366,120.7139495
2022-03-21,120.7139495,121.19017622,119.68529978,120.59013055
2022-03-22,121.16160262,122.1807278,120.87586659,121.99023711
2022-03-23,121.12350448,121.542584,120.41868893,120.47583614
2022-03-24,121.04730821,121.97118805,120.6853759,121.96166351
2022-03-25,122.16167873,122.43789023,121.33304424,122.33312035
2022-03-28,122.03785979,122.90459242,121.45686319,122.87601882
2022-03-29,124.40946886,124.85712198,123.72370238,124.78092571
2022-03-30,124.50471421,124.65710676,123.53321169,123.99038935
2022-03-31,123.64750611,123.88561947,121.96166351,122.06643339
2022-04-01,122.62838092,122.69086187,121.70450108,122.68552813
2022-04-04,122.69505266,123.62845704,122.55218465,123.5617853
2022-04-05,123.10460764,123.63798157,121.67592748,121.92356537
2022-04-06,120.90444019,121.23779889,119.81864326,120.59013055
2022-04-07,120.50440974,121.49496132,119.74244699,121.11397995
2022-04-08,120.81871938,121.49181823,120.32344359,120.76157217
2022-04-11,119.94246221,120.09485476,118.78046901,118.95191063
2022-04-12,119.63767711,120.20914917,118.06612893,118.40901216
2022-04-13,118.28519322,119.95198674,118.28519322,119.90436407
2022-04-14,119.97103581,120.24724731,118.60902739,118.68522366
2022-04-18,118.18994787,119.03753619,117.95183451,118.28519322
2022-04-19,118.23757055,120.06628116,118.23757055,119.76149606
2022-04-20,120.53298335,120.67585136,119.77102059,119.93293768
2022-04-21,120.9615874,121.40581168,118.00421945,118.1423252
2022-04-22,118.02803079,118.02803079,115.10399871,115.22781766
2022-04-25,114.39918317,115.63737264,113.3038617,115.50402916
2022-04-26,114.88493442,114.88493442,112.3895064,112.39903093
2022-04-27,112.74191417,113.94200551,112.10377037,112.81811045
2022-04-28,113.94200551,115.66594625,112.77991707,115.24686673
2022-04-29,114.66587013,115.24686673,111.64659271,111.8370834
2022-05-02,111.55134737,112.57047255,110.03694639,112.23711385
2022-05-03,112.56094802,113.40863158,112.26568745,112.83715952
2022-05-04,113.01812567,116.07550123,111.97995142,115.75166706
2022-05-05,114.56110025,114.56110025,110.49412404,111.5322983
2022-05-06,110.82748275,111.69421538,109.45594979,110.80843368
2022-05-09,108.99877214,109.19878736,106.79860468,107.2176842
2022-05-10,108.77970785,109.13211562,106.51286865,107.46532209
2022-05-11,107.42722396,108.89400226,105.91282298,106.04616646
2022-05-12,105.34135091,106.93194816,104.43652014,106.00806832
2022-05-13,107.39865035,109.07973068,107.19863513,108.73208517
2022-05-16,108.39872647,109.33213084,107.86535254,108.408251
2022-05-17,110.29410882,110.6465166,109.30355724,110.60841846
2022-05-18,109.53214607,109.53214607,106.42714784,106.71288387
2022-05-19,106.20808355,107.74153359,105.87101027,106.6652612
2022-05-20,107.98917149,107.98917149,104.9222714,106.97957084
2022-05-23,107.97012242,109.01782121,107.35102768,108.81780598
2022-05-24,107.90345068,108.34157926,106.63002042,108.03679416
2022-05-25,107.57961651,109.32260631,107.57961651,108.83685505
2022-05-26,109.18926283,111.07512065,109.09401748,110.74176194
2022-05-27,111.47515109,113.07527288,111.47515109,113.02765021
2022-05-31,112.79906138,113.20861636,111.76088713,112.33235919
2022-06-01,112.96097846,113.16099369,110.78938461,111.44657749
2022-06-02,111.77041166,113.73246575,111.20370186,113.70389215
2022-06-03,112.46570267,112.59904616,111.60849457,111.82755887
2022-06-06,113.12289555,113.37053345,111.97042688,112.22758931
2022-06-07,111.24656227,113.19909183,111.15131692,113.16099369
2022-06-08,112.54189895,112.9419294,111.70373992,111.865657
2022-06-09,111.37251721,111.77600601,109.25900442,109.25900442
2022-06-10,107.4817323,107.4817323,106.06952148,106.15598336
2022-06-13,103.48527175,103.82151242,101.72721338,102.07306093
2022-06-14,102.63986663,102.79357665,100.73290168,101.56389648
2022-06-15,102.63025975,104.30185623,101.48704147,103.24509984
2022-06-16,101.13158705,101.13158705,99.62859125,100.15168566
2022-06-17,100.31500256,100.92984264,99.37352868,100.23814755
2022-06-21,101.90974403,102.76475602,101.77524776,102.32283971
2022-06-22,101.17001455,102.98571418,101.17001455,101.98659904
2022-06-23,102.4477291,102.70711476,101.43900709,102.62065288
2022-06-24,103.63898177,105.73328081,103.63898177,105.73328081
2022-06-27,106.15598336,106.15598336,105.10883384,105.47389514
2022-06-28,106.07912835,106.6267203,103.65819552,103.68701615
2022-06-29,103.98482931,104.0328637,103.09138982,103.5044855
2022-06-30,102.28441221,103.19082099,101.33333145,102.67829413
2022-07-01,102.32283971,103.59085132,101.52546898,103.52369925
2022-07-05,101.53507585,103.19706546,100.93944952,103.08178294
2022-07-06,103.26431359,103.93679493,102.41410504,103.33156172
2022-07-07,104.09050495,105.17512129,104.09050495,104.91669632
2022-07-08,104.45556625,105.38743326,104.0712912,104.95512382
2022-07-11,104.10011183,104.19618059,103.36038235,103.43723736
2022-07-12,103.31234797,103.88876055,102.50537036,102.90885917
2022-07-13,101.53507585,103.11060357,101.41979334,102.5726185
2022-07-14,100.91062889,101.8809234,100.06522377,101.82328214
2022-07-15,102.98571418,103.57173363,102.33244659,103.55251988
2022-07-18,104.55163502,104.92438182,102.90885917,103.22588609
2022-07-19,104.5996694,106.13676961,104.397925,106.03109397
2022-07-20,106.02148709,106.76121657,105.66603267,106.31930026
2022-07-21,106.21362462,107.46251854,105.73328081,107.46251854
2022-07-22,107.69308357,107.87081079,106.03109397,106.57868592
2022-07-25,106.88610596,107.09745724,106.4249759,106.94374722
2022-07-26,106.41536902,106.41536902,105.40664701,105.52192953
2022-07-27,106.48261716,108.5769162,106.3865484,108.24067553
2022-07-28,108.50966806,109.56642446,107.54898043,109.43192819
2022-07-29,109.73934823,111.1707728,109.58563821,111.02666966
2022-08-01,110.47907771,111.34369658,110.32056425,110.84413901
2022-08-02,110.27733331,111.10352467,109.70092073,109.8738445
2022-08-03,110.47907771,111.54544098,110.32536769,111.26684157
2022-08-04,111.25723469,111.64150974,110.97863528,111.43976534
2022-08-05,110.21008517,111.21890325,110.2004783,111.09391779
2022-08-08,111.58386849,112.30438421,110.88256651,111.05549029
2022-08-09,110.94981465,111.02666966,110.25811955,110.49829146
2022-08-10,112.52534237,113.03450681,112.19870857,112.94804492
2022-08-11,113.64934689,114.14890446,112.77512115,112.97686555
2022-08-12,113.5244575,114.60042765,113.18821683,114.54278639
2022-08-15,113.87030505,114.73492392,113.84148442,114.66767579
2022-08-16,114.32182824,115.3113365,114.14890446,114.89824082
2022-08-17,113.78384316,114.48994857,113.36114061,113.99519444
2022-08-18,113.94716006,114.22816119,113.6253297,114.00480132
2022-08-19,113.28428559,113.28428559,112.29477733,112.47730798
2022-08-22,111.26684157,111.26684157,110.06598203,110.21969205
2022-08-23,110.21969205,110.94981465,109.98912702,110.21969205
2022-08-24,109.97952014,110.79610463,109.76816886,110.52711209
2022-08-25,110.94020777,111.98735729,110.67121523,111.96814354
2022-08-26,111.93932291,112.12185356,108.4520268,108.47124056
2022-08-29,107.70269045,108.55770244,107.49133917,107.86600735
2022-08-30,108.34635116,108.4135993,106.25714377,106.77082345
2022-08-31,107.10706412,107.32802227,105.8965977,105.94463208
2022-09-01,105.02237196,105.78131519,104.16735996,105.63721204
2022-09-02,106.63632718,107.11494176,104.30185623,104.69573816
2022-09-06,104.97433758,105.20009917,103.76387116,104.24421498
2022-09-07,103.88876055,105.99266647,103.88395711,105.84856332
2022-09-08,105.17608198,106.57868592,104.83023443,106.39615527
2022-09-09,107.49133917,108.62485451,107.49133917,108.46163368
2022-09-12,109.28782504,109.95550295,109.2061666,109.72013448
2022-09-13,107.46251854,107.65225435,105.0271754,105.23372324
2022-09-14,105.63721204,106.03109397,104.84944818,105.64681892
2022-09-15,105.14726135,105.93502521,104.2730356,104.57084877
2022-09-16,103.48527175,103.84072617,102.91846604,103.76387116
2022-09-19,102.7743629,104.36910437,102.72632852,104.36910437
2022-09-20,103.31234797,103.542913,102.4477291,103.09138982
2022-09-21,103.48527175,104.12893246,101.3525452,101.43900709
2022-09-22,101.27569019,101.53507585,100.39185757,100.59360197
2022-09-23,99.23903241,99.23903241,97.30324683,98.36480667
2022-09-26,97.76918033,98.72986797,96.81809958,97.173554
2022-09-27,98.12463476,98.67222671,96.241687,96.91416834
2022-09-28,97.02945086,99.3254943,96.39539702,98.90279174
2022-09-29,97.84603534,97.91328348,96.32814889,97.19276775
2022-09-30,96.81809958,97.99013849,95.97269446,96.02072884
2022-10-03,97.0102371,98.88357799,96.59714142,98.37441354
2022-10-04,100.24775443,101.79446151,100.24775443,101.72721338
2022-10-05,100.4206782,101.81367527,99.7289831,101.34293833
2022-10-06,100.65124323,101.39097271,99.94994126,100.0940444
2022-10-07,99.15257052,99.15257052,97.14473337,97.55782905
2022-10-10,97.88446285,97.88446285,96.20325949,96.94298897
2022-10-11,96.30893513,97.47136717,95.66306484,96.11679761
2022-10-12,96.06876322,96.47225203,95.66047098,95.81898444
2022-10-13,93.91682293,98.48969606,93.60940289,98.28795166
2022-10-14,98.85475736,99.10453614,95.90544633,96.03033572
2022-10-17,97.87485597,98.83554361,97.87485597,98.49930293
2022-10-18,100.51674696,100.61281573,98.72026109,99.55605933
2022-10-19,98.97003987,99.51763182,97.98053161,98.71065421
2022-10-20,98.62419233,99.87308625,97.85189554,98.0669935
2022-10-21,97.79800096,100.29578881,97.42333279,100.18050629
2022-10-24,100.47831946,101.25647644,99.71937623,100.93944952
2022-10-25,101.23726269,102.96650042,101.23726269,102.85121791
2022-10-26,102.25559158,103.91758118,102.25559158,102.60143912
2022-10-27,102.88964541,103.41639044,101.98659904,102.07306093
2022-10-28,102.06345405,104.10971871,102.03463342,104.02325682
2022-10-31,103.22588609,103.68701615,102.96650042,103.19706546
2022-11-01,104.65731066,104.65731066,102.84161103,103.21627921
2022-11-02,103.16824483,104.36910437,100.79534638,100.84338076
2022-11-03,99.68094872,100.53596071,99.25824616,99.8538725
2022-11-04,101.87131652,102.51497724,100.39185757,101.94817153
2022-11-07,102.27480533,102.98571418,101.79446151,102.72632852
2022-11-08,103.1778517,104.2730356,102.48615661,103.46605799
2022-11-09,102.89925229,103.12021045,101.41979334,101.50625522
2022-11-10,105.30097137,107.22234664,104.84944818,107.10706412
2022-11-11,107.7219042,108.8170881,107.18391913,108.5769162
2022-11-14,107.93325548,108.69219871,107.43369791,107.49133917
2022-11-15,109.19175628,109.45114194,107.39527041,108.42320618
2022-11-16,108.11578613,108.30792366,107.53937355,107.7219042
2022-11-17,106.36733464,107.54898043,106.31997274,107.44330479
2022-11-18,108.29831678,108.29831678,107.17431225,107.8467936
2022-11-21,107.21273976,107.45771511,106.72278907,107.20313288
2022-11-22,107.76993859,108.74983997,107.5201598,108.73062622
2022-11-23,108.72101934,109.70092073,108.6777884,109.56642446
2022-11-25,109.39350068,109.83541699,109.39350068,109.7105276
2022-11-28,108.93237062,109.38389381,107.86600735,108.0869655
2022-11-29,108.17342739,108.50870737,107.58740794,107.99089674
2022-11-30,108.30792366,110.9306009,107.63544232,110.90178027
2022-12-01,111.60308224,111.80482664,110.62318085,111.26684157
2022-12-02,109.94109263,111.38212408,109.94109263,111.14195217
2022-12-05,110.45986396,110.67121523,108.85551561,109.16293565
2022-12-06,109.12450815,109.32625255,107.34723603,107.89482798
2022-12-07,107.74111796,108.30792366,107.50094605,107.76033171
2022-12-08,108.19264114,108.74983997,107.73151108,108.53848869
2022-12-09,108.37517179,109.02843938,107.93325548,107.98128986
2022-12-12,108.19264114,109.11490127,107.94286236,109.07647377
2022-12-13,112.29840693,112.29840693,109.53062476,110.18869884
2022-12-14,110.21773152,111.04032413,108.87255067,109.67578816
2022-12-15,108.31125219,108.38867267,106.50154846,106.86929574
2022-12-16,106.17251142,106.4918709,105.17581951,105.74669877
2022-12-19,105.93057242,105.94992754,104.57571401,104.99184909
2022-12-20,104.77894277,105.68863341,104.65313449,105.25314321
2022-12-21,105.94024998,106.98542646,105.83379681,106.70477722
2022-12-22,105.99831534,106.02734802,103.95635016,105.37895149
2022-12-23,105.13701249,105.91121729,104.74991009,105.91121729
2022-12-27,105.99831534,106.38541774,105.23378809,105.65960073
2022-12-28,105.77573145,106.07573582,104.38216281,104.39184037
2022-12-29,105.36927393,106.42316022,105.18540029,106.2015441
2022-12-30,105.42733929,105.77815084,104.89507349,105.72734365
2023-01-03,106.4918709,107.00478158,104.89507349,105.58218025
2023-01-04,106.53058114,107.08220206,105.67895585,106.61767918
2023-01-05,105.94992754,105.94992754,105.29185345,105.36927393
2023-01-06,106.16283386,108.07899075,105.45637197,107.85640687
2023-01-09,108.63061167,109.35642868,107.90479467,107.98221515
2023-01-10,107.74995371,108.57254631,107.51285348,108.57254631
2023-01-11,109.03706919,109.7628862,108.86287311,109.75320864
2023-01-12,110.26611932,110.86128927,109.1822326,110.60483392
2023-01-13,109.84030668,111.18064875,109.811274,111.09838949
2023-01-17,111.30161825,111.61130017,110.85645049,111.08871193
2023-01-18,111.65968797,111.90162697,109.74353108,109.811274
2023-01-19,109.20158772,109.6661106,108.73706483,109.11448967
2023-01-20,109.41449404,110.91451585,109.01771407,110.86612805
2023-01-23,110.99193633,112.34679473,110.72096464,111.96936989
2023-01-24,111.53387969,112.03711281,111.11774461,111.86291673
2023-01-25,110.85645049,112.12421085,110.42096028,112.08550061
2023-01-26,112.61776642,113.01454638,111.82420649,113.01454638
2023-01-27,112.63712154,113.70165314,112.55970106,113.1790649
2023-01-30,112.43389278,113.01454638,111.84356161,111.90162697
2023-01-31,111.96936989,113.28551806,111.77581869,113.23713026
2023-02-01,113.07261174,115.05109212,112.41453766,114.42747015
2023-02-02,115.33716079,115.9178144,114.66940915,115.57909979
2023-02-03,114.23391895,115.45329151,114.05004531,114.35972723
2023-02-06,113.50810194,113.77907362,112.96615858,113.5177795
2023-02-07,113.1790649,115.06135033,112.90809322,114.82425011
2023-02-08,114.35972723,114.63069891,113.54681218,113.74036338
2023-02-09,114.95005839,114.95005839,112.75325226,113.05325662
2023-02-10,112.65647666,113.15970978,112.4048601,113.06293418
2023-02-13,113.29519562,114.39843747,113.15970978,114.32101699
2023-02-14,113.93391458,114.99844619,113.31455074,114.46618039
2023-02-15,113.65326534,114.63069891,113.45971414,114.63069891
2023-02-16,113.38229366,114.44682527,113.18874246,113.38229366
2023-02-17,112.7435747,113.21293636,112.29840693,113.11132198
2023-02-21,112.04679037,112.33711717,111.08387315,111.17580997
2023-02-22,111.25323045,111.51452457,110.56612368,110.92419341
2023-02-23,111.66936553,111.74678601,110.27579688,111.45645921
2023-02-24,109.89837204,110.17902128,109.4241716,109.98547008
2023-02-27,111.10806705,111.45645921,110.4887032,110.67257684
2023-02-28,110.60483392,110.93387097,110.295152,110.30482956
2023-03-01,110.40160516,110.62418904,109.75320864,110.15966616
2023-03-02,109.57901256,110.99193633,109.46288184,110.78870757
2023-03-03,111.34032849,112.5984113,111.14677729,112.52099082
2023-03-06,112.63712154,113.12099954,112.35647229,112.47260302
2023-03-07,112.43389278,112.43389278,110.51773588,110.69193196
2023-03-08,110.83709537,111.18548753,110.3919276,110.95322609
2023-03-09,111.12742217,111.53387969,108.97900383,109.21126528
2023-03-10,109.03706919,109.4967533,107.33381862,107.66285567
2023-03-13,106.62735674,108.43706047,106.23057678,107.35317374
2023-03-14,108.73706483,109.32255722,107.84672931,108.98868139
2023-03-15,106.71445478,107.48865958,105.94992754,107.4596269
2023-03-16,106.79187526,109.26933064,106.67090576,109.24997552
2023-03-17,108.72738727,108.93061603,107.59511275,107.96286003
2023-03-20,108.37899511,109.327396,108.30157463,109.14352235
2023-03-21,110.37257248,110.81774025,109.88869448,110.70160952
2023-03-22,110.66289928,111.48549189,109.25965308,109.26933064
2023-03-23,110.01450276,111.04032413,108.79513019,109.44352672
2023-03-24,108.86287311,109.79191888,108.35963999,109.7628862
2023-03-27,110.35321736,110.69193196,109.92740472,110.28547444
2023-03-28,110.18869884,110.35321736,109.72417596,110.1983764
2023-03-29,111.39839385,111.73710845,111.00161389,111.68872065
2023-03-30,112.53066838,112.68550934,112.10485573,112.5016357
2023-03-31,112.7919625,113.9048819,112.7919625,113.87584922
2023-04-03,113.93391458,114.45650283,113.70165314,114.40811503
2023-04-04,114.63069891,114.73715207,113.6629429,113.97262482
2023-04-05,113.7113307,113.82746142,113.09196686,113.47906926
2023-04-06,113.35326098,114.02101263,113.04357906,113.88552678
2023-04-10,113.25648538,114.01133507,113.06293418,113.99197994
2023-04-11,114.14682091,114.51456819,113.99197994,114.13714335
2023-04-12,114.99844619,115.07586667,113.94359214,114.04036775
2023-04-13,114.66940915,115.6758754,114.54602026,115.56942223
2023-04-14,115.47264663,115.94684708,114.73715207,115.29845055
2023-04-17,115.20167495,115.48232419,114.79763682,115.46296907
2023-04-18,116.05330024,116.0629778,115.44845273,115.76297344
2023-04-19,115.22103007,115.78232856,115.20651373,115.58877735
2023-04-20,114.87263791,115.58877735,114.76618475,115.13393203
2023-04-21,115.28877299,115.38554859,114.76976545,115.37587103
2023-04-24,115.38554859,115.56942223,115.03715643,115.51135687
2023-04-25,115.04683399,115.04683399,113.69197558,113.70165314
2023-04-26,114.06940043,114.21456383,113.20809758,113.33390586
2023-04-27,114.07907799,115.36619347,113.94359214,115.33716079
2023-04-28,114.85328279,115.92749196,114.85328279,115.92749196
2023-05-01,115.9178144,116.27975514,115.81136124,115.81136124
2023-05-02,115.44361395,115.45329151,113.76939606,114.55327843
2023-05-03,114.70811939,115.6274876,114.05004531,114.05972287
2023-05-04,113.84681654,113.96285049,113.2274527,113.50810194
2023-05-05,114.50489063,115.73394076,114.50005185,115.50167931
2023-05-08,115.60813247,115.66135906,115.27909543,115.55006711
2023-05-09,114.91134815,115.32748323,114.88599294,115.07586667
2023-05-10,115.79200612,115.85007148,114.54360087,115.35651591
2023-05-11,114.96941351,115.13393203,114.46618039,115.08554423
2023-05-12,115.37587103,115.47264663,114.35004967,114.92102571
2023-05-15,115.24038519,115.71458564,114.87263791,115.60813247
2023-05-16,115.19199739,115.39522615,114.61134379,114.61134379
2023-05-17,115.06618911,115.87910416,114.65005403,115.70490808
2023-05-18,115.64684272,116.53717824,115.52103443,116.4500802
2023-05-19,116.72105188,116.92428064,116.24685144,116.50814556
2023-05-22,116.46943532,116.95331332,116.31459436,116.58556604
2023-05-23,116.00491244,116.23717388,115.10489935,115.19199739
2023-05-24,114.52424575,114.64037647,113.84197776,114.10811067
2023-05-25,114.65973159,114.84360523,114.11294945,114.59198867
2023-05-26,114.98876863,116.17910852,114.87263791,116.04362268
2023-05-30,116.27588412,116.41136996,115.36619347,115.66619784
2023-05-31,115.05651155,115.23070763,114.34037211,114.77586231
2023-06-01,115.13393203,116.45975776,114.88231547,116.1597534
2023-06-02,117.224285,118.03720005,117.09847672,117.90171421
2023-06-05,117.86300397,118.10494297,117.37912597,117.54364449
2023-06-06,117.38880353,118.16300833,117.33073817,118.04687761
2023-06-07,118.01728059,118.33230602,117.28443608,117.41146246
2023-06-08,117.5971164,118.27621899,117.36358329,118.18339202
2023-06-09,118.42767352,118.79898141,118.07590815,118.32018966
2023-06-12,118.63286998,119.24845938,118.4569873,119.23868812
2023-06-13,119.85427751,120.28421296,119.76633617,120.13764405
2023-06-14,120.50895194,120.89003109,119.49274088,120.36238304
2023-06-15,120.29398422,122.13098113,120.19627162,121.84761459
2023-06-16,122.39480516,122.46320398,121.39813662,121.44699292
2023-06-20,120.78254723,120.81186101,120.07413086,120.4210106
2023-06-21,120.21581414,120.59200765,119.85427751,120.09855901
2023-06-22,119.57091096,120.20604288,119.48296962,120.07901649
2023-06-23,118.93577905,119.4145708,118.7795366,119.00417787
2023-06-26,118.96509283,119.37060013,118.62309872,118.75989637
2023-06-27,118.94555031,120.11810153,118.85760897,119.99107515
2023-06-28,119.62953852,120.2744417,119.59045348,120.01061767
2023-06-29,119.88359129,120.36238304,119.69793735,120.36238304
2023-06-30,121.24179646,121.92578467,121.24179646,121.6717319
2023-07-03,121.72058821,121.9795266,121.63264686,121.94532719
2023-07-05,121.20271142,121.49584922,121.12454133,121.31996654
2023-07-06,120.02038893,120.06924523,119.22891686,119.96176137
2023-07-07,119.84450625,120.95842991,119.73702239,120.05947397
2023-07-10,119.93244759,120.43078186,119.90313381,120.43078186
2023-07-11,120.74346219,121.33950906,120.46009564,121.33950906
2023-07-12,122.55114532,122.91268195,122.36549138,122.65862918
2023-07-13,123.50872882,124.26600149,123.46964378,124.07546191
2023-07-14,124.13408947,124.33928594,123.64552646,123.74323906
2023-07-17,123.62598394,124.1389751,123.54781386,124.01683435
2023-07-18,124.09500443,125.10144423,123.97774931,125.00373163
2023-07-19,125.19915683,125.45565241,124.99396037,125.16984305
2023-07-20,124.95487533,125.11023837,124.24157333,124.41745602
2023-07-21,124.85716273,124.86693399,124.43699854,124.48585484
2023-07-24,124.57379618,124.87905035,124.31974342,124.67150878
2023-07-25,124.66173752,125.28524164,124.66173752,124.99396037
2023-07-26,124.55425366,125.34572574,124.55425366,125.08190171
2023-07-27,125.98085765,126.05853917,124.14386073,124.30997216
2023-07-28,125.32618322,125.65840606,125.06235919,125.5020659
2023-07-31,125.6974911,125.88265648,125.33595448,125.5997785
2023-08-01,125.09167297,125.24654745,124.72036508,124.98418911
2023-08-02,123.95820679,123.95820679,122.77588431,123.02016581
2023-08-03,122.24823626,123.07879337,122.09189609,122.64885792
2023-08-04,123.11787841,123.81163789,122.17006617,122.35572012
2023-08-07,123.00062329,123.42078748,122.64885792,123.40124496
2023-08-08,122.42411894,122.84428313,121.7841014,122.77588431
2023-08-09,122.86382565,122.86382565,121.91220262,122.15052365
2023-08-10,123.02016581,123.79209537,122.01372601,122.30686382
2023-08-11,121.73035947,122.22869374,121.49584922,122.01372601
2023-08-14,121.58379056,122.30686382,121.31996654,122.30686382
2023-08-15,121.69127442,121.77921577,120.60666454,120.85094605
2023-08-16,120.68483462,121.03659999,119.83473499,119.89336255
2023-08-17,120.25489918,120.41241189,118.92600779,119.06280543
2023-08-18,118.2615621,119.30708694,118.12476445,119.03349165
2023-08-21,119.28754442,119.90313381,118.80875267,119.76633617
2023-08-22,120.15718657,120.17672909,119.24845938,119.4145708
2023-08-23,119.79564995,120.9094759,119.74679365,120.68483462
2023-08-24,120.98774369,120.98774369,119.08234795,119.08234795
2023-08-25,119.62953852,120.21581414,118.59378494,119.89336255
2023-08-28,120.64574958,120.94856094,120.3721543,120.81186101
2023-08-29,120.79231849,122.61954414,120.65552084,122.5316028
2023-08-30,122.71725674,123.18627723,122.49251776,123.01039455
2023-08-31,123.10810715,123.36215992,122.71725674,122.82474061
2023-09-01,123.65529772,123.71363215,122.6781717,123.02993707
2023-09-05,122.91268195,122.91268195,122.30256446,122.34594886
2023-09-06,122.16029491,122.19937995,121.04637125,121.60333308
2023-09-07,120.84117479,121.384066,120.67506336,121.25156772
2023-09-08,121.2808815,121.70104568,121.11477007,121.2808815
2023-09-11,122.04303979,122.2873213,121.79875829,122.22869374
2023-09-12,121.87692837,122.10166735,121.55447678,121.63264686
2023-09-13,121.56424804,121.92578467,121.37370847,121.6717319
2023-09-14,122.50228902,122.99085203,122.12120987,122.84428313
2023-09-15,122.66840044,122.70748548,121.71081695,121.76944451
2023-09-18,121.63264686,121.93555593,121.31996654,121.6717319
2023-09-19,121.53493426,121.66196064,120.87048857,121.49584922
2023-09-20,121.97464097,122.07235357,120.58712202,120.60666454
2023-09-21,119.75656491,119.75656491,118.56447116,118.58401368
2023-09-22,119.01394913,119.28754442,118.32018966,118.39835974
2023-09-25,117.94888177,118.65241251,117.76322783,118.61332746
2023-09-26,117.74368531,117.92357421,116.76655929,116.93267071
2023-09-27,117.38214868,117.4016912,115.96531595,116.84472937
2023-09-28,116.79587307,118.08567941,116.70793173,117.76322783
2023-09-29,118.65241251,118.75012511,117.1574097,117.42123372
2023-10-02,117.04015457,117.26489356,116.23891124,116.77633055
2023-10-03,116.05325729,116.38548014,114.83184977,115.2422427
2023-10-04,115.46698168,116.00440099,114.83184977,115.91645965
2023-10-05,115.93600217,116.35616636,115.32041278,116.16074116
2023-10-06,115.66240689,117.89025421,115.20315766,117.4994038
2023-10-09,116.90335693,118.21759143,116.83495811,118.02705185
2023-10-10,118.62309872,119.64908104,118.47652982,118.99440661
2023-10-11,119.45365584,119.59045348,118.72081133,119.52205466
2023-10-12,119.72725113,119.72725113,118.06613689,118.6035562
2023-10-13,118.89669401,119.16051804,117.52871758,117.91956799
2023-10-16,118.43744478,119.19960308,118.3592747,119.06280543
2023-10-17,118.18339202,119.53182592,118.12476445,119.05303417
2023-10-18,118.44721604,118.5484463,117.07923961,117.31374986
2023-10-19,117.4016912,117.82185539,116.07279981,116.25845376
2023-10-20,116.11188486,116.23891124,114.91001985,114.95887615
2023-10-23,114.53871196,115.77966201,113.99826356,114.81230725
2023-10-24,115.23247144,115.84806083,114.90024859,115.59400807
2023-10-25,115.16407262,115.16407262,113.99582075,114.09900526
2023-10-26,113.76678241,113.97197887,112.65285875,112.93622529
2023-10-27,113.48341586,113.48341586,112.0763544,112.37926346
2023-10-30,113.24890562,113.95243635,112.98508159,113.76678241
2023-10-31,113.84495249,114.49044194,113.48341586,114.4312281
2023-11-01,114.67550961,115.72103445,114.56802575,115.61355059
2023-11-02,116.98152701,117.97819555,116.95221323,117.95865303
2023-11-03,118.81852393,119.54159718,118.67195503,119.14097551
2023-11-06,119.23868812,119.45365584,118.67195503,119.10189047
2023-11-07,118.94555031,119.39502828,118.62309872,119.19960308
2023-11-08,119.37548576,119.54159718,118.64264124,119.22891686
2023-11-09,119.81519247,119.81519247,118.47652982,118.53515738
2023-11-10,119.01394913,120.11810153,118.4569873,120.03016019
2023-11-13,119.609996,120.2744417,119.43411332,120.06924523
2023-11-14,121.95509845,122.88336817,121.77921577,122.59023036
2023-11-15,122.97130951,123.33274842,122.64309288,122.78565557
2023-11-16,122.61954414,122.93222447,122.32640634,122.78565557
2023-11-17,123.18627723,123.49895756,122.99085203,123.41101622
2023-11-20,123.35238866,124.3490572,123.23513353,124.16340325
2023-11-21,124.04614813,124.05591939,123.6846115,123.89957923
2023-11-22,124.35882846,124.55386281,123.91912175,124.31974342
2023-11-24,124.36859972,124.642195,124.35882846,124.60310996
2023-11-27,124.3979135,124.58356744,124.27088712,124.3979135
2023-11-28,124.18294577,124.82784895,124.09500443,124.4956261
2023-11-29,125.05258793,125.26726252,124.41745602,124.51516862
2023-11-30,124.77899265,124.96464659,124.23180207,124.85716273
2023-12-01,124.73013634,125.93200135,124.60320767,125.81474623
2023-12-04,124.77899265,125.24801313,124.51516862,125.11121549
2023-12-05,124.60310996,125.19915683,124.60310996,124.91579029
2023-12-06,125.63886354,125.73657614,124.57379618,124.62265248
2023-12-07,125.17961431,125.6486348,124.93533281,125.52160842
2023-12-08,125.31641196,126.15674033,125.26755565,125.97108639
2023-12-11,125.75611866,126.4596494,125.75611866,126.44987814
2023-12-12,126.42056436,126.83095729,125.98085765,126.78210098
2023-12-13,126.93844115,128.7168105,126.68438838,128.65818294
2023-12-14,129.35194241,129.74279282,128.70703924,129.33239989
2023-12-15,129.08811839,129.34217115,128.70703924,128.93177823
2023-12-18,129.39102746,129.69393652,129.20537351,129.5278251
2023-12-19,129.79164912,130.44632356,129.79164912,130.42678104
2023-12-20,130.30793024,130.7315517,128.6429994,128.69225771
2023-12-21,129.75623718,130.26852359,129.22424744,130.19956196
2023-12-22,130.53451846,130.86642094,129.93918254,130.46555683
2023-12-26,130.67244172,131.27339309,130.64288674,131.00739822
2023-12-27,131.08621152,131.44087134,131.01143741,131.38176137
2023-12-28,131.50983298,131.66745956,131.21428312,131.30294808
2023-12-29,131.23398645,131.53938796,130.61333175,131.04680487
2024-01-02,130.07149036,130.36704021,129.57890727,129.95327042
2024-01-03,129.27350575,129.46068733,128.71688686,128.90899427
2024-01-04,128.8498843,129.59861059,128.72181269,128.76121934
2024-01-05,128.73166436,129.67742389,128.60359275,128.91884593
2024-01-08,129.14543415,130.64288674,129.08632418,130.62318342
2024-01-09,129.81534715,130.42615018,129.60846225,130.10104534
2024-01-10,130.41629852,131.07635986,130.25867193,130.8596233
2024-01-11,131.08621152,131.23989744,129.73545017,130.84977164
2024-01-12,131.33250306,131.61820125,130.75125502,130.95813992
2024-01-16,130.27837525,130.58367825,129.65772056,130.05178703
2024-01-17,129.01736255,129.26365409,128.54448278,129.20454412
2024-01-18,129.59861059,130.38674353,129.32276406,130.28822692
2024-01-19,130.51481514,131.64775624,130.22911694,131.64775624
2024-01-22,132.0713777,132.36692755,131.79553117,131.95315775
2024-01-23,132.03197105,132.18959764,131.58864627,132.120636
2024-01-24,133.10580218,133.36194539,132.34722423,132.42603752
2024-01-25,132.90876895,133.01713723,132.4063342,132.94817559
2024-01-26,133.14520883,133.44075868,132.8693623,133.06639553
2024-01-29,133.15506049,134.10082002,132.95802726,134.09096836
2024-01-30,133.84467681,134.07126504,133.70182772,133.97274842
2024-01-31,133.6673469,133.80527017,132.120636,132.20930096
2024-02-01,132.61321909,133.78458168,132.4063342,133.73630854
2024-02-02,133.51957198,134.71162305,133.32253874,134.42592486
2024-02-05,134.10082002,134.15992999,133.14520883,133.82497349
2024-02-06,133.98260008,134.34711157,133.77571518,134.34711157
2024-02-07,134.71162305,135.2140578,134.65251308,135.11554118
2024-02-08,135.12539284,135.26331611,134.83969465,135.19435448
2024-02-09,135.36183273,135.95293243,135.2928711,135.85441582
2024-02-12,135.92337745,136.50137444,135.85441582,135.95293243
2024-02-13,134.15992999,134.46533151,133.13535717,133.91363845
2024-02-14,134.68206807,135.46034935,134.3372599,135.3421294
2024-02-15,135.68693757,136.52432882,135.64753092,136.49477383
2024-02-16,136.3469989,136.79032368,135.84456415,135.99233908
2024-02-20,135.90367412,136.04159739,135.12539284,135.56871762
2024-02-21,135.24361279,135.6770859,134.80028801,135.65738258
2024-02-22,137.27305511,138.26807295,137.0957252,138.1005947
2024-02-23,138.37644123,138.6424361,138.01192974,138.24836963
2024-02-26,138.24836963,138.40599621,137.52919832,137.71637989
2024-02-27,137.92326479,138.12029802,137.57353079,138.07103971
2024-02-28,137.42083004,137.82474817,137.42083004,137.6375666
2024-02-29,138.18925966,138.4355512,137.39127505,138.19911132
2024-03-01,138.51436449,139.4985455,138.16955633,139.4404207
2024-03-04,139.2335358,139.73104472,139.14487085,139.27294245
2024-03-05,138.8985793,139.09561254,137.64741826,138.18925966
2024-03-06,139.36160741,139.74582222,138.83946933,139.22368414
2024-03-07,140.08077872,140.9083183,139.93300379,140.72113673
2024-03-08,140.86891166,141.47971469,139.72119306,139.97241044
2024-03-11,139.46997569,139.69656391,138.88872764,139.5684923
2024-03-12,140.15959201,141.07579655,139.4404207,141.03638991
2024-03-13,141.07579655,141.23243798,140.5733618,140.9083183
2024-03-14,141.01668658,141.15460985,139.58819563,140.28766361
2024-03-15,139.72611889,140.10048204,139.2483133,139.63745394
2024-03-18,140.53395516,140.73098839,140.01181708,140.06107539
2024-03-19,139.94285545,140.79009836,139.63745394,140.75069172
2024-03-20,140.77039504,142.17918267,140.5733618,142.07081439
2024-03-21,142.79983736,142.94761229,142.46488086,142.52399083
2024-03-22,142.49443585,142.5338425,142.08066605,142.25799597
2024-03-25,141.82452285,142.15947935,141.82452285,141.8639295
2024-03-26,142.21858932,142.36636425,141.62748961,141.67674792
2024-03-27,142.33680926,142.77028238,141.9131878,142.76043072
2024-03-28,142.76043072,142.9968706,142.51413917,142.76043072
2024-04-01,142.65206244,142.95746395,142.01170442,142.35651258
2024-04-02,141.30238478,141.41075305,140.7802467,141.37134641
2024-04-03,141.20386816,142.10036938,141.20386816,141.79496786
2024-04-04,142.84909567,143.03627725,140.1743695,140.18914699
2024-04-05,140.35662525,141.8639295,140.28766361,141.43045638
2024-04-08,141.8639295,141.94333389,141.48956635,141.58808297
2024-04-09,142.15947935,142.26784763,140.66202676,141.69645125
2024-04-10,140.10048204,140.73098839,139.70641557,140.13003702
2024-04-11,140.63247177,141.34179142,139.52908566,141.09549988
2024-04-12,139.89359714,140.37632857,138.59317779,138.8985793
2024-04-15,140.13988869,140.22855364,137.31246176,137.47994001
2024-04-16,137.16468683,137.57845663,136.58343879,136.91839529
2024-04-17,137.65726992,137.65726992,135.98248742,136.46521885
2024-04-18,136.72136205,137.21778729,135.80515751,136.06130071
2024-04-19,135.99233908,136.36670223,134.89880462,135.27316777
2024-04-22,136.02189407,137.18192724,135.53916264,136.45536718
2024-04-23,137.03661523,138.24452748,136.94795027,137.98237476
2024-04-24,138.24836963,138.42569954,137.34201674,137.87400648
2024-04-25,136.25833395,137.60801161,135.70664089,137.38142339
2024-04-26,138.19911132,138.92813429,138.19911132,138.71139773
2024-04-29,139.16457417,139.29264577,138.6424361,139.13501919
2024-04-30,138.61288111,138.95768927,136.97750526,137.10557686
2024-05-01,136.77062036,138.46510619,136.52432882,136.54403214
2024-05-02,137.68682491,138.24836963,136.83958199,138.00207808
2024-05-03,139.7753772,139.95270711,138.96754094,139.67686058
2024-05-06,140.42558688,141.04624157,140.36647691,141.04624157
2024-05-07,141.26297813,141.528973,141.05609323,141.1940165
2024-05-08,140.69158175,141.22357148,140.60784262,141.18416483
2024-05-09,141.22357148,142.03140775,141.1152032,142.00185276
2024-05-10,142.56339748,142.68161742,141.95259445,142.23829264
2024-05-13,142.64221078,142.64221078,141.94274279,142.14962769
2024-05-14,142.4550292,143.02642558,142.25307014,142.98701894
2024-05-15,143.54856366,144.6716531,143.43034372,144.62239479
2024-05-16,144.70120809,144.85883467,144.208625,144.26773497
2024-05-17,144.31699328,144.55343316,144.13966336,144.55343316
2024-05-20,144.69135642,145.05586791,144.5435815,144.60269147
2024-05-21,144.32684494,144.86376051,144.32684494,144.83913135
2024-05-22,144.56328482,144.56821065,143.63722861,144.13966336
2024-05-23,145.2134945,145.2134945,142.85894733,143.14464553
2024-05-24,143.64708028,144.38467419,143.59289614,144.13966336
2024-05-28,144.43521322,144.50417485,143.56826698,144.16921835
2024-05-29,142.868799,143.1249422,142.63235911,142.67176576
2024-05-30,142.78013404,142.98701894,142.0916014,142.48458419
2024-05-31,142.90820564,143.76530022,141.64719294,143.54856366
2024-06-03,144.15936669,144.26773497,142.69245425,143.89337182
2024-06-04,143.538712,144.03011289,143.06455152,143.86381684
2024-06-05,144.49432319,145.37112109,143.99188844,145.37112109
2024-06-06,145.50904435,145.62726429,145.04601625,145.45978604
2024-06-07,145.04601625,145.45978604,144.62239479,144.84898301
2024-06-10,144.5435815,145.24304948,144.09533089,145.17408785
2024-06-11,144.46825372,144.99464018,143.82268542,144.97477654
2024-06-12,146.68304958,147.12511489,146.12190175,146.32550406
2024-06-13,146.43475408,146.43475408,145.2528675,146.00768582
2024-06-14,145.19327658,145.58061756,144.76620832,145.58061756
2024-06-17,145.38198116,146.74522277,145.17341294,146.46454954
2024-06-18,146.58373138,146.990936,146.52414046,146.95120872
2024-06-20,147.03066328,147.31203174,146.22618586,146.71284504
2024-06-21,146.11693584,146.41985635,145.82891306,146.22618586
2024-06-24,146.48441318,147.20943604,146.20632222,146.26591314
2024-06-25,146.55393592,146.87175416,146.23611768,146.77243596
2024-06-26,146.2460495,146.80719733,146.06727674,146.6929814
2024-06-27,146.71284504,147.0405951,146.43475408,146.73270868
2024-06-28,147.08032238,147.84507252,146.1963904,146.48441318
2024-07-01,147.03066328,147.0902542,146.13679948,146.80223142
2024-07-02,146.42482226,147.56698156,146.3950268,147.56698156
2024-07-03,148.11323166,148.59989084,147.9344589,148.57009538
2024-07-05,149.0269591,149.49375464,148.45468763,149.473891
2024-07-08,149.65266376,149.73211832,149.1262773,149.31498188
2024-07-09,149.36464098,149.58314102,149.13620912,149.40436826
2024-07-10,149.89102744,150.98352764,149.73211832,150.98352764
2024-07-11,151.24175496,151.5099141,150.01020928,150.23864114
2024-07-12,150.7153685,152.29452788,150.61704348,151.3609368
2024-07-15,151.81780052,152.2548006,151.10270948,151.37086862
2024-07-16,151.52977774,152.37398244,151.43045954,152.2548006
2024-07-17,150.90407308,151.35100498,150.40748208,150.5663912
2024-07-18,150.87427762,150.95373218,148.68927722,149.21566368
2024-07-19,149.0269591,149.28518642,148.02404392,148.16289076
2024-07-22,149.34477734,149.88109562,148.96160772,149.74205014
2024-07-23,149.59307284,150.0201411,149.20573186,149.26532278
2024-07-24,148.26220896,148.26220896,146.1467313,146.22618586
2024-07-25,145.90836762,147.56698156,145.11382202,145.501163
2024-07-26,146.62345866,147.75072023,146.37516316,147.12004966
2024-07-29,147.60670884,147.6861634,146.6433223,147.07039056
2024-07-30,147.60670884,147.8176607,145.91829944,146.65325412
2024-07-31,148.90777726,149.6725274,148.34166352,148.94750454
2024-08-01,148.85811816,149.35172961,145.4018448,146.30564042
2024-08-02,144.31927642,144.6072992,142.40243516,143.63398084
2024-08-05,137.77420704,140.99211672,137.44645698,139.72084376
2024-08-06,139.86982106,142.41733289,139.3434346,140.79348032
2024-08-07,142.85929888,143.38568534,140.1876393,140.21743476
2024-08-08,141.75686686,143.44527626,141.19075312,143.19698076
2024-08-09,143.13738984,144.2596855,142.86426479,144.04118546
2024-08-12,144.18023094,144.57750374,143.45262581,143.9120718
2024-08-13,144.96484472,146.47448136,144.94498108,146.41489044
2024-08-14,146.53407228,147.1895724,146.15666312,146.86182234
2024-08-15,148.3813908,149.36960689,148.32676579,149.06668638
2024-08-16,148.91770908,149.8711638,148.91770908,149.68245922
2024-08-19,150.04993656,151.25168678,150.03007292,151.18216404
2024-08-20,151.18216404,151.53970956,150.68557304,150.963664
2024-08-21,151.47018682,152.06609602,151.1126413,151.82773234
2024-08-22,152.2548006,152.39384608,150.38761844,150.45714118
2024-08-23,151.79793688,152.84077798,151.49998228,152.7513916
2024-08-26,152.88050526,152.950028,151.95883236,152.31439152
2024-08-27,152.1554824,152.8010507,151.91711872,152.54282338
2024-08-28,152.47330064,152.56268702,151.00339128,151.81780052
2024-08-29,152.47330064,153.23805078,151.8078687,151.91711872
2024-08-30,152.46336882,153.21818714,151.62909594,153.12880076
2024-09-03,152.21507332,152.2548006,149.46793191,149.98041382
2024-09-04,149.35470916,150.49190255,149.2752546,149.69239104
2024-09-05,149.75198196,150.28830024,148.74886814,149.16600458
2024-09-06,149.2752546,149.6228683,146.47448136,146.7426405
2024-09-09,148.0337771,148.81829156,147.59677702,148.31186806
2024-09-10,148.68927722,148.85811816,147.35841334,148.71907268
2024-09-11,148.69920904,150.2684366,146.5440041,150.17905022
2024-09-12,150.20884568,151.44535727,149.6725274,151.32120952
2024-09-13,151.59930048,152.33425516,151.4105959,152.09589148
2024-09-16,152.19520968,152.64710749,151.74827778,152.62227794
2024-09-17,153.0493462,153.2976417,151.8575278,152.37398244
2024-09-18,152.74145978,153.8935509,151.81780052,151.96677782
2024-09-19,154.61857376,155.09530112,153.7445736,154.59871012
2024-09-20,154.06239184,154.32061916,153.40192581,154.05246002
2024-09-23,154.44973282,154.7377556,154.15426118,154.51925556
2024-09-24,154.90659654,155.26414206,154.1915055,155.00591474
2024-09-25,155.2343466,155.3500523,154.40007372,154.61857376
2024-09-26,156.23746042,156.27331429,155.37339208,156.0288922
2024-09-27,156.03882402,156.31194907,155.30386934,155.55216484
2024-09-30,155.36346026,155.95936946,154.49680965,155.84018762
2024-10-01,155.7309376,155.7309376,153.77436906,154.54905102
2024-10-02,154.30075552,154.8370738,153.62539176,154.56891466
2024-10-03,153.90348272,154.49541919,153.32743716,153.98293728
2024-10-04,154.91652836,155.35352844,154.08225548,155.27407388
2024-10-07,154.79734652,155.01584656,153.71477814,153.94321
2024-10-08,154.45966464,155.11516476,154.18157368,155.00591474
2024-10-09,154.74768742,155.929574,154.60864194,155.8302558
2024-10-10,155.3336648,155.7805967,154.97611928,155.57202848
2024-10-11,155.46277846,156.63473322,155.46277846,156.46589228
2024-10-14,156.65459686,157.66267659,156.56521048,157.45907428
2024-10-15,157.40941518,157.42927882,155.6812785,155.89977854
2024-10-16,156.13814222,156.64466504,155.8799149,156.53541502
2024-10-17,157.44914246,157.44914246,156.1778695,156.6248014
2024-10-18,157.25050606,157.4690061,156.79860825,157.3200288
2024-10-21,156.99227874,157.15377013,155.98916492,156.63473322
2024-10-22,155.88984672,156.55954934,155.7805967,156.38643772
2024-10-23,155.60182394,155.69121032,154.02266456,154.82714198
2024-10-24,155.55216484,155.57202848,154.66823286,155.3336648
2024-10-25,156.01896038,156.49568774,154.94632382,155.0853693
2024-10-28,156.00902856,156.09841494,155.74086942,155.77066488
2024-10-29,155.54223302,156.1282104,155.16482386,155.77066488
2024-10-30,155.3833239,156.0288922,155.11516476,155.20455114
2024-10-31,154.16171004,154.16171004,152.6520734,152.68186886
2024-11-01,153.55586902,154.38021008,153.21818714,153.2976417
2024-11-04,153.58566448,153.93327818,152.77125524,153.08907348
2024-11-05,153.40689172,154.936392,153.40689172,154.89666472
2024-11-06,156.93268782,157.42927882,155.82032398,157.28030152
2024-11-07,158.20396078,159.07796094,158.1145744,158.81973362
2024-11-08,158.55157448,159.1077564,158.39266536,158.78993816
2024-11-11,159.31632462,159.43550646,158.77007452,159.1574155
2024-11-12,158.78993816,158.91905182,157.40941518,158.09471076
2024-11-13,157.98546074,158.43239264,157.34982426,157.88614254
2024-11-14,158.25361988,158.3628699,157.1213924,157.23064242
2024-11-15,156.48575592,156.48575592,155.0853693,155.59189212
2024-11-18,155.69121032,156.56521048,155.46277846,156.31691498
2024-11-19,155.20455114,156.98234692,155.15985795,156.7737787
2024-11-20,156.6248014,156.7737787,155.35640867,156.68439232
2024-11-21,157.30016516,157.8166198,156.22762792,157.48886974
2024-11-22,157.44914246,158.26295579,157.44914246,158.17416532
2024-11-25,159.17727914,159.47523374,158.17416532,158.67075632
2024-11-26,158.78000634,159.11768822,158.4621881,158.9587791
2024-11-27,159.0084382,159.28652916,158.49694947,158.7601427
2024-11-29,159.09782458,160.18039296,158.97864274,160.04134748
2024-12-02,160.23005206,160.56773394,159.92216564,160.4485521
2024-12-03,160.55780212,160.75643852,160.29709185,160.61739304
2024-12-04,160.93521128,161.6403705,160.93521128,161.55098412
2024-12-05,161.76948416,161.9383251,161.43180228,161.56091594
2024-12-06,161.68009778,162.06743876,161.50629093,161.8390069
2024-12-09,161.99791602,162.02771148,160.8458249,160.91534764
2024-12-10,161.00473402,161.00473402,160.08107476,160.23005206
2024-12-11,161.06432494,161.65030232,160.86568854,161.48146138
2024-12-12,161.07425676,161.21330224,160.33930208,160.43862028
2024-12-13,160.98487038,161.2430977,159.86257472,160.2499157
2024-12-16,160.52800666,160.91375855,160.30950662,160.5975294
2024-12-17,160.08,160.19,159.65,160
2024-12-18,159.91,160.345,155.09,155.38
2024-12-19,156.24,156.71,155.05,155.16
2024-12-20,154.09,157.645,153.99,156.36
2024-12-23,156.47,157.47,155.67,157.4
2024-12-24,157.62,158.92,157.47,158.77
2024-12-26,158.69,159.27,158.26,159.06
2024-12-27,158.18,158.23,156.69,157.6
2024-12-30,156.12,156.83,155.14,156.12
2024-12-31,156.57,156.67,155.2242,155.5
2025-01-02,156.3,156.75,154.27,155.2
2025-01-03,156.03,157.04,155.62,156.98
2025-01-06,158.07,159.0967,157.56,157.76
2025-01-07,158.67,158.82,156.01,156.41
2025-01-08,156.23,156.79,155.5585,156.43
2025-01-10,155.42,155.57,153.74,154.25
2025-01-13,152.8,154.27,152.76,154.23
2025-01-14,154.85,155.045,153.62,154.43
2025-01-15,156.8,157.4,156.4,157.11
2025-01-16,157.45,157.88,156.87,157.14
2025-01-17,158.43,158.86,158.09,158.4
2025-01-21,159.62,160.32,159.11,160.27
2025-01-22,161.05,161.33,160.82,160.89
2025-01-23,160.9,162.17,160.76,161.87
2025-01-24,162.04,162.36,161.51,161.74
2025-01-27,158.95,160.05,158.85,159.98
2025-01-28,160.22,161.24,159.49,160.93
2025-01-29,160.81,161.075,159.9,160.41
2025-01-30,161.24,162.19,160.8113,161.55
2025-01-31,162.08,162.687,160.53,160.66
2025-02-03,158.01,159.91,157.52,159.37
2025-02-04,159.64,160.7348,159.49,160.64
2025-02-05,160.56,161.58,160.315,161.55
2025-02-06,162,162.16,161.4,162.06
2025-02-07,162.35,162.55,160.5524,160.6
2025-02-10,161.62,161.9,161.325,161.68
2025-02-11,161.34,162.13,161.31,161.97
2025-02-12,160.51,162.06,160.38,161.83
2025-02-13,162.26,163.62,161.95,163.55
2025-02-14,163.9,164,163.5,163.56
2025-02-18,164,164.21,163.55,164.09
2025-02-19,163.39,164.095,163.27,164.03
2025-02-20,163.86,163.98,162.85,163.71
2025-02-21,163.6,163.72,161.09,161.28
2025-02-24,161.88,161.97,160.41,160.63
2025-02-25,161.05,161.24,159.34,160.41
2025-02-26,160.9,161.778,159.94,160.51
2025-02-27,160.9,161.02,158,158.06
2025-02-28,158.17,160.09,157.38,160
2025-03-03,161.32,161.55,157.42,158.29
2025-03-04,157.17,159.005,155.29,156.96
2025-03-05,157.38,159.56,156.78,159.24
2025-03-06,157.26,158.54,155.9,156.49
2025-03-07,156.21,157.81,155,157.64
2025-03-10,155.2,155.66,152.15,153.34
2025-03-11,153.18,153.94,151.23,152.43
2025-03-12,153.91,154.11,151.87,153.2
2025-03-13,152.89,153.03,150.87,151.24
2025-03-14,152.73,154.64,152.68,154.46
2025-03-17,154.55,156.41,154.51,155.87
2025-03-18,155.28,155.37,154.0166,154.53
2025-03-19,154.95,156.85,154.58,155.93
2025-03-20,154.58,156.2971,154.56,155.33
2025-03-21,154.23,155.35,153.8411,155.23
2025-03-24,156.6,157.49,156.6,157.42
2025-03-25,157.83,157.97,157.42,157.78
2025-03-26,157.5,157.65,155.44,155.98
2025-03-27,155.43,156.3614,154.99,155.58
2025-03-28,155,155.19,152.64,152.88
2025-03-31,151.06,153.48,150.26,153.18
2025-04-01,152.84,154.05,151.88,153.6
2025-04-02,152.18,155.045,152.06,154.63
2025-04-03,150.14,150.82,148.08,148.28
2025-04-04,143.81,144.25,139.19,139.25
2025-04-07,134.67,143.2,132.93,138.01
2025-04-08,142.83,143.46,134.59,136.3
2025-04-09,135.83,149.31,135.57,148.48
2025-04-10,145.36,146.04,140.22,144.1
2025-04-11,143.95,147.32,143.205,146.92
2025-04-14,149.18,149.46,147,148.27