time,open,high,low,close
2002-09-23,0.4688,0.4688,0.4688,0.4688
2002-09-24,0.4688,0.4701,0.4688,0.4701
2002-09-25,0.4701,0.472,0.4701,0.472
2002-09-26,0.472,0.472,0.4703,0.4703
2002-09-27,0.4703,0.4712,0.4703,0.4712
2002-09-30,0.4703,0.4703,0.4693,0.4693
2002-10-01,0.4693,0.4741,0.4693,0.4741
2002-10-02,0.4741,0.4741,0.4731,0.4731
2002-10-03,0.4731,0.47735,0.4731,0.47735
2002-10-04,0.47735,0.4791,0.47735,0.4791
2002-10-07,0.4788,0.48355,0.4788,0.48355
2002-10-08,0.48355,0.48355,0.48095,0.48095
2002-10-09,0.48095,0.48095,0.48065,0.48065
2002-10-10,0.48065,0.48065,0.47955,0.47955
2002-10-14,0.4804,0.4804,0.47845,0.47845
2002-10-15,0.47845,0.47945,0.47845,0.47945
2002-10-16,0.47945,0.4802,0.47945,0.4802
2002-10-17,0.4802,0.48175,0.4802,0.48175
2002-10-18,0.48175,0.48175,0.4814,0.4814
2002-10-21,0.4815,0.48405,0.4815,0.48405
2002-10-22,0.48405,0.48405,0.48345,0.48345
2002-10-23,0.48345,0.48405,0.48345,0.48405
2002-10-24,0.48405,0.48585,0.48405,0.48585
2002-10-25,0.48585,0.4872,0.48585,0.4872
2002-10-28,0.4872,0.4891,0.4872,0.4891
2002-10-29,0.4891,0.4891,0.48625,0.48625
2002-10-30,0.48625,0.48625,0.48305,0.48305
2002-10-31,0.48305,0.48625,0.48305,0.48625
2002-11-01,0.48625,0.492,0.48625,0.492
2002-11-04,0.4917,0.4962,0.4917,0.4962
2002-11-05,0.4962,0.4962,0.4958,0.4958
2002-11-06,0.4958,0.4979,0.4958,0.4979
2002-11-07,0.4979,0.4997,0.4979,0.4997
2002-11-08,0.4997,0.4997,0.4966,0.4966
2002-11-11,0.4954,0.4954,0.4947,0.4947
2002-11-12,0.4947,0.4947,0.4933,0.4933
2002-11-13,0.4933,0.4971,0.4933,0.4971
2002-11-14,0.4971,0.5001,0.4971,0.5001
2002-11-15,0.5001,0.5001,0.5,0.5
2002-11-18,0.5,0.5,0.4972,0.4972
2002-11-19,0.4972,0.49755,0.4972,0.49755
2002-11-20,0.49755,0.49845,0.49755,0.49845
2002-11-21,0.49845,0.50315,0.49845,0.50315
2002-11-22,0.50315,0.5032,0.50315,0.5032
2002-11-25,0.503,0.503,0.4997,0.4997
2002-11-26,0.4997,0.4997,0.4967,0.4967
2002-11-27,0.4967,0.4967,0.49425,0.49425
2002-11-28,0.49425,0.49465,0.49425,0.49465
2002-11-29,0.49465,0.4984,0.49465,0.4984
2002-12-02,0.4993,0.4993,0.4985,0.4985
2002-12-03,0.4985,0.4985,0.4984,0.4984
2002-12-04,0.4984,0.5007,0.4984,0.5007
2002-12-05,0.5007,0.5017,0.5007,0.5017
2002-12-06,0.5017,0.5019,0.5017,0.5019
2002-12-09,0.5022,0.5035,0.5022,0.5035
2002-12-10,0.5035,0.5035,0.5016,0.5016
2002-12-11,0.5016,0.50265,0.5016,0.50265
2002-12-12,0.50265,0.50885,0.50265,0.50885
2002-12-13,0.50885,0.5142,0.50885,0.5142
2002-12-16,0.5135,0.51435,0.5135,0.51435
2002-12-17,0.51435,0.51785,0.51435,0.51785
2002-12-18,0.51785,0.51785,0.5142,0.5142
2002-12-19,0.5142,0.51605,0.5142,0.51605
2002-12-20,0.51605,0.51605,0.516,0.516
2002-12-23,0.5168,0.5168,0.51565,0.51565
2002-12-24,0.51565,0.5166,0.51565,0.5166
2002-12-25,0.5166,0.5171,0.5166,0.5171
2002-12-26,0.5171,0.51785,0.5171,0.51785
2002-12-27,0.51785,0.5196,0.51785,0.5196
2002-12-30,0.5192,0.5215,0.5192,0.5215
2003-01-01,0.5215,0.5237,0.5215,0.5237
2003-01-02,0.5237,0.5237,0.5226,0.5226
2003-01-03,0.5226,0.5286,0.5226,0.5286
2003-01-06,0.5274,0.53265,0.5274,0.53265
2003-01-07,0.53265,0.53265,0.53005,0.53005
2003-01-08,0.53005,0.5328,0.53005,0.5328
2003-01-09,0.5328,0.5328,0.53105,0.53105
2003-01-10,0.53105,0.5388,0.53105,0.5388
2003-01-13,0.5378,0.5416,0.5378,0.5416
2003-01-14,0.5416,0.5416,0.5395,0.5395
2003-01-15,0.5395,0.5395,0.53935,0.53935
2003-01-16,0.53935,0.5444,0.53935,0.5444
2003-01-17,0.5444,0.5518,0.5444,0.5518
2003-01-20,0.5525,0.55345,0.5525,0.55345
2003-01-21,0.55345,0.55345,0.54655,0.54655
2003-01-22,0.54655,0.54655,0.54225,0.54225
2003-01-23,0.54225,0.54765,0.54225,0.54765
2003-01-24,0.54765,0.5502,0.54765,0.5502
2003-01-27,0.549,0.54945,0.549,0.54945
2003-01-28,0.54945,0.54945,0.54685,0.54685
2003-01-29,0.54685,0.54885,0.54685,0.54885
2003-01-30,0.54885,0.54885,0.54655,0.54655
2003-01-31,0.54655,0.54655,0.5448,0.5448
2003-02-03,0.5432,0.54385,0.5432,0.54385
2003-02-04,0.54385,0.54965,0.54385,0.54965
2003-02-05,0.54965,0.54965,0.54845,0.54845
2003-02-06,0.54845,0.54965,0.54845,0.54965
2003-02-07,0.54965,0.5497,0.54965,0.5497
2003-02-10,0.5505,0.5505,0.55025,0.55025
2003-02-11,0.55025,0.55085,0.55025,0.55085
2003-02-12,0.55085,0.55085,0.54905,0.54905
2003-02-13,0.54905,0.55375,0.54905,0.55375
2003-02-14,0.55375,0.55375,0.5528,0.5528
2003-02-17,0.5528,0.5528,0.55045,0.55045
2003-02-18,0.55045,0.55045,0.54965,0.54965
2003-02-19,0.54965,0.55385,0.54965,0.55385
2003-02-20,0.55385,0.55845,0.55385,0.55845
2003-02-21,0.55845,0.55845,0.5581,0.5581
2003-02-24,0.5583,0.56565,0.5583,0.56565
2003-02-25,0.56565,0.56565,0.5653,0.5653
2003-02-26,0.5653,0.5662,0.5653,0.5662
2003-02-27,0.5662,0.5662,0.56195,0.56195
2003-02-28,0.56195,0.56195,0.5596,0.5596
2003-03-03,0.5584,0.56285,0.5584,0.56285
2003-03-04,0.56285,0.56285,0.56085,0.56085
2003-03-05,0.56085,0.56705,0.56085,0.56705
2003-03-06,0.56705,0.56705,0.56475,0.56475
2003-03-07,0.56475,0.56475,0.5625,0.5625
2003-03-10,0.5625,0.5625,0.55925,0.55925
2003-03-11,0.55925,0.55925,0.55435,0.55435
2003-03-12,0.55435,0.55435,0.54815,0.54815
2003-03-13,0.54815,0.54815,0.54735,0.54735
2003-03-14,0.54735,0.5515,0.54735,0.5515
2003-03-17,0.5516,0.5516,0.54895,0.54895
2003-03-18,0.54895,0.54895,0.54825,0.54825
2003-03-19,0.54825,0.54825,0.54795,0.54795
2003-03-20,0.54795,0.55315,0.54795,0.55315
2003-03-21,0.55315,0.55315,0.5501,0.5501
2003-03-24,0.5518,0.5518,0.55165,0.55165
2003-03-25,0.55165,0.55165,0.55085,0.55085
2003-03-26,0.55085,0.55085,0.54755,0.54755
2003-03-27,0.54755,0.54995,0.54755,0.54995
2003-03-28,0.54995,0.5508,0.54995,0.5508
2003-03-31,0.5511,0.55475,0.5511,0.55475
2003-04-01,0.55475,0.55475,0.55415,0.55415
2003-04-02,0.55415,0.55415,0.55245,0.55245
2003-04-03,0.55245,0.55245,0.54835,0.54835
2003-04-04,0.54835,0.54835,0.5407,0.5407
2003-04-07,0.5378,0.54165,0.5378,0.54165
2003-04-08,0.54165,0.54475,0.54165,0.54475
2003-04-09,0.54475,0.54785,0.54475,0.54785
2003-04-10,0.54785,0.54785,0.54755,0.54755
2003-04-11,0.54755,0.54755,0.5458,0.5458
2003-04-14,0.5449,0.54825,0.5449,0.54825
2003-04-15,0.54825,0.55225,0.54825,0.55225
2003-04-16,0.55225,0.55745,0.55225,0.55745
2003-04-17,0.55745,0.55745,0.55685,0.55685
2003-04-18,0.55685,0.55685,0.5566,0.5566
2003-04-21,0.5566,0.5566,0.5551,0.5551
2003-04-22,0.5551,0.5614,0.5551,0.5614
2003-04-23,0.5614,0.5614,0.55905,0.55905
2003-04-24,0.55905,0.55905,0.55385,0.55385
2003-04-25,0.55385,0.5548,0.55385,0.5548
2003-04-28,0.556,0.556,0.55575,0.55575
2003-04-29,0.55575,0.55875,0.55575,0.55875
2003-04-30,0.55875,0.56085,0.55875,0.56085
2003-05-01,0.56085,0.56345,0.56085,0.56345
2003-05-02,0.56345,0.5641,0.56345,0.5641
2003-05-05,0.5635,0.56745,0.5635,0.56745
2003-05-06,0.56745,0.574,0.56745,0.574
2003-05-07,0.574,0.574,0.56785,0.56785
2003-05-08,0.56785,0.57455,0.56785,0.57455
2003-05-09,0.57455,0.5762,0.57455,0.5762
2003-05-12,0.5788,0.58015,0.5788,0.58015
2003-05-13,0.58015,0.58015,0.57635,0.57635
2003-05-14,0.57635,0.57635,0.57535,0.57535
2003-05-15,0.57535,0.57535,0.57135,0.57135
2003-05-16,0.57135,0.5816,0.57135,0.5816
2003-05-19,0.5859,0.5859,0.58445,0.58445
2003-05-20,0.58445,0.5867,0.58445,0.5867
2003-05-21,0.5867,0.5867,0.58135,0.58135
2003-05-22,0.58135,0.58315,0.58135,0.58315
2003-05-23,0.58315,0.5849,0.58315,0.5849
2003-05-26,0.5843,0.58565,0.5843,0.58565
2003-05-27,0.58565,0.58565,0.58105,0.58105
2003-05-28,0.58105,0.58105,0.5776,0.5776
2003-05-29,0.5776,0.579,0.5776,0.579
2003-05-30,0.579,0.579,0.5776,0.5776
2003-06-02,0.5755,0.58035,0.5755,0.58035
2003-06-03,0.58035,0.58035,0.58035,0.58035
2003-06-04,0.58035,0.58035,0.58025,0.58025
2003-06-05,0.58025,0.58025,0.57845,0.57845
2003-06-06,0.57845,0.57845,0.5768,0.5768
2003-06-09,0.5766,0.5766,0.57295,0.57295
2003-06-10,0.57295,0.57335,0.57295,0.57335
2003-06-11,0.57335,0.5771,0.57335,0.5771
2003-06-12,0.5771,0.57905,0.5771,0.57905
2003-06-13,0.57905,0.581,0.57905,0.581
2003-06-16,0.5815,0.58275,0.5815,0.58275
2003-06-17,0.58275,0.58465,0.58275,0.58465
2003-06-18,0.58465,0.58525,0.58465,0.58525
2003-06-19,0.58525,0.58525,0.58255,0.58255
2003-06-20,0.58255,0.5838,0.58255,0.5838
2003-06-23,0.5835,0.5867,0.5835,0.5867
2003-06-24,0.5867,0.58675,0.5867,0.58675
2003-06-25,0.58675,0.58675,0.5861,0.5861
2003-06-26,0.5861,0.5861,0.5789,0.5789
2003-06-27,0.5789,0.582,0.5789,0.582
2003-06-30,0.5831,0.58755,0.5831,0.58755
2003-07-01,0.58755,0.5932,0.58755,0.5932
2003-07-02,0.5932,0.5948,0.5932,0.5948
2003-07-03,0.5948,0.59595,0.5948,0.59595
2003-07-07,0.595,0.60075,0.595,0.60075
2003-07-08,0.60075,0.60075,0.5903,0.5903
2003-07-09,0.5903,0.5903,0.5887,0.5887
2003-07-10,0.5887,0.5902,0.5887,0.5902
2003-07-11,0.5902,0.5915,0.5902,0.5915
2003-07-14,0.5907,0.5907,0.58945,0.58945
2003-07-15,0.58945,0.58945,0.5809,0.5809
2003-07-16,0.5809,0.5843,0.5809,0.5843
2003-07-17,0.5843,0.5843,0.5825,0.5825
2003-07-18,0.5825,0.5825,0.5731,0.5731
2003-07-21,0.5714,0.5762,0.5714,0.5762
2003-07-22,0.5762,0.5762,0.5755,0.5755
2003-07-23,0.5755,0.58065,0.5755,0.58065
2003-07-24,0.58065,0.5874,0.58065,0.5874
2003-07-25,0.5874,0.5878,0.5874,0.5878
2003-07-28,0.5853,0.5877,0.5853,0.5877
2003-07-29,0.5877,0.5877,0.5875,0.5875
2003-07-30,0.5875,0.5875,0.58265,0.58265
2003-07-31,0.58265,0.58265,0.58125,0.58125
2003-08-01,0.58125,0.5845,0.58125,0.5845
2003-08-04,0.5844,0.5844,0.57895,0.57895
2003-08-05,0.57895,0.58165,0.57895,0.58165
2003-08-06,0.58165,0.58165,0.5793,0.5793
2003-08-07,0.5793,0.581,0.5793,0.581
2003-08-08,0.581,0.5817,0.581,0.5817
2003-08-11,0.5808,0.5878,0.5808,0.5878
2003-08-12,0.5878,0.5878,0.58695,0.58695
2003-08-13,0.58695,0.5888,0.58695,0.5888
2003-08-14,0.5888,0.5888,0.587,0.587
2003-08-15,0.587,0.5904,0.587,0.5904
2003-08-18,0.5904,0.5904,0.58645,0.58645
2003-08-19,0.58645,0.58645,0.58435,0.58435
2003-08-20,0.58435,0.5891,0.58435,0.5891
2003-08-21,0.5891,0.5891,0.58555,0.58555
2003-08-22,0.58555,0.5857,0.58555,0.5857
2003-08-25,0.5837,0.5837,0.58175,0.58175
2003-08-26,0.58175,0.58175,0.5743,0.5743
2003-08-27,0.5743,0.5743,0.56955,0.56955
2003-08-28,0.56955,0.57295,0.56955,0.57295
2003-08-29,0.57295,0.5783,0.57295,0.5783
2003-09-01,0.5783,0.5783,0.57755,0.57755
2003-09-02,0.57755,0.57755,0.56545,0.56545
2003-09-03,0.56545,0.5697,0.56545,0.5697
2003-09-04,0.5697,0.5712,0.5697,0.5712
2003-09-05,0.5712,0.5769,0.5712,0.5769
2003-09-08,0.5769,0.5769,0.57665,0.57665
2003-09-09,0.57665,0.58495,0.57665,0.58495
2003-09-10,0.58495,0.58495,0.58205,0.58205
2003-09-11,0.58205,0.58365,0.58205,0.58365
2003-09-12,0.58365,0.58365,0.5834,0.5834
2003-09-15,0.584,0.58695,0.584,0.58695
2003-09-16,0.58695,0.58695,0.58465,0.58465
2003-09-17,0.58465,0.58465,0.58405,0.58405
2003-09-18,0.58405,0.58455,0.58405,0.58455
2003-09-19,0.58455,0.5923,0.58455,0.5923
2003-09-22,0.5949,0.59595,0.5949,0.59595
2003-09-23,0.59595,0.59595,0.59375,0.59375
2003-09-24,0.59375,0.59505,0.59375,0.59505
2003-09-25,0.59505,0.59505,0.59465,0.59465
2003-09-26,0.59465,0.59465,0.5887,0.5887
2003-09-29,0.5887,0.59465,0.5887,0.59465
2003-09-30,0.59465,0.59515,0.59465,0.59515
2003-10-01,0.59515,0.59975,0.59515,0.59975
2003-10-02,0.59975,0.59975,0.59865,0.59865
2003-10-03,0.59865,0.59865,0.5923,0.5923
2003-10-06,0.59445,0.59465,0.59445,0.59465
2003-10-07,0.59465,0.59845,0.59465,0.59845
2003-10-08,0.59845,0.59855,0.59845,0.59855
2003-10-09,0.59855,0.59945,0.59855,0.59945
2003-10-10,0.59945,0.6004,0.59945,0.6004
2003-10-13,0.6011,0.6011,0.59715,0.59715
2003-10-14,0.59715,0.59725,0.59715,0.59725
2003-10-15,0.59725,0.59725,0.59505,0.59505
2003-10-16,0.59505,0.59505,0.59455,0.59455
2003-10-17,0.59455,0.5968,0.59455,0.5968
2003-10-20,0.5983,0.5983,0.59575,0.59575
2003-10-21,0.59575,0.60375,0.59575,0.60375
2003-10-22,0.60375,0.60615,0.60375,0.60615
2003-10-23,0.60615,0.60885,0.60615,0.60885
2003-10-24,0.60885,0.6094,0.60885,0.6094
2003-10-27,0.6081,0.61195,0.6081,0.61195
2003-10-28,0.61195,0.61225,0.61195,0.61225
2003-10-29,0.61225,0.61235,0.61225,0.61235
2003-10-30,0.61235,0.61235,0.61095,0.61095
2003-10-31,0.61095,0.6137,0.61095,0.6137
2003-11-03,0.6131,0.6131,0.60745,0.60745
2003-11-04,0.60745,0.61255,0.60745,0.61255
2003-11-05,0.61255,0.61575,0.61255,0.61575
2003-11-06,0.61575,0.61575,0.61265,0.61265
2003-11-07,0.61265,0.6176,0.61265,0.6176
2003-11-10,0.6163,0.62135,0.6163,0.62135
2003-11-11,0.62135,0.62515,0.62135,0.62515
2003-11-12,0.62515,0.62645,0.62515,0.62645
2003-11-13,0.62645,0.63035,0.62645,0.63035
2003-11-14,0.63035,0.6313,0.63035,0.6313
2003-11-17,0.6309,0.6309,0.62665,0.62665
2003-11-18,0.62665,0.63695,0.62665,0.63695
2003-11-19,0.63695,0.63785,0.63695,0.63785
2003-11-20,0.63785,0.64145,0.63785,0.64145
2003-11-21,0.64145,0.6429,0.64145,0.6429
2003-11-24,0.6419,0.6419,0.63605,0.63605
2003-11-25,0.63605,0.63645,0.63605,0.63645
2003-11-26,0.63645,0.64235,0.63645,0.64235
2003-11-27,0.64235,0.64235,0.64065,0.64065
2003-11-28,0.64065,0.64065,0.6397,0.6397
2003-12-01,0.6407,0.64375,0.6407,0.64375
2003-12-02,0.64375,0.64655,0.64375,0.64655
2003-12-03,0.64655,0.64655,0.64575,0.64575
2003-12-04,0.64575,0.64575,0.64505,0.64505
2003-12-05,0.64505,0.6451,0.64505,0.6451
2003-12-08,0.6456,0.64705,0.6456,0.64705
2003-12-09,0.64705,0.64885,0.64705,0.64885
2003-12-10,0.64885,0.64885,0.64675,0.64675
2003-12-11,0.64675,0.64675,0.64655,0.64655
2003-12-12,0.64655,0.648,0.64655,0.648
2003-12-15,0.64525,0.64855,0.64525,0.64855
2003-12-16,0.64855,0.65085,0.64855,0.65085
2003-12-17,0.65085,0.65085,0.64625,0.64625
2003-12-18,0.64625,0.6489,0.64625,0.6489
2003-12-19,0.6489,0.6489,0.6447,0.6447
2003-12-22,0.6452,0.6452,0.64155,0.64155
2003-12-23,0.64155,0.64155,0.64125,0.64125
2003-12-24,0.64125,0.6475,0.64125,0.6475
2003-12-25,0.6475,0.6475,0.6469,0.6469
2003-12-26,0.6469,0.6469,0.6468,0.6468
2003-12-29,0.6469,0.64975,0.6469,0.64975
2003-12-30,0.64975,0.65425,0.64975,0.65425
2003-12-31,0.65425,0.6563,0.65425,0.6563
2004-01-01,0.6563,0.6563,0.6551,0.6551
2004-01-02,0.6551,0.659,0.6551,0.659
2004-01-05,0.6594,0.67035,0.6594,0.67035
2004-01-06,0.67035,0.67215,0.67035,0.67215
2004-01-07,0.67215,0.67215,0.67035,0.67035
2004-01-08,0.67035,0.67655,0.67035,0.67655
2004-01-09,0.67655,0.6819,0.67655,0.6819
2004-01-12,0.6818,0.6818,0.68145,0.68145
2004-01-13,0.68145,0.68295,0.68145,0.68295
2004-01-14,0.68295,0.68295,0.68025,0.68025
2004-01-15,0.68025,0.68025,0.67205,0.67205
2004-01-16,0.67205,0.67205,0.6645,0.6645
2004-01-19,0.6645,0.6645,0.65545,0.65545
2004-01-20,0.65545,0.66695,0.65545,0.66695
2004-01-21,0.66695,0.67195,0.66695,0.67195
2004-01-22,0.67195,0.67705,0.67195,0.67705
2004-01-23,0.67705,0.67705,0.6728,0.6728
2004-01-26,0.6716,0.6716,0.67045,0.67045
2004-01-27,0.67045,0.67825,0.67045,0.67825
2004-01-28,0.67825,0.67825,0.67685,0.67685
2004-01-29,0.67685,0.67685,0.66995,0.66995
2004-01-30,0.66995,0.6739,0.66995,0.6739
2004-02-02,0.6739,0.6739,0.67345,0.67345
2004-02-03,0.67345,0.68105,0.67345,0.68105
2004-02-04,0.68105,0.68205,0.68105,0.68205
2004-02-05,0.68205,0.68715,0.68205,0.68715
2004-02-06,0.68715,0.6939,0.68715,0.6939
2004-02-09,0.6894,0.69625,0.6894,0.69625
2004-02-10,0.69625,0.69925,0.69625,0.69925
2004-02-11,0.69925,0.70105,0.69925,0.70105
2004-02-12,0.70105,0.70105,0.69965,0.69965
2004-02-13,0.69965,0.7016,0.69965,0.7016
2004-02-16,0.7006,0.70655,0.7006,0.70655
2004-02-17,0.70655,0.70945,0.70655,0.70945
2004-02-18,0.70945,0.70945,0.69965,0.69965
2004-02-19,0.69965,0.70065,0.69965,0.70065
2004-02-20,0.70065,0.70065,0.6839,0.6839
2004-02-23,0.6839,0.6839,0.68165,0.68165
2004-02-24,0.68165,0.69055,0.68165,0.69055
2004-02-25,0.69055,0.69055,0.68735,0.68735
2004-02-26,0.68735,0.68735,0.68655,0.68655
2004-02-27,0.68655,0.6871,0.68655,0.6871
2004-03-01,0.6866,0.68905,0.6866,0.68905
2004-03-02,0.68905,0.68905,0.68055,0.68055
2004-03-03,0.68055,0.68055,0.67205,0.67205
2004-03-04,0.67205,0.67205,0.66715,0.66715
2004-03-05,0.66715,0.6748,0.66715,0.6748
2004-03-08,0.6758,0.6758,0.67475,0.67475
2004-03-09,0.67475,0.67585,0.67475,0.67585
2004-03-10,0.67585,0.67585,0.66035,0.66035
2004-03-11,0.66035,0.66035,0.6482,0.6482
2004-03-12,0.6482,0.6482,0.644,0.644
2004-03-15,0.6487,0.6487,0.64625,0.64625
2004-03-16,0.64625,0.65055,0.64625,0.65055
2004-03-17,0.65055,0.65135,0.65055,0.65135
2004-03-18,0.65135,0.65935,0.65135,0.65935
2004-03-19,0.65935,0.65935,0.6548,0.6548
2004-03-22,0.655,0.66145,0.655,0.66145
2004-03-23,0.66145,0.66145,0.66015,0.66015
2004-03-24,0.66015,0.66015,0.65235,0.65235
2004-03-25,0.65235,0.65235,0.64525,0.64525
2004-03-26,0.64525,0.6515,0.64525,0.6515
2004-03-29,0.6513,0.65175,0.6513,0.65175
2004-03-30,0.65175,0.65695,0.65175,0.65695
2004-03-31,0.65695,0.66835,0.65695,0.66835
2004-04-01,0.66835,0.66875,0.66835,0.66875
2004-04-02,0.66875,0.66875,0.6587,0.6587
2004-04-05,0.6574,0.6574,0.6509,0.6509
2004-04-06,0.6509,0.6571,0.6509,0.6571
2004-04-07,0.6571,0.6602,0.6571,0.6602
2004-04-08,0.6602,0.6602,0.65955,0.65955
2004-04-09,0.65955,0.6602,0.65955,0.6602
2004-04-12,0.6608,0.66295,0.6608,0.66295
2004-04-13,0.66295,0.66295,0.6531,0.6531
2004-04-14,0.6531,0.6531,0.6351,0.6351
2004-04-15,0.6351,0.63895,0.6351,0.63895
2004-04-16,0.63895,0.6393,0.63895,0.6393
2004-04-19,0.6415,0.6445,0.6415,0.6445
2004-04-20,0.6445,0.6445,0.6288,0.6288
2004-04-21,0.6288,0.6288,0.62115,0.62115
2004-04-22,0.62115,0.6286,0.62115,0.6286
2004-04-23,0.6286,0.6288,0.6286,0.6288
2004-04-26,0.6267,0.6307,0.6267,0.6307
2004-04-27,0.6307,0.6312,0.6307,0.6312
2004-04-28,0.6312,0.6312,0.6224,0.6224
2004-04-29,0.6224,0.6228,0.6224,0.6228
2004-04-30,0.6228,0.6258,0.6228,0.6258
2004-05-03,0.627,0.627,0.62525,0.62525
2004-05-04,0.62525,0.633,0.62525,0.633
2004-05-05,0.633,0.636,0.633,0.636
2004-05-06,0.636,0.636,0.63085,0.63085
2004-05-07,0.63085,0.63085,0.6183,0.6183
2004-05-10,0.6163,0.6163,0.60735,0.60735
2004-05-11,0.60735,0.60735,0.6057,0.6057
2004-05-12,0.6057,0.613,0.6057,0.613
2004-05-13,0.613,0.613,0.5999,0.5999
2004-05-14,0.5999,0.6044,0.5999,0.6044
2004-05-17,0.6044,0.6044,0.5977,0.5977
2004-05-18,0.5977,0.5995,0.5977,0.5995
2004-05-19,0.5995,0.60735,0.5995,0.60735
2004-05-20,0.60735,0.60765,0.60735,0.60765
2004-05-21,0.60765,0.6079,0.60765,0.6079
2004-05-24,0.6088,0.6088,0.60755,0.60755
2004-05-25,0.60755,0.6188,0.60755,0.6188
2004-05-26,0.6188,0.62085,0.6188,0.62085
2004-05-27,0.62085,0.63435,0.62085,0.63435
2004-05-28,0.63435,0.63435,0.6324,0.6324
2004-05-31,0.6315,0.63215,0.6315,0.63215
2004-06-01,0.63215,0.63215,0.6286,0.6286
2004-06-02,0.6286,0.6286,0.62145,0.62145
2004-06-03,0.62145,0.62145,0.6175,0.6175
2004-06-04,0.6175,0.622,0.6175,0.622
2004-06-07,0.6233,0.6339,0.6233,0.6339
2004-06-08,0.6339,0.6339,0.6277,0.6277
2004-06-09,0.6277,0.6277,0.6179,0.6179
2004-06-10,0.6179,0.63335,0.6179,0.63335
2004-06-11,0.63335,0.63335,0.6288,0.6288
2004-06-14,0.6289,0.6289,0.6243,0.6243
2004-06-15,0.6243,0.63805,0.6243,0.63805
2004-06-16,0.63805,0.63805,0.62895,0.62895
2004-06-17,0.62895,0.62895,0.6221,0.6221
2004-06-18,0.6221,0.6267,0.6221,0.6267
2004-06-21,0.6271,0.6286,0.6271,0.6286
2004-06-22,0.6286,0.6286,0.62805,0.62805
2004-06-23,0.62805,0.62805,0.62425,0.62425
2004-06-24,0.62425,0.63485,0.62425,0.63485
2004-06-25,0.63485,0.6357,0.63485,0.6357
2004-06-28,0.636,0.641,0.636,0.641
2004-06-29,0.641,0.641,0.6309,0.6309
2004-06-30,0.6309,0.6363,0.6309,0.6363
2004-07-01,0.6363,0.6409,0.6363,0.6409
2004-07-02,0.6409,0.6473,0.6409,0.6473
2004-07-05,0.6479,0.6479,0.64725,0.64725
2004-07-06,0.64725,0.64935,0.64725,0.64935
2004-07-07,0.64935,0.6567,0.64935,0.6567
2004-07-08,0.6567,0.6567,0.65605,0.65605
2004-07-09,0.65605,0.657,0.65605,0.657
2004-07-12,0.6572,0.66085,0.6572,0.66085
2004-07-13,0.66085,0.66085,0.65685,0.65685
2004-07-14,0.65685,0.65685,0.6523,0.6523
2004-07-15,0.6523,0.6523,0.6506,0.6506
2004-07-16,0.6506,0.6592,0.6506,0.6592
2004-07-19,0.6595,0.6595,0.65575,0.65575
2004-07-20,0.65575,0.65575,0.65415,0.65415
2004-07-21,0.65415,0.65415,0.64015,0.64015
2004-07-22,0.64015,0.6419,0.64015,0.6419
2004-07-23,0.6419,0.6419,0.6354,0.6354
2004-07-26,0.6353,0.63605,0.6353,0.63605
2004-07-27,0.63605,0.63605,0.62745,0.62745
2004-07-28,0.62745,0.62895,0.62745,0.62895
2004-07-29,0.62895,0.6336,0.62895,0.6336
2004-07-30,0.6336,0.6369,0.6336,0.6369
2004-08-02,0.6378,0.63995,0.6378,0.63995
2004-08-03,0.63995,0.64695,0.63995,0.64695
2004-08-04,0.64695,0.64695,0.6452,0.6452
2004-08-05,0.6452,0.6452,0.64375,0.64375
2004-08-06,0.64375,0.6521,0.64375,0.6521
2004-08-09,0.653,0.653,0.65285,0.65285
2004-08-10,0.65285,0.65285,0.65265,0.65265
2004-08-11,0.65265,0.65495,0.65265,0.65495
2004-08-12,0.65495,0.65835,0.65495,0.65835
2004-08-13,0.65835,0.6664,0.65835,0.6664
2004-08-16,0.6643,0.66485,0.6643,0.66485
2004-08-17,0.66485,0.66485,0.66385,0.66385
2004-08-18,0.66385,0.66435,0.66385,0.66435
2004-08-19,0.66435,0.67165,0.66435,0.67165
2004-08-20,0.67165,0.6725,0.67165,0.6725
2004-08-23,0.6724,0.6724,0.66165,0.66165
2004-08-24,0.66165,0.66165,0.64785,0.64785
2004-08-25,0.64785,0.64935,0.64785,0.64935
2004-08-26,0.64935,0.6515,0.64935,0.6515
2004-08-27,0.6515,0.6532,0.6515,0.6532
2004-08-30,0.6532,0.6532,0.65045,0.65045
2004-08-31,0.65045,0.6554,0.65045,0.6554
2004-09-01,0.6554,0.65555,0.6554,0.65555
2004-09-02,0.65555,0.65555,0.6487,0.6487
2004-09-03,0.6487,0.6487,0.646,0.646
2004-09-06,0.6466,0.64955,0.6466,0.64955
2004-09-07,0.64955,0.64955,0.64745,0.64745
2004-09-08,0.64745,0.64965,0.64745,0.64965
2004-09-09,0.64965,0.65255,0.64965,0.65255
2004-09-10,0.65255,0.6548,0.65255,0.6548
2004-09-13,0.6561,0.65715,0.6561,0.65715
2004-09-14,0.65715,0.66185,0.65715,0.66185
2004-09-15,0.66185,0.66185,0.657,0.657
2004-09-16,0.657,0.66025,0.657,0.66025
2004-09-17,0.66025,0.6606,0.66025,0.6606
2004-09-20,0.6606,0.66115,0.6606,0.66115
2004-09-21,0.66115,0.66375,0.66115,0.66375
2004-09-22,0.66375,0.66375,0.66285,0.66285
2004-09-23,0.66285,0.66615,0.66285,0.66615
2004-09-24,0.66615,0.6687,0.66615,0.6687
2004-09-27,0.6684,0.6684,0.66565,0.66565
2004-09-28,0.66565,0.66935,0.66565,0.66935
2004-09-29,0.66935,0.6699,0.66935,0.6699
2004-09-30,0.6699,0.6777,0.6699,0.6777
2004-10-01,0.6777,0.6777,0.6748,0.6748
2004-10-04,0.6719,0.6719,0.66955,0.66955
2004-10-05,0.66955,0.67415,0.66955,0.67415
2004-10-06,0.67415,0.67545,0.67415,0.67545
2004-10-07,0.67545,0.6769,0.67545,0.6769
2004-10-08,0.6769,0.6853,0.6769,0.6853
2004-10-11,0.6841,0.6841,0.68135,0.68135
2004-10-12,0.68135,0.68135,0.6788,0.6788
2004-10-13,0.6788,0.6788,0.67665,0.67665
2004-10-14,0.67665,0.6806,0.67665,0.6806
2004-10-15,0.6806,0.6875,0.6806,0.6875
2004-10-18,0.6858,0.6858,0.68495,0.68495
2004-10-19,0.68495,0.68545,0.68495,0.68545
2004-10-20,0.68545,0.69075,0.68545,0.69075
2004-10-21,0.69075,0.69305,0.69075,0.69305
2004-10-25,0.6972,0.70045,0.6972,0.70045
2004-10-26,0.70045,0.70045,0.69715,0.69715
2004-10-27,0.69715,0.69715,0.6874,0.6874
2004-10-28,0.6874,0.6874,0.6833,0.6833
2004-11-01,0.6866,0.6866,0.68365,0.68365
2004-11-02,0.68365,0.68595,0.68365,0.68595
2004-11-03,0.68595,0.6898,0.68595,0.6898
2004-11-04,0.6898,0.6907,0.6898,0.6907
2004-11-05,0.6907,0.6951,0.6907,0.6951
2004-11-08,0.69615,0.69615,0.69135,0.69135
2004-11-09,0.69135,0.69135,0.68955,0.68955
2004-11-10,0.68955,0.68955,0.6836,0.6836
2004-11-11,0.6836,0.6877,0.6836,0.6877
2004-11-12,0.6877,0.6935,0.6877,0.6935
2004-11-15,0.6944,0.70045,0.6944,0.70045
2004-11-16,0.70045,0.70045,0.69955,0.69955
2004-11-17,0.69955,0.70775,0.69955,0.70775
2004-11-18,0.70775,0.70775,0.7063,0.7063
2004-11-19,0.7063,0.7089,0.7063,0.7089
2004-11-22,0.7102,0.7102,0.70935,0.70935
2004-11-23,0.70935,0.71185,0.70935,0.71185
2004-11-24,0.71185,0.71185,0.7108,0.7108
2004-11-25,0.7108,0.7158,0.7108,0.7158
2004-11-26,0.7158,0.717,0.7158,0.717
2004-11-29,0.7167,0.7167,0.71555,0.71555
2004-11-30,0.71555,0.71555,0.71505,0.71505
2004-12-01,0.71505,0.71755,0.71505,0.71755
2004-12-02,0.71755,0.71755,0.71585,0.71585
2004-12-03,0.71585,0.7213,0.71585,0.7213
2004-12-06,0.7222,0.7222,0.7192,0.7192
2004-12-07,0.7192,0.7192,0.71745,0.71745
2004-12-08,0.71745,0.71745,0.7147,0.7147
2004-12-09,0.7147,0.7147,0.70985,0.70985
2004-12-10,0.70985,0.70985,0.7045,0.7045
2004-12-13,0.7018,0.70965,0.7018,0.70965
2004-12-14,0.70965,0.70965,0.70905,0.70905
2004-12-15,0.70905,0.71825,0.70905,0.71825
2004-12-16,0.71825,0.71825,0.71065,0.71065
2004-12-17,0.71065,0.7139,0.71065,0.7139
2004-12-20,0.7148,0.71645,0.7148,0.71645
2004-12-21,0.71645,0.71645,0.71015,0.71015
2004-12-22,0.71015,0.71195,0.71015,0.71195
2004-12-23,0.71195,0.7128,0.71195,0.7128
2004-12-24,0.7128,0.7175,0.7128,0.7175
2004-12-27,0.7171,0.72235,0.7171,0.72235
2004-12-28,0.72235,0.72235,0.72075,0.72075
2004-12-29,0.72075,0.72075,0.71385,0.71385
2004-12-30,0.71385,0.71865,0.71385,0.71865
2005-01-03,0.7188,0.7189,0.7101,0.7138
2005-01-04,0.7138,0.71555,0.7003,0.7024
2005-01-05,0.7024,0.7041,0.695,0.699
2005-01-06,0.699,0.70155,0.6939,0.69755
2005-01-07,0.69755,0.7058,0.6921,0.6951
2005-01-10,0.6947,0.697,0.6927,0.6938
2005-01-11,0.6938,0.7013,0.6929,0.6973
2005-01-12,0.6973,0.7092,0.6932,0.7066
2005-01-13,0.7066,0.7078,0.7023,0.7047
2005-01-14,0.7047,0.7049,0.6964,0.6993
2005-01-17,0.6993,0.7011,0.6956,0.6962
2005-01-18,0.6962,0.6986,0.6904,0.6959
2005-01-19,0.6959,0.7063,0.6951,0.70175
2005-01-20,0.70175,0.7064,0.70025,0.7061
2005-01-21,0.7061,0.715,0.704,0.7147
2005-01-24,0.7132,0.7165,0.7128,0.71425
2005-01-25,0.71425,0.7168,0.7084,0.7101
2005-01-26,0.7101,0.7193,0.7101,0.71605
2005-01-27,0.71605,0.7188,0.7127,0.7158
2005-01-28,0.7158,0.7178,0.7096,0.7128
2005-01-31,0.7106,0.7146,0.70935,0.71065
2005-02-01,0.71065,0.71315,0.7091,0.71195
2005-02-02,0.71195,0.7149,0.70995,0.71395
2005-02-03,0.71395,0.7149,0.7077,0.7102
2005-02-04,0.7102,0.7157,0.7085,0.7104
2005-02-07,0.7091,0.7092,0.69975,0.69995
2005-02-08,0.69995,0.7041,0.6957,0.69925
2005-02-09,0.69925,0.70525,0.6969,0.70365
2005-02-10,0.70365,0.71265,0.70325,0.71155
2005-02-11,0.71155,0.715,0.7094,0.7141
2005-02-14,0.7138,0.7182,0.7121,0.7143
2005-02-15,0.7143,0.7177,0.7124,0.71595
2005-02-16,0.71595,0.7162,0.7099,0.7136
2005-02-17,0.7136,0.7199,0.7126,0.71755
2005-02-18,0.71755,0.7249,0.71615,0.7232
2005-02-21,0.7232,0.7282,0.7221,0.72545
2005-02-22,0.72545,0.7304,0.7243,0.72855
2005-02-23,0.72855,0.7287,0.72145,0.7218
2005-02-24,0.7218,0.7254,0.7196,0.7212
2005-02-25,0.7212,0.724,0.7185,0.7224
2005-02-28,0.7217,0.7297,0.7212,0.7267
2005-03-01,0.7267,0.728,0.7238,0.7273
2005-03-02,0.7273,0.7273,0.7214,0.72655
2005-03-03,0.72655,0.7298,0.72465,0.72745
2005-03-04,0.72745,0.7367,0.72625,0.7329
2005-03-07,0.7329,0.736,0.7325,0.7351
2005-03-08,0.7351,0.74065,0.7348,0.74
2005-03-09,0.74,0.74135,0.73175,0.7388
2005-03-10,0.7388,0.7449,0.7357,0.7378
2005-03-11,0.7378,0.7415,0.7355,0.7398
2005-03-14,0.7398,0.7422,0.7358,0.738
2005-03-15,0.738,0.7447,0.7368,0.74055
2005-03-16,0.74055,0.74655,0.73825,0.74405
2005-03-17,0.74405,0.74515,0.7411,0.7432
2005-03-18,0.7432,0.745,0.7383,0.7448
2005-03-21,0.7448,0.7448,0.7355,0.736
2005-03-22,0.736,0.74065,0.72955,0.7315
2005-03-23,0.7315,0.7315,0.7144,0.7183
2005-03-24,0.7183,0.7197,0.7119,0.7134
2005-03-25,0.7134,0.71525,0.71205,0.7143
2005-03-28,0.7143,0.7143,0.7057,0.70765
2005-03-29,0.70765,0.7129,0.70395,0.7096
2005-03-30,0.7096,0.7126,0.70665,0.70785
2005-03-31,0.70785,0.7153,0.70745,0.71185
2005-04-01,0.71185,0.71605,0.7075,0.7086
2005-04-04,0.7086,0.7097,0.7035,0.7077
2005-04-05,0.7077,0.7095,0.7015,0.7094
2005-04-06,0.7094,0.71365,0.7074,0.71225
2005-04-07,0.71225,0.7179,0.71015,0.7118
2005-04-08,0.7118,0.7187,0.7108,0.7163
2005-04-11,0.7164,0.72195,0.716,0.72125
2005-04-12,0.72125,0.7234,0.71715,0.72145
2005-04-13,0.72145,0.7257,0.72085,0.72365
2005-04-14,0.72365,0.7269,0.7196,0.7215
2005-04-15,0.7215,0.722,0.7124,0.7159
2005-04-18,0.7159,0.71845,0.711,0.71825
2005-04-19,0.71825,0.72515,0.71625,0.72455
2005-04-20,0.72455,0.72895,0.7227,0.72775
2005-04-21,0.72775,0.7294,0.72545,0.7277
2005-04-22,0.7277,0.7332,0.7259,0.7321
2005-04-25,0.7323,0.7338,0.7276,0.72885
2005-04-26,0.72885,0.7296,0.7224,0.72395
2005-04-27,0.72395,0.72455,0.71955,0.7208
2005-04-28,0.7208,0.7301,0.7208,0.72845
2005-04-29,0.72845,0.7351,0.72715,0.7316
2005-05-02,0.7316,0.7316,0.72795,0.73035
2005-05-03,0.73035,0.73115,0.7243,0.72665
2005-05-04,0.72665,0.73415,0.72585,0.73385
2005-05-05,0.73385,0.7378,0.73075,0.73545
2005-05-06,0.73545,0.7363,0.731,0.7332
2005-05-09,0.7332,0.7332,0.7284,0.73005
2005-05-10,0.73005,0.7327,0.7257,0.73215
2005-05-11,0.73215,0.7341,0.72925,0.72975
2005-05-12,0.72975,0.73075,0.71725,0.71875
2005-05-13,0.71875,0.7193,0.71095,0.7119
2005-05-16,0.7123,0.7128,0.7043,0.70625
2005-05-17,0.70625,0.71095,0.70605,0.70695
2005-05-18,0.70695,0.71485,0.70435,0.71425
2005-05-19,0.71425,0.71425,0.7106,0.71155
2005-05-20,0.71155,0.7141,0.7066,0.7091
2005-05-23,0.7091,0.71175,0.7064,0.71075
2005-05-24,0.71075,0.7149,0.71015,0.71335
2005-05-25,0.71335,0.71435,0.7105,0.71405
2005-05-26,0.71405,0.71665,0.7086,0.7093
2005-05-27,0.7093,0.7157,0.7087,0.7156
2005-05-30,0.7137,0.71495,0.71135,0.71195
2005-05-31,0.71195,0.71235,0.7033,0.70485
2005-06-01,0.70485,0.70645,0.6954,0.6974
2005-06-02,0.6974,0.7018,0.69625,0.7007
2005-06-03,0.7007,0.70505,0.6983,0.7001
2005-06-06,0.6992,0.7097,0.6987,0.7091
2005-06-07,0.7091,0.7161,0.7071,0.71445
2005-06-08,0.71445,0.7173,0.71085,0.7112
2005-06-09,0.7112,0.71645,0.7095,0.7123
2005-06-10,0.7123,0.71335,0.7054,0.706
2005-06-13,0.7062,0.7088,0.703,0.7057
2005-06-14,0.7057,0.712,0.7044,0.7074
2005-06-15,0.7074,0.714,0.7072,0.7137
2005-06-16,0.7137,0.7179,0.7106,0.715
2005-06-17,0.715,0.7186,0.7126,0.7171
2005-06-20,0.7166,0.7192,0.7137,0.71475
2005-06-21,0.71475,0.71855,0.7114,0.71775
2005-06-22,0.71775,0.71785,0.7132,0.71745
2005-06-23,0.71745,0.71755,0.70595,0.70615
2005-06-24,0.70615,0.71245,0.70335,0.7054
2005-06-27,0.7057,0.7099,0.7048,0.70805
2005-06-28,0.70805,0.70855,0.69975,0.70015
2005-06-29,0.70015,0.70255,0.69655,0.69965
2005-06-30,0.69965,0.70135,0.69275,0.69715
2005-07-01,0.69715,0.69785,0.6806,0.6839
2005-07-04,0.6839,0.684,0.6776,0.6806
2005-07-05,0.6806,0.6806,0.6733,0.6767
2005-07-06,0.6767,0.67925,0.67155,0.67355
2005-07-07,0.67355,0.68045,0.66895,0.67335
2005-07-08,0.67335,0.67465,0.66835,0.6733
2005-07-11,0.6733,0.6803,0.6733,0.67835
2005-07-12,0.67835,0.68735,0.67815,0.68605
2005-07-13,0.68605,0.68715,0.67055,0.6731
2005-07-14,0.6731,0.67905,0.67155,0.67585
2005-07-15,0.67585,0.67965,0.67155,0.6743
2005-07-18,0.6724,0.67935,0.6723,0.67775
2005-07-19,0.67775,0.67825,0.6718,0.67425
2005-07-20,0.67425,0.6786,0.6714,0.67755
2005-07-21,0.67755,0.6879,0.67705,0.68615
2005-07-22,0.68615,0.6887,0.68355,0.6857
2005-07-25,0.6838,0.68525,0.6812,0.68475
2005-07-26,0.68475,0.68535,0.6806,0.6818
2005-07-27,0.6818,0.68305,0.6775,0.6799
2005-07-28,0.6799,0.6848,0.6771,0.6836
2005-07-29,0.6836,0.68495,0.6798,0.6806
2005-08-01,0.6806,0.68655,0.6781,0.6839
2005-08-02,0.6839,0.6885,0.68275,0.687
2005-08-03,0.687,0.6922,0.68525,0.6916
2005-08-04,0.6916,0.6926,0.6885,0.6909
2005-08-05,0.6909,0.6928,0.6877,0.6909
2005-08-08,0.6895,0.6949,0.6889,0.6922
2005-08-09,0.6922,0.6959,0.6896,0.6925
2005-08-10,0.6925,0.6965,0.69065,0.6954
2005-08-11,0.6954,0.7057,0.69525,0.70565
2005-08-12,0.70565,0.7096,0.70385,0.7074
2005-08-15,0.7081,0.711,0.7044,0.706
2005-08-16,0.706,0.707,0.7023,0.7043
2005-08-17,0.7043,0.705,0.6998,0.70075
2005-08-18,0.70075,0.70175,0.6945,0.69615
2005-08-19,0.69615,0.69765,0.6921,0.6944
2005-08-22,0.6941,0.6979,0.6921,0.69615
2005-08-23,0.69615,0.699,0.6954,0.6989
2005-08-24,0.6989,0.7003,0.69365,0.69755
2005-08-25,0.69755,0.70075,0.69465,0.69775
2005-08-26,0.69775,0.69905,0.69415,0.6952
2005-08-29,0.6954,0.69845,0.69295,0.69345
2005-08-30,0.69345,0.69475,0.68665,0.68985
2005-08-31,0.68985,0.69655,0.68645,0.69595
2005-09-01,0.69595,0.70625,0.69375,0.70565
2005-09-02,0.70565,0.70915,0.70255,0.7066
2005-09-05,0.706,0.71235,0.7048,0.7081
2005-09-06,0.7081,0.71025,0.70675,0.709
2005-09-07,0.709,0.70995,0.70345,0.7037
2005-09-08,0.7037,0.70675,0.70265,0.70515
2005-09-09,0.70515,0.70845,0.70295,0.7079
2005-09-12,0.7079,0.7092,0.70205,0.70245
2005-09-13,0.70245,0.70545,0.70125,0.70225
2005-09-14,0.70225,0.71055,0.70135,0.70915
2005-09-15,0.70915,0.71075,0.70445,0.70555
2005-09-16,0.70555,0.70785,0.70295,0.705
2005-09-19,0.7004,0.70175,0.69695,0.70065
2005-09-20,0.70065,0.70295,0.69745,0.69785
2005-09-21,0.69785,0.70315,0.69525,0.69925
2005-09-22,0.69925,0.70105,0.69115,0.69305
2005-09-23,0.69305,0.69435,0.68525,0.688
2005-09-26,0.6855,0.6882,0.68315,0.68615
2005-09-27,0.68615,0.68665,0.67805,0.68045
2005-09-28,0.68045,0.68765,0.67855,0.68735
2005-09-29,0.68735,0.69405,0.68695,0.69105
2005-09-30,0.69105,0.69415,0.68945,0.6914
2005-10-03,0.6914,0.6932,0.689,0.69135
2005-10-04,0.69135,0.69695,0.69105,0.69645
2005-10-05,0.69645,0.69895,0.69255,0.69375
2005-10-06,0.69375,0.7008,0.69305,0.69775
2005-10-07,0.69775,0.70145,0.69465,0.6956
2005-10-10,0.6947,0.70025,0.6945,0.69865
2005-10-11,0.69865,0.69935,0.69175,0.69195
2005-10-12,0.69195,0.69875,0.69135,0.69705
2005-10-13,0.69705,0.69775,0.68815,0.69265
2005-10-14,0.69265,0.69795,0.68955,0.6966
2005-10-17,0.6969,0.6994,0.69465,0.69645
2005-10-18,0.69645,0.69745,0.69355,0.69475
2005-10-19,0.69475,0.69935,0.69305,0.69835
2005-10-20,0.69835,0.70225,0.69635,0.70135
2005-10-21,0.70135,0.70455,0.69905,0.7001
2005-10-24,0.6992,0.70415,0.699,0.70345
2005-10-25,0.70345,0.70625,0.70055,0.70495
2005-10-26,0.70495,0.70715,0.70045,0.70195
2005-10-27,0.70195,0.70905,0.69945,0.70675
2005-10-28,0.70675,0.70855,0.7034,0.7037
2005-10-31,0.7034,0.70545,0.69895,0.70055
2005-11-01,0.70055,0.70145,0.69625,0.69745
2005-11-02,0.69745,0.69855,0.69145,0.69245
2005-11-03,0.69245,0.69475,0.68705,0.68875
2005-11-04,0.68875,0.69055,0.68105,0.6835
2005-11-07,0.682,0.69955,0.66025,0.67945
2005-11-08,0.67945,0.68375,0.67405,0.68345
2005-11-09,0.68345,0.68715,0.68055,0.68655
2005-11-10,0.68655,0.69125,0.68495,0.68545
2005-11-11,0.68545,0.68955,0.68525,0.6873
2005-11-14,0.6862,0.68795,0.6785,0.67885
2005-11-15,0.67885,0.68555,0.67775,0.68515
2005-11-16,0.68515,0.68665,0.68185,0.68475
2005-11-17,0.68475,0.68905,0.68375,0.68775
2005-11-18,0.68775,0.68805,0.6844,0.6874
2005-11-21,0.6864,0.69185,0.6864,0.68875
2005-11-22,0.68875,0.69225,0.68415,0.69195
2005-11-23,0.69195,0.69405,0.69005,0.69385
2005-11-24,0.69385,0.69615,0.69315,0.69525
2005-11-25,0.69525,0.69765,0.6937,0.6971
2005-11-28,0.6971,0.70715,0.6948,0.70495
2005-11-29,0.70495,0.70505,0.69895,0.70035
2005-11-30,0.70035,0.70555,0.69975,0.70265
2005-12-01,0.70265,0.70605,0.70265,0.70465
2005-12-02,0.70465,0.71425,0.70355,0.713
2005-12-05,0.7126,0.72005,0.7122,0.71845
2005-12-06,0.71845,0.71965,0.71645,0.71735
2005-12-07,0.71735,0.71755,0.70065,0.70175
2005-12-08,0.70175,0.70395,0.69675,0.70155
2005-12-09,0.70155,0.70485,0.70015,0.7033
2005-12-12,0.7021,0.71215,0.7015,0.71115
2005-12-13,0.71115,0.71185,0.70505,0.70575
2005-12-14,0.70575,0.71045,0.70495,0.70715
2005-12-15,0.70715,0.70855,0.69095,0.69385
2005-12-16,0.69385,0.69395,0.68645,0.6908
2005-12-19,0.6908,0.69395,0.68755,0.68785
2005-12-20,0.68785,0.69015,0.68085,0.68085
2005-12-21,0.68085,0.68415,0.67705,0.67755
2005-12-22,0.67755,0.67925,0.67155,0.67345
2005-12-23,0.67345,0.67595,0.6704,0.6742
2005-12-26,0.6742,0.677,0.6729,0.6757
2005-12-27,0.6757,0.67655,0.67175,0.67175
2005-12-28,0.67175,0.68475,0.67145,0.68095
2005-12-29,0.68095,0.68315,0.67855,0.68105
2005-12-30,0.68105,0.68555,0.67985,0.6831
2006-01-02,0.6831,0.6843,0.6798,0.6823
2006-01-03,0.6823,0.68585,0.67815,0.68415
2006-01-04,0.68415,0.68995,0.68355,0.68725
2006-01-05,0.68725,0.6901,0.68315,0.68705
2006-01-06,0.68705,0.69205,0.68335,0.6916
2006-01-09,0.6913,0.69425,0.69,0.69425
2006-01-10,0.69425,0.69535,0.69015,0.69305
2006-01-11,0.69305,0.69815,0.69295,0.69745
2006-01-12,0.69745,0.69985,0.69225,0.69315
2006-01-13,0.69315,0.6994,0.69265,0.6987
2006-01-16,0.6988,0.70035,0.69515,0.69545
2006-01-17,0.69545,0.69635,0.68935,0.69075
2006-01-18,0.69075,0.69175,0.68535,0.68585
2006-01-19,0.68585,0.68725,0.67655,0.67875
2006-01-20,0.67875,0.68285,0.67715,0.6795
2006-01-23,0.6799,0.68585,0.6796,0.68455
2006-01-24,0.68455,0.68495,0.67635,0.68345
2006-01-25,0.68345,0.68835,0.68135,0.68765
2006-01-26,0.68765,0.68965,0.68315,0.68405
2006-01-27,0.68405,0.68685,0.67585,0.6815
2006-01-30,0.6805,0.6834,0.6801,0.68155
2006-01-31,0.68155,0.68875,0.67945,0.68845
2006-02-01,0.68845,0.68905,0.68345,0.68415
2006-02-02,0.68415,0.69065,0.68405,0.69005
2006-02-03,0.69005,0.69195,0.68525,0.6878
2006-02-06,0.6882,0.6886,0.68075,0.68105
2006-02-07,0.68105,0.68495,0.67825,0.67845
2006-02-08,0.67845,0.68045,0.67435,0.67455
2006-02-09,0.67455,0.67985,0.67385,0.67905
2006-02-10,0.67905,0.68385,0.67785,0.6788
2006-02-13,0.6788,0.68095,0.67425,0.67475
2006-02-14,0.67475,0.67765,0.67125,0.67755
2006-02-15,0.67755,0.68005,0.67365,0.67395
2006-02-16,0.67395,0.67545,0.66735,0.67015
2006-02-17,0.67015,0.67205,0.66245,0.6684
2006-02-20,0.6675,0.67125,0.6674,0.67035
2006-02-21,0.67035,0.67095,0.66015,0.66225
2006-02-22,0.66225,0.66265,0.65635,0.65865
2006-02-23,0.65865,0.66255,0.65745,0.66135
2006-02-24,0.66135,0.66505,0.66095,0.6628
2006-02-27,0.6628,0.6628,0.6571,0.65965
2006-02-28,0.65965,0.66375,0.65825,0.66195
2006-03-01,0.66195,0.66725,0.66145,0.66455
2006-03-02,0.66455,0.66885,0.66415,0.66815
2006-03-03,0.66815,0.66835,0.66405,0.666
2006-03-06,0.666,0.6677,0.65595,0.65745
2006-03-07,0.65745,0.65755,0.64715,0.64905
2006-03-08,0.64905,0.6528,0.64725,0.65215
2006-03-09,0.65215,0.65265,0.64565,0.64615
2006-03-10,0.64615,0.64705,0.64005,0.6414
2006-03-13,0.6414,0.64375,0.63885,0.63935
2006-03-14,0.63935,0.64315,0.63205,0.64245
2006-03-15,0.64245,0.64745,0.64155,0.64705
2006-03-16,0.64705,0.64715,0.63555,0.64035
2006-03-17,0.64035,0.64065,0.63045,0.6349
2006-03-20,0.6349,0.636,0.62365,0.62475
2006-03-21,0.62475,0.62765,0.62115,0.62325
2006-03-22,0.62325,0.62855,0.61775,0.62545
2006-03-23,0.62545,0.62945,0.62245,0.62375
2006-03-24,0.62375,0.62555,0.6079,0.6084
2006-03-27,0.6084,0.6117,0.60495,0.60675
2006-03-28,0.60675,0.61235,0.60165,0.60375
2006-03-29,0.60375,0.60595,0.59945,0.60515
2006-03-30,0.60515,0.61465,0.60435,0.61305
2006-03-31,0.61305,0.61675,0.60925,0.6152
2006-04-03,0.6152,0.61805,0.60905,0.60915
2006-04-04,0.60915,0.61175,0.60125,0.60905
2006-04-05,0.60905,0.61605,0.60845,0.61605
2006-04-06,0.61605,0.61875,0.61205,0.61335
2006-04-07,0.61335,0.61665,0.60765,0.6082
2006-04-10,0.6082,0.61175,0.60675,0.61055
2006-04-11,0.61055,0.61315,0.60605,0.61165
2006-04-12,0.61165,0.61745,0.61125,0.61665
2006-04-13,0.61665,0.62615,0.61485,0.61895
2006-04-14,0.61895,0.61975,0.61605,0.6184
2006-04-17,0.6184,0.62465,0.6176,0.62355
2006-04-18,0.62355,0.63105,0.62285,0.62995
2006-04-19,0.62995,0.63595,0.62925,0.63425
2006-04-20,0.63425,0.63575,0.62415,0.62675
2006-04-21,0.62675,0.63535,0.62465,0.6329
2006-04-24,0.6329,0.63735,0.62685,0.62755
2006-04-25,0.62755,0.63095,0.62315,0.62455
2006-04-26,0.62455,0.63375,0.62445,0.6329
2006-04-27,0.6329,0.63505,0.62685,0.63255
2006-04-28,0.63255,0.6388,0.63185,0.6384
2006-05-01,0.6384,0.64265,0.63535,0.63665
2006-05-02,0.63665,0.64145,0.63395,0.64005
2006-05-03,0.64005,0.64445,0.63815,0.64245
2006-05-04,0.64245,0.64395,0.63635,0.64115
2006-05-05,0.64115,0.64375,0.63825,0.6414
2006-05-08,0.64205,0.643,0.63155,0.63275
2006-05-09,0.63275,0.63385,0.62435,0.63055
2006-05-10,0.63055,0.63205,0.62365,0.62585
2006-05-11,0.62585,0.63325,0.6205,0.63045
2006-05-12,0.63045,0.63325,0.62525,0.6276
2006-05-15,0.6294,0.6301,0.61855,0.61985
2006-05-16,0.61985,0.62845,0.61935,0.62735
2006-05-17,0.62735,0.62995,0.61845,0.62135
2006-05-18,0.62135,0.62665,0.62085,0.62285
2006-05-19,0.62285,0.62385,0.61565,0.6203
2006-05-22,0.6189,0.62255,0.61445,0.62215
2006-05-23,0.62215,0.63105,0.62045,0.62485
2006-05-24,0.62485,0.63495,0.62135,0.63265
2006-05-25,0.63265,0.64175,0.63165,0.64035
2006-05-26,0.64035,0.64105,0.63155,0.6338
2006-05-29,0.6338,0.6356,0.63305,0.63415
2006-05-30,0.63415,0.64145,0.63325,0.64055
2006-05-31,0.64055,0.64305,0.63395,0.63445
2006-06-01,0.63445,0.63555,0.62845,0.62845
2006-06-02,0.62845,0.63345,0.62295,0.6304
2006-06-05,0.6304,0.63555,0.6302,0.63125
2006-06-06,0.63125,0.63285,0.62625,0.62715
2006-06-07,0.62715,0.63025,0.62255,0.62655
2006-06-08,0.62655,0.63095,0.62435,0.62525
2006-06-09,0.62525,0.63455,0.62485,0.6335
2006-06-12,0.6335,0.63395,0.62835,0.62885
2006-06-13,0.62885,0.62965,0.61915,0.62055
2006-06-14,0.62055,0.62675,0.61915,0.62205
2006-06-15,0.62205,0.62405,0.62005,0.62285
2006-06-16,0.62285,0.62525,0.61575,0.6175
2006-06-19,0.6175,0.6183,0.6147,0.61665
2006-06-20,0.61665,0.62225,0.61575,0.61935
2006-06-21,0.61935,0.62235,0.61605,0.62065
2006-06-22,0.62065,0.62115,0.60765,0.60925
2006-06-23,0.60925,0.61175,0.6042,0.6079
2006-06-26,0.6075,0.6092,0.60285,0.60485
2006-06-27,0.60485,0.60895,0.60205,0.60575
2006-06-28,0.60575,0.60585,0.59295,0.59665
2006-06-29,0.59665,0.60715,0.59275,0.60385
2006-06-30,0.60385,0.61275,0.60255,0.6091
2006-07-03,0.6091,0.61105,0.60455,0.60625
2006-07-04,0.60625,0.61165,0.60615,0.61065
2006-07-05,0.61065,0.61195,0.60335,0.60475
2006-07-06,0.60475,0.60665,0.60265,0.60475
2006-07-07,0.60475,0.61185,0.60375,0.6108
2006-07-10,0.6108,0.61555,0.61005,0.61025
2006-07-11,0.61025,0.61725,0.61005,0.61705
2006-07-12,0.61705,0.61895,0.61365,0.61625
2006-07-13,0.61625,0.62005,0.61535,0.61835
2006-07-14,0.61835,0.62145,0.61505,0.6202
2006-07-17,0.6202,0.6228,0.61895,0.62135
2006-07-18,0.62135,0.62835,0.62075,0.62495
2006-07-19,0.62495,0.62575,0.61655,0.62435
2006-07-20,0.62435,0.62555,0.61915,0.62255
2006-07-21,0.62255,0.62575,0.62095,0.6236
2006-07-24,0.6236,0.6247,0.61925,0.62325
2006-07-25,0.62325,0.62745,0.62235,0.62315
2006-07-26,0.62315,0.62665,0.62145,0.6255
2006-07-27,0.6255,0.6257,0.61755,0.62065
2006-07-28,0.62065,0.62125,0.61445,0.6177
2006-07-31,0.6177,0.62055,0.61575,0.61865
2006-08-01,0.61865,0.62095,0.61535,0.62055
2006-08-02,0.62055,0.62275,0.61605,0.62165
2006-08-03,0.62165,0.62375,0.61825,0.61855
2006-08-04,0.61855,0.6267,0.61755,0.6251
2006-08-07,0.6251,0.62735,0.62225,0.62445
2006-08-08,0.62445,0.6295,0.62325,0.62525
2006-08-09,0.62525,0.63165,0.62215,0.62955
2006-08-10,0.62955,0.63585,0.62825,0.63305
2006-08-11,0.63305,0.63615,0.63235,0.6334
2006-08-14,0.6334,0.63745,0.62765,0.62845
2006-08-15,0.62845,0.63565,0.62805,0.63485
2006-08-16,0.63485,0.64385,0.63405,0.64125
2006-08-17,0.64125,0.64295,0.63825,0.63925
2006-08-18,0.63925,0.64205,0.63655,0.6395
2006-08-21,0.6395,0.64245,0.6377,0.63995
2006-08-22,0.63995,0.64105,0.63605,0.63735
2006-08-23,0.63735,0.64185,0.63725,0.63985
2006-08-24,0.63985,0.64035,0.63445,0.63475
2006-08-25,0.63475,0.63835,0.63305,0.6367
2006-08-28,0.6367,0.63925,0.63535,0.63795
2006-08-29,0.63795,0.64535,0.63755,0.64345
2006-08-30,0.64345,0.65065,0.64315,0.64765
2006-08-31,0.64765,0.65645,0.64755,0.65605
2006-09-01,0.65605,0.65675,0.65265,0.6555
2006-09-04,0.6555,0.6584,0.64835,0.65165
2006-09-05,0.65165,0.65205,0.64415,0.64555
2006-09-06,0.64555,0.65055,0.64485,0.64915
2006-09-07,0.64915,0.65025,0.64245,0.64545
2006-09-08,0.64545,0.64685,0.63565,0.6376
2006-09-11,0.6376,0.64185,0.6344,0.63935
2006-09-12,0.63935,0.64385,0.63785,0.64095
2006-09-13,0.64095,0.64735,0.63885,0.64625
2006-09-14,0.64625,0.66505,0.64605,0.66145
2006-09-15,0.66145,0.66415,0.65655,0.6624
2006-09-18,0.663,0.66585,0.6612,0.66415
2006-09-19,0.66415,0.66555,0.65815,0.65885
2006-09-20,0.65885,0.66385,0.65455,0.66115
2006-09-21,0.66115,0.66425,0.65675,0.66135
2006-09-22,0.66135,0.66345,0.65675,0.6619
2006-09-25,0.6619,0.67085,0.6607,0.67035
2006-09-26,0.67035,0.67255,0.6567,0.65815
2006-09-27,0.65815,0.66155,0.65365,0.65605
2006-09-28,0.65605,0.65895,0.65435,0.65735
2006-09-29,0.65735,0.6594,0.65045,0.6528
2006-10-02,0.653,0.65965,0.64875,0.65945
2006-10-03,0.65945,0.66175,0.65605,0.65775
2006-10-04,0.65775,0.66435,0.65655,0.66325
2006-10-05,0.66325,0.66585,0.66235,0.66405
2006-10-06,0.66405,0.6655,0.65715,0.6585
2006-10-09,0.6585,0.6587,0.65425,0.65695
2006-10-10,0.65695,0.66205,0.65695,0.65895
2006-10-11,0.65895,0.66195,0.65625,0.65965
2006-10-12,0.65965,0.66175,0.65675,0.66085
2006-10-13,0.66085,0.66195,0.65555,0.6574
2006-10-16,0.6574,0.66005,0.65475,0.65955
2006-10-17,0.65955,0.66605,0.65885,0.66355
2006-10-18,0.66355,0.66435,0.66085,0.66325
2006-10-19,0.66325,0.66935,0.66235,0.66845
2006-10-20,0.66845,0.66935,0.66695,0.6684
2006-10-23,0.6689,0.6691,0.66255,0.66425
2006-10-24,0.66425,0.66425,0.66125,0.66305
2006-10-25,0.66305,0.66335,0.65485,0.65555
2006-10-26,0.65555,0.6581,0.6533,0.65765
2006-10-27,0.65765,0.6634,0.6564,0.6628
2006-10-30,0.6622,0.66715,0.66065,0.66545
2006-10-31,0.66545,0.67165,0.66445,0.67025
2006-11-01,0.67025,0.67565,0.66865,0.67275
2006-11-02,0.67275,0.67485,0.67005,0.67435
2006-11-03,0.67435,0.67495,0.66865,0.6698
2006-11-06,0.6698,0.67035,0.66525,0.66905
2006-11-07,0.66905,0.67285,0.66695,0.67015
2006-11-08,0.67015,0.67085,0.66525,0.66595
2006-11-09,0.66595,0.66755,0.66145,0.66505
2006-11-10,0.66505,0.6669,0.66475,0.666
2006-11-13,0.666,0.66655,0.6586,0.6589
2006-11-14,0.6589,0.66425,0.65855,0.66225
2006-11-15,0.66225,0.66375,0.65745,0.65965
2006-11-16,0.65965,0.66635,0.65835,0.66455
2006-11-17,0.66455,0.66565,0.66175,0.665
2006-11-20,0.665,0.66985,0.66465,0.66985
2006-11-21,0.66985,0.67155,0.66775,0.67015
2006-11-22,0.67015,0.67245,0.66765,0.67115
2006-11-23,0.67115,0.67195,0.6676,0.6686
2006-11-24,0.6686,0.67385,0.6677,0.672
2006-11-27,0.672,0.67355,0.66825,0.66885
2006-11-28,0.66885,0.68245,0.66865,0.68015
2006-11-29,0.68015,0.68135,0.67755,0.67875
2006-11-30,0.67875,0.68615,0.67765,0.68435
2006-12-01,0.68435,0.68875,0.68245,0.6883
2006-12-04,0.6883,0.69055,0.68535,0.69015
2006-12-05,0.69015,0.69065,0.68435,0.68605
2006-12-06,0.68605,0.68895,0.68195,0.6864
2006-12-07,0.6864,0.69205,0.68455,0.68815
2006-12-08,0.68815,0.69395,0.68575,0.6869
2006-12-11,0.6859,0.68985,0.6842,0.68835
2006-12-12,0.68835,0.69275,0.68805,0.69275
2006-12-13,0.69275,0.69305,0.68905,0.69135
2006-12-14,0.69135,0.69475,0.68655,0.68855
2006-12-15,0.68855,0.6924,0.6866,0.6898
2006-12-18,0.6898,0.6921,0.6882,0.69025
2006-12-19,0.69025,0.69665,0.68975,0.6955
2006-12-20,0.6955,0.69905,0.69385,0.695
2006-12-21,0.695,0.69695,0.6927,0.69655
2006-12-22,0.69655,0.70135,0.69635,0.7004
2006-12-25,0.7004,0.7008,0.6978,0.6994
2006-12-26,0.6994,0.70325,0.698,0.69985
2006-12-27,0.69985,0.70415,0.69945,0.70255
2006-12-28,0.70255,0.7068,0.7006,0.70605
2006-12-29,0.70605,0.70735,0.70235,0.7044
2007-01-01,0.7044,0.7046,0.7044,0.7046
2007-01-02,0.7046,0.70975,0.7044,0.70685
2007-01-03,0.70685,0.70935,0.7035,0.70645
2007-01-04,0.70645,0.70805,0.6973,0.69835
2007-01-05,0.69835,0.69895,0.6854,0.6861
2007-01-08,0.6861,0.68945,0.6842,0.68935
2007-01-09,0.68935,0.694,0.6889,0.69195
2007-01-10,0.69195,0.69275,0.6862,0.68735
2007-01-11,0.68735,0.6928,0.68685,0.69045
2007-01-12,0.69045,0.6927,0.68805,0.6906
2007-01-15,0.6906,0.69715,0.6906,0.69665
2007-01-16,0.69665,0.6977,0.6899,0.69185
2007-01-17,0.69185,0.693,0.68875,0.69265
2007-01-18,0.69265,0.69705,0.69205,0.69535
2007-01-19,0.69535,0.69625,0.6934,0.6956
2007-01-22,0.6956,0.7007,0.6944,0.6992
2007-01-23,0.6992,0.7037,0.69815,0.70155
2007-01-24,0.70155,0.70185,0.69255,0.70085
2007-01-25,0.70085,0.7034,0.695,0.69635
2007-01-26,0.69635,0.6981,0.6923,0.6963
2007-01-29,0.6963,0.6984,0.69335,0.69625
2007-01-30,0.69625,0.69885,0.68705,0.68835
2007-01-31,0.68835,0.69135,0.6812,0.69115
2007-02-01,0.69115,0.69135,0.6796,0.68235
2007-02-02,0.68235,0.68335,0.6769,0.6814
2007-02-05,0.6814,0.6865,0.6808,0.68415
2007-02-06,0.68415,0.68485,0.6784,0.68065
2007-02-07,0.68065,0.6882,0.67805,0.68705
2007-02-08,0.68705,0.68935,0.6824,0.68485
2007-02-09,0.68485,0.68635,0.68,0.6835
2007-02-12,0.6821,0.68645,0.6821,0.68285
2007-02-13,0.68285,0.69045,0.68185,0.6901
2007-02-14,0.6901,0.69545,0.6887,0.69375
2007-02-15,0.69375,0.697,0.69195,0.6939
2007-02-16,0.6939,0.6982,0.69285,0.6975
2007-02-19,0.6975,0.703,0.6975,0.7014
2007-02-20,0.7014,0.70195,0.6997,0.7015
2007-02-21,0.7015,0.7068,0.69905,0.70595
2007-02-22,0.70595,0.7067,0.7022,0.70465
2007-02-23,0.70465,0.7075,0.70265,0.7066
2007-02-26,0.7066,0.7122,0.7065,0.70995
2007-02-27,0.70995,0.71175,0.6974,0.6996
2007-02-28,0.6996,0.7026,0.697,0.70115
2007-03-01,0.70115,0.7033,0.6915,0.69315
2007-03-02,0.69315,0.69445,0.6852,0.6881
2007-03-05,0.6881,0.6889,0.6738,0.67465
2007-03-06,0.67465,0.6838,0.67225,0.68285
2007-03-07,0.68285,0.6858,0.6778,0.67835
2007-03-08,0.67835,0.6876,0.67565,0.68545
2007-03-09,0.68545,0.6916,0.68425,0.6906
2007-03-12,0.6906,0.6962,0.6891,0.69575
2007-03-13,0.69575,0.69885,0.68765,0.68775
2007-03-14,0.68775,0.6932,0.68355,0.69235
2007-03-15,0.69235,0.69675,0.6911,0.69615
2007-03-16,0.69615,0.7004,0.69265,0.6972
2007-03-19,0.6972,0.7023,0.6955,0.70185
2007-03-20,0.70185,0.7066,0.69975,0.70645
2007-03-21,0.70645,0.7108,0.7037,0.71015
2007-03-22,0.71015,0.7153,0.70795,0.71135
2007-03-23,0.71135,0.716,0.70985,0.7111
2007-03-26,0.7111,0.718,0.7086,0.71675
2007-03-27,0.71675,0.7211,0.71575,0.71735
2007-03-28,0.71735,0.71795,0.70825,0.70965
2007-03-29,0.70965,0.7163,0.70905,0.71405
2007-03-30,0.71405,0.7188,0.7114,0.71415
2007-04-02,0.71415,0.72235,0.71315,0.7212
2007-04-03,0.7212,0.72395,0.71909,0.7195
2007-04-04,0.7195,0.7226,0.71674,0.72129
2007-04-05,0.72129,0.72538,0.71967,0.7238
2007-04-06,0.7238,0.72426,0.72024,0.72044
2007-04-09,0.72169,0.72419,0.71739,0.72055
2007-04-10,0.72055,0.7314,0.719,0.7303
2007-04-11,0.7303,0.7308,0.72642,0.72793
2007-04-12,0.72793,0.72995,0.7252,0.7297
2007-04-13,0.7297,0.73847,0.72944,0.73765
2007-04-16,0.73765,0.7413,0.73765,0.74009
2007-04-17,0.74009,0.74575,0.7376,0.74528
2007-04-18,0.74528,0.7492,0.7384,0.74825
2007-04-19,0.74825,0.7483,0.7366,0.74392
2007-04-20,0.74392,0.74828,0.74245,0.74772
2007-04-23,0.74772,0.7484,0.74289,0.74463
2007-04-24,0.74463,0.74605,0.73875,0.74305
2007-04-25,0.74305,0.74729,0.74243,0.7449
2007-04-26,0.7449,0.74865,0.73685,0.7394
2007-04-27,0.7394,0.74473,0.73505,0.74193
2007-04-30,0.74193,0.74349,0.73715,0.74045
2007-05-01,0.74045,0.74456,0.73905,0.74073
2007-05-02,0.74073,0.7411,0.73643,0.7375
2007-05-03,0.7375,0.73991,0.73448,0.7359
2007-05-04,0.7359,0.73795,0.73315,0.7365
2007-05-07,0.7365,0.73973,0.7346,0.73705
2007-05-08,0.73705,0.74015,0.73585,0.73763
2007-05-09,0.73763,0.73876,0.73348,0.7345
2007-05-10,0.7345,0.73568,0.7271,0.7274
2007-05-11,0.7274,0.7348,0.72528,0.73401
2007-05-14,0.73401,0.74016,0.73293,0.73726
2007-05-15,0.73726,0.740525,0.73476,0.73884
2007-05-16,0.73884,0.73945,0.73206,0.73296
2007-05-17,0.73296,0.73441,0.7281,0.7307
2007-05-18,0.7307,0.73186,0.72668,0.73063
2007-05-21,0.73063,0.73195,0.727655,0.73026
2007-05-22,0.73026,0.73073,0.72603,0.72663
2007-05-23,0.72663,0.73164,0.72462,0.72975
2007-05-24,0.72975,0.73012,0.72368,0.72475
2007-05-25,0.72475,0.72846,0.72416,0.7259
2007-05-28,0.7259,0.72735,0.72558,0.7273
2007-05-29,0.7273,0.73008,0.7249,0.72733
2007-05-30,0.72733,0.73116,0.72608,0.73013
2007-05-31,0.73013,0.737705,0.72871,0.73681
2007-06-01,0.73681,0.74597,0.73613,0.74515
2007-06-04,0.74515,0.74778,0.7437,0.74725
2007-06-05,0.74725,0.75438,0.7464,0.74955
2007-06-06,0.74955,0.75541,0.74856,0.75155
2007-06-07,0.75155,0.75764,0.74995,0.75041
2007-06-08,0.75041,0.76394,0.747355,0.76368
2007-06-11,0.76368,0.76368,0.746535,0.75212
2007-06-12,0.75212,0.75418,0.74857,0.74875
2007-06-13,0.74875,0.75182,0.745455,0.75182
2007-06-14,0.75182,0.75268,0.7476,0.75025
2007-06-15,0.75025,0.755265,0.74968,0.75505
2007-06-18,0.75505,0.75726,0.7501,0.75383
2007-06-19,0.75383,0.75938,0.75325,0.75835
2007-06-20,0.75835,0.76346,0.75753,0.75985
2007-06-21,0.75985,0.7656,0.75807,0.76378
2007-06-22,0.76378,0.76828,0.76,0.76416
2007-06-25,0.76305,0.76855,0.763,0.76557
2007-06-26,0.76557,0.769345,0.76407,0.76601
2007-06-27,0.76601,0.767,0.75718,0.76102
2007-06-28,0.76102,0.77124,0.76047,0.7695
2007-06-29,0.7695,0.77394,0.768,0.77271
2007-07-02,0.77209,0.783605,0.77209,0.78192
2007-07-03,0.78192,0.7841,0.77902,0.78073
2007-07-04,0.78073,0.78315,0.7806,0.7819
2007-07-05,0.7819,0.788,0.781,0.78175
2007-07-06,0.78175,0.78668,0.78002,0.78242
2007-07-09,0.78242,0.78324,0.77775,0.7809
2007-07-10,0.7809,0.7812,0.774,0.77815
2007-07-11,0.77815,0.78308,0.77145,0.78233
2007-07-12,0.78233,0.78436,0.77935,0.78436
2007-07-13,0.78436,0.7877,0.7817,0.7872
2007-07-16,0.78585,0.79342,0.7849,0.79332
2007-07-17,0.79332,0.79407,0.7889,0.79006
2007-07-18,0.79006,0.7945,0.7885,0.79318
2007-07-19,0.79318,0.79375,0.7908,0.7928
2007-07-20,0.7928,0.79927,0.7928,0.79735
2007-07-23,0.79735,0.80636,0.79585,0.80565
2007-07-24,0.80565,0.81088,0.803455,0.8058
2007-07-25,0.8058,0.8082,0.79982,0.80413
2007-07-26,0.80413,0.8047,0.781535,0.7822
2007-07-27,0.7822,0.78758,0.763,0.7648
2007-07-30,0.7648,0.769705,0.7552,0.76814
2007-07-31,0.76814,0.77328,0.76116,0.76235
2007-08-01,0.76235,0.76681,0.75313,0.76639
2007-08-02,0.76639,0.771625,0.7604,0.76904
2007-08-03,0.76904,0.77017,0.76043,0.76043
2007-08-06,0.76043,0.76572,0.75558,0.76565
2007-08-07,0.76565,0.7664,0.755635,0.7614
2007-08-08,0.7614,0.76926,0.7593,0.76818
2007-08-09,0.76818,0.77035,0.7506,0.7519
2007-08-10,0.7519,0.75205,0.7399,0.74525
2007-08-13,0.74715,0.74775,0.736255,0.7394
2007-08-14,0.7394,0.74019,0.72648,0.7265
2007-08-15,0.7265,0.72688,0.70995,0.71005
2007-08-16,0.71005,0.71027,0.6717,0.68875
2007-08-17,0.68875,0.7016,0.66457,0.69723
2007-08-20,0.69723,0.7028,0.68275,0.69878
2007-08-21,0.69878,0.70236,0.69207,0.6965
2007-08-22,0.6965,0.70228,0.68871,0.70075
2007-08-23,0.70075,0.71836,0.70075,0.715
2007-08-24,0.715,0.72174,0.70875,0.72139
2007-08-27,0.72445,0.72725,0.71623,0.71623
2007-08-28,0.71623,0.71653,0.6974,0.6979
2007-08-29,0.6979,0.709805,0.687,0.7088
2007-08-30,0.7088,0.71085,0.69835,0.70225
2007-08-31,0.70225,0.7101,0.698855,0.70168
2007-09-03,0.70168,0.70636,0.69935,0.70415
2007-09-04,0.70415,0.70495,0.694375,0.69705
2007-09-05,0.69705,0.69762,0.6853,0.68675
2007-09-06,0.68675,0.69376,0.6837,0.69276
2007-09-07,0.69276,0.6939,0.6859,0.6911
2007-09-10,0.6911,0.69876,0.68265,0.69681
2007-09-11,0.69681,0.70702,0.69235,0.70667
2007-09-12,0.70667,0.71608,0.70465,0.71143
2007-09-13,0.71143,0.71846,0.70744,0.71215
2007-09-14,0.71215,0.715985,0.70663,0.71317
2007-09-17,0.71317,0.71535,0.7028,0.7069
2007-09-18,0.7069,0.7275,0.70068,0.72675
2007-09-19,0.72675,0.73688,0.7226,0.73547
2007-09-20,0.73547,0.74534,0.73275,0.73746
2007-09-21,0.73746,0.74675,0.73687,0.74416
2007-09-24,0.74416,0.7488,0.74245,0.7468
2007-09-25,0.7468,0.74758,0.73096,0.743
2007-09-26,0.743,0.7463,0.7402,0.745
2007-09-27,0.745,0.752345,0.74385,0.75005
2007-09-28,0.75005,0.75883,0.74985,0.7578
2007-10-01,0.7578,0.7671,0.7578,0.7667
2007-10-02,0.7667,0.76693,0.755355,0.75768
2007-10-03,0.75768,0.76397,0.751955,0.75485
2007-10-04,0.75485,0.757205,0.750355,0.75485
2007-10-05,0.75485,0.76336,0.7528,0.76118
2007-10-08,0.76118,0.76756,0.76065,0.76175
2007-10-09,0.76175,0.76544,0.75864,0.76522
2007-10-10,0.76522,0.76639,0.75958,0.76322
2007-10-11,0.76322,0.77477,0.76104,0.7694
2007-10-12,0.7694,0.777,0.76747,0.77672
2007-10-15,0.77665,0.77875,0.75916,0.76152
2007-10-16,0.76152,0.7643,0.73936,0.7461
2007-10-17,0.7461,0.75576,0.74128,0.75236
2007-10-18,0.75236,0.755805,0.7461,0.7542
2007-10-19,0.7542,0.7556,0.74348,0.74757
2007-10-22,0.74575,0.75015,0.73664,0.74667
2007-10-23,0.74667,0.75881,0.74616,0.75708
2007-10-24,0.75708,0.76043,0.74684,0.75463
2007-10-25,0.75463,0.76248,0.75245,0.7617
2007-10-26,0.7617,0.76756,0.7606,0.76608
2007-10-29,0.76608,0.774025,0.76608,0.76855
2007-10-30,0.76855,0.7713,0.76372,0.7646
2007-10-31,0.7646,0.77391,0.7624,0.77336
2007-11-01,0.77336,0.77385,0.75715,0.75825
2007-11-02,0.75825,0.76696,0.75755,0.7654
2007-11-05,0.7654,0.770845,0.76196,0.76977
2007-11-06,0.76977,0.7807,0.76952,0.77996
2007-11-07,0.77996,0.7893,0.7746,0.7749
2007-11-08,0.7749,0.78162,0.76639,0.77594
2007-11-09,0.77594,0.78229,0.7626,0.76429
2007-11-12,0.76037,0.76237,0.74365,0.7438
2007-11-13,0.7438,0.76194,0.7438,0.75993
2007-11-14,0.75993,0.76768,0.75627,0.7629
2007-11-15,0.7629,0.7663,0.75327,0.75337
2007-11-16,0.75337,0.76208,0.75238,0.75757
2007-11-19,0.7592,0.76215,0.7528,0.7538
2007-11-20,0.7538,0.76662,0.74921,0.76537
2007-11-21,0.76537,0.76681,0.74574,0.75195
2007-11-22,0.75195,0.75801,0.74876,0.75095
2007-11-23,0.75095,0.75964,0.75054,0.75887
2007-11-26,0.75887,0.76318,0.7488,0.7508
2007-11-27,0.7508,0.76175,0.74917,0.75878
2007-11-28,0.75878,0.776,0.7566,0.77485
2007-11-29,0.77485,0.7752,0.76754,0.7708
2007-11-30,0.7708,0.77536,0.759655,0.76435
2007-12-03,0.76435,0.76844,0.76089,0.76378
2007-12-04,0.76378,0.765585,0.75954,0.76316
2007-12-05,0.76316,0.77135,0.75781,0.76965
2007-12-06,0.76965,0.7782,0.76832,0.7774
2007-12-07,0.7774,0.7816,0.77456,0.77673
2007-12-10,0.77673,0.781905,0.77185,0.78135
2007-12-11,0.78135,0.7858,0.77148,0.77318
2007-12-12,0.77318,0.79384,0.77281,0.78595
2007-12-13,0.78595,0.78775,0.777955,0.78033
2007-12-14,0.78033,0.7856,0.76439,0.76524
2007-12-17,0.76524,0.76964,0.75228,0.75477
2007-12-18,0.75477,0.75887,0.75087,0.7553
2007-12-19,0.7553,0.75888,0.75298,0.7558
2007-12-20,0.7558,0.76129,0.75356,0.7595
2007-12-21,0.7595,0.76788,0.75942,0.76325
2007-12-24,0.76325,0.767445,0.76227,0.76677
2007-12-25,0.76677,0.7672,0.76456,0.76605
2007-12-26,0.76605,0.7697,0.76402,0.76693
2007-12-27,0.76693,0.77195,0.7662,0.7709
2007-12-28,0.7709,0.77547,0.76885,0.77464
2007-12-31,0.77464,0.77934,0.76522,0.76599
2008-01-01,0.76599,0.76795,0.76592,0.7679
2008-01-02,0.7679,0.7758,0.7675,0.77515
2008-01-03,0.77515,0.77892,0.76942,0.7706
2008-01-04,0.7706,0.775225,0.76507,0.76622
2008-01-07,0.76622,0.77037,0.7612,0.76887
2008-01-08,0.76887,0.77328,0.76737,0.76878
2008-01-09,0.76878,0.7744,0.76727,0.77272
2008-01-10,0.77272,0.78695,0.77233,0.78505
2008-01-11,0.78505,0.78798,0.7811,0.7826
2008-01-14,0.7826,0.79156,0.7798,0.79075
2008-01-15,0.79075,0.7933,0.77659,0.77712
2008-01-16,0.77712,0.78094,0.7645,0.7713
2008-01-17,0.7713,0.77636,0.764,0.76585
2008-01-18,0.76585,0.76872,0.75595,0.76
2008-01-21,0.76,0.76205,0.74362,0.74565
2008-01-22,0.74565,0.76753,0.7385,0.7638
2008-01-23,0.7638,0.76903,0.754655,0.76625
2008-01-24,0.76625,0.7744,0.76183,0.77395
2008-01-25,0.77395,0.77502,0.76635,0.76797
2008-01-28,0.76797,0.777625,0.7668,0.77748
2008-01-29,0.77748,0.7797,0.77545,0.77845
2008-01-30,0.77845,0.79153,0.77612,0.7844
2008-01-31,0.7844,0.78981,0.7752,0.78775
2008-02-01,0.78775,0.79611,0.7861,0.7949
2008-02-04,0.7949,0.79691,0.7899,0.7936
2008-02-05,0.7936,0.79472,0.77823,0.78133
2008-02-06,0.78133,0.78925,0.77907,0.78775
2008-02-07,0.78775,0.7929,0.78259,0.78865
2008-02-08,0.78865,0.79141,0.78389,0.78855
2008-02-11,0.78855,0.79152,0.78633,0.78895
2008-02-12,0.78895,0.795785,0.7865,0.79052
2008-02-13,0.79052,0.79107,0.78139,0.78375
2008-02-14,0.78375,0.79195,0.78333,0.78782
2008-02-15,0.78782,0.79175,0.78432,0.7902
2008-02-18,0.79004,0.79564,0.78951,0.79515
2008-02-19,0.79515,0.802385,0.795,0.79708
2008-02-20,0.79708,0.79918,0.790355,0.79781
2008-02-21,0.79781,0.801805,0.79731,0.80031
2008-02-22,0.80031,0.81039,0.79881,0.80866
2008-02-25,0.80866,0.81193,0.80581,0.81148
2008-02-26,0.81148,0.81745,0.80672,0.81718
2008-02-27,0.81718,0.821405,0.81264,0.8163
2008-02-28,0.8163,0.8184,0.81055,0.81517
2008-02-29,0.81517,0.81698,0.79724,0.79865
2008-03-03,0.79865,0.80835,0.79233,0.80655
2008-03-04,0.80655,0.80795,0.79576,0.80115
2008-03-05,0.80115,0.80365,0.7923,0.8024
2008-03-06,0.8024,0.80525,0.7953,0.79685
2008-03-07,0.79685,0.80168,0.79078,0.79378
2008-03-10,0.79378,0.79628,0.78768,0.78847
2008-03-11,0.78847,0.80437,0.78757,0.80365
2008-03-12,0.80365,0.80878,0.799735,0.8062
2008-03-13,0.8062,0.8185,0.80115,0.81835
2008-03-14,0.81835,0.82156,0.81166,0.81338
2008-03-17,0.8131,0.82024,0.79215,0.80127
2008-03-18,0.80127,0.81155,0.79775,0.80672
2008-03-19,0.80672,0.81747,0.79708,0.79989
2008-03-20,0.79989,0.8045,0.7868,0.79133
2008-03-21,0.79133,0.79575,0.78963,0.79193
2008-03-24,0.79193,0.79973,0.78833,0.79775
2008-03-25,0.79775,0.8082,0.7971,0.80669
2008-03-26,0.80669,0.81026,0.79882,0.80442
2008-03-27,0.80442,0.80658,0.800055,0.80332
2008-03-28,0.80332,0.80658,0.7941,0.79735
2008-03-31,0.79735,0.79735,0.78466,0.78588
2008-04-01,0.78588,0.78801,0.77828,0.78686
2008-04-02,0.78686,0.79264,0.78421,0.78984
2008-04-03,0.78984,0.79125,0.78108,0.7854
2008-04-04,0.7854,0.78975,0.78134,0.78938
2008-04-07,0.78938,0.79894,0.78677,0.7958
2008-04-08,0.7958,0.79988,0.79191,0.79943
2008-04-09,0.79943,0.80061,0.793135,0.79723
2008-04-10,0.79723,0.8026,0.79611,0.79875
2008-04-11,0.79875,0.801145,0.7926,0.79323
2008-04-14,0.79323,0.79323,0.78531,0.79178
2008-04-15,0.79178,0.79478,0.782735,0.78645
2008-04-16,0.78645,0.79239,0.7832,0.79224
2008-04-17,0.79224,0.79346,0.78534,0.79094
2008-04-18,0.79094,0.79414,0.78519,0.78999
2008-04-21,0.78999,0.79722,0.78944,0.79394
2008-04-22,0.79394,0.79876,0.79038,0.79732
2008-04-23,0.79732,0.80342,0.79572,0.79852
2008-04-24,0.79852,0.79852,0.786315,0.78843
2008-04-25,0.78843,0.78878,0.778195,0.78176
2008-04-28,0.78176,0.787965,0.78176,0.78588
2008-04-29,0.78588,0.78599,0.77276,0.77578
2008-04-30,0.77578,0.78546,0.7728,0.78215
2008-05-01,0.78215,0.7838,0.77407,0.77778
2008-05-02,0.77778,0.784605,0.77558,0.78013
2008-05-05,0.78013,0.7867,0.7791,0.78565
2008-05-06,0.78565,0.79366,0.7844,0.79147
2008-05-07,0.79147,0.79183,0.7812,0.78145
2008-05-08,0.78145,0.78259,0.76919,0.77155
2008-05-09,0.77155,0.77495,0.76508,0.76954
2008-05-12,0.76954,0.77276,0.76295,0.77165
2008-05-13,0.77165,0.77188,0.7636,0.76434
2008-05-14,0.76434,0.76497,0.75926,0.76083
2008-05-15,0.76083,0.76435,0.753955,0.7641
2008-05-16,0.7641,0.77456,0.76203,0.77415
2008-05-19,0.77415,0.77758,0.7707,0.77203
2008-05-20,0.77203,0.77738,0.77143,0.77412
2008-05-21,0.77412,0.78088,0.77263,0.7771
2008-05-22,0.7771,0.7895,0.77623,0.78258
2008-05-23,0.78258,0.7903,0.782475,0.78485
2008-05-26,0.78485,0.788125,0.78285,0.78702
2008-05-27,0.78702,0.79238,0.7857,0.78943
2008-05-28,0.78943,0.79018,0.78332,0.78588
2008-05-29,0.78588,0.78678,0.77702,0.77918
2008-05-30,0.77918,0.784785,0.77868,0.78303
2008-06-02,0.78303,0.78674,0.78211,0.78487
2008-06-03,0.78487,0.7893,0.78022,0.78141
2008-06-04,0.78141,0.78416,0.77868,0.77978
2008-06-05,0.77978,0.78028,0.761695,0.76808
2008-06-06,0.76808,0.76978,0.7651,0.7678
2008-06-09,0.76855,0.770465,0.757375,0.75885
2008-06-10,0.75885,0.76042,0.750255,0.7528
2008-06-11,0.7528,0.757965,0.7519,0.75528
2008-06-12,0.75528,0.75682,0.7481,0.7498
2008-06-13,0.7498,0.75375,0.74476,0.74973
2008-06-16,0.75093,0.75442,0.74863,0.75345
2008-06-17,0.75345,0.75716,0.75122,0.75531
2008-06-18,0.75531,0.759765,0.75356,0.75906
2008-06-19,0.75906,0.76336,0.75682,0.76269
2008-06-20,0.76269,0.76474,0.76016,0.76104
2008-06-23,0.76103,0.76373,0.75588,0.75781
2008-06-24,0.75781,0.75984,0.75526,0.758
2008-06-25,0.758,0.76031,0.75458,0.76011
2008-06-26,0.76011,0.76031,0.75438,0.75476
2008-06-27,0.75476,0.76322,0.75346,0.76086
2008-06-30,0.76086,0.7664,0.759095,0.76216
2008-07-01,0.76216,0.76288,0.755775,0.7577
2008-07-02,0.7577,0.76162,0.75642,0.75992
2008-07-03,0.75992,0.760825,0.75513,0.75661
2008-07-04,0.75661,0.76035,0.75416,0.75826
2008-07-07,0.75826,0.76021,0.75034,0.75465
2008-07-08,0.75465,0.7547,0.748535,0.75358
2008-07-09,0.75358,0.76224,0.75149,0.75805
2008-07-10,0.75805,0.76203,0.754,0.75881
2008-07-11,0.75881,0.76492,0.75708,0.76141
2008-07-14,0.76141,0.76484,0.75686,0.76418
2008-07-15,0.76418,0.77628,0.76207,0.77258
2008-07-16,0.77258,0.7738,0.768395,0.77162
2008-07-17,0.77162,0.773,0.75896,0.76327
2008-07-18,0.76327,0.766045,0.76098,0.7611
2008-07-21,0.76167,0.7634,0.75874,0.76157
2008-07-22,0.76157,0.7634,0.75734,0.75948
2008-07-23,0.75948,0.76001,0.74958,0.74958
2008-07-24,0.74958,0.75004,0.73874,0.74295
2008-07-25,0.74295,0.747005,0.74056,0.74177
2008-07-28,0.74177,0.74536,0.7409,0.74463
2008-07-29,0.74463,0.74663,0.73476,0.74009
2008-07-30,0.74009,0.74013,0.7316,0.733945
2008-07-31,0.73394,0.73638,0.73106,0.73439
2008-08-01,0.73439,0.73451,0.72479,0.72729
2008-08-04,0.72729,0.733265,0.72689,0.72959
2008-08-05,0.72959,0.72959,0.72218,0.72674
2008-08-06,0.72674,0.72705,0.71663,0.71753
2008-08-07,0.71753,0.72168,0.71334,0.71433
2008-08-08,0.71433,0.71509,0.69848,0.70434
2008-08-11,0.70434,0.7084,0.697675,0.69943
2008-08-12,0.69943,0.701185,0.6929,0.69587
2008-08-13,0.69587,0.70574,0.68264,0.70318
2008-08-14,0.70318,0.705685,0.69726,0.70007
2008-08-15,0.70007,0.70762,0.69458,0.70611
2008-08-18,0.70611,0.71592,0.70333,0.709965
2008-08-19,0.70996,0.715245,0.70394,0.71308
2008-08-20,0.71308,0.71597,0.7084,0.71314
2008-08-21,0.71314,0.72123,0.7103,0.72072
2008-08-22,0.72072,0.72151,0.70818,0.7088
2008-08-25,0.7088,0.70963,0.70368,0.70368
2008-08-26,0.70368,0.70504,0.68974,0.69745
2008-08-27,0.69745,0.7045,0.69445,0.7017
2008-08-28,0.7017,0.7069,0.700455,0.70201
2008-08-29,0.70201,0.706825,0.698215,0.70058
2008-09-01,0.70058,0.70058,0.694155,0.6961
2008-09-02,0.696095,0.696345,0.68038,0.68691
2008-09-03,0.68691,0.68988,0.67345,0.68507
2008-09-04,0.68507,0.68812,0.67135,0.67287
2008-09-05,0.67287,0.67305,0.65914,0.66866
2008-09-08,0.66866,0.68435,0.66472,0.67159
2008-09-09,0.67159,0.679,0.6607,0.66818
2008-09-10,0.66818,0.67214,0.6613,0.66306
2008-09-11,0.66306,0.66407,0.643675,0.65584
2008-09-12,0.65584,0.6693,0.6491,0.66812
2008-09-15,0.66812,0.67249,0.65338,0.65937
2008-09-16,0.65937,0.66341,0.64894,0.66053
2008-09-17,0.66053,0.66848,0.65266,0.66116
2008-09-18,0.66116,0.67906,0.65658,0.67688
2008-09-19,0.67688,0.68988,0.66945,0.6883
2008-09-22,0.6883,0.6952,0.68185,0.68862
2008-09-23,0.68862,0.69227,0.67773,0.68115
2008-09-24,0.68115,0.688785,0.67875,0.6831
2008-09-25,0.6831,0.69038,0.67974,0.68204
2008-09-26,0.68204,0.68992,0.67948,0.68595
2008-09-29,0.68595,0.68913,0.67055,0.67225
2008-09-30,0.67225,0.679525,0.66353,0.66975
2008-10-01,0.66975,0.67886,0.6662,0.67057
2008-10-02,0.67057,0.67418,0.6555,0.6569
2008-10-03,0.6569,0.66828,0.65545,0.6617
2008-10-06,0.6617,0.6617,0.61692,0.6362
2008-10-07,0.6362,0.6425,0.61492,0.6235
2008-10-08,0.6235,0.63005,0.579,0.60095
2008-10-09,0.60095,0.62682,0.59064,0.60735
2008-10-10,0.60735,0.60785,0.58853,0.5941
2008-10-13,0.5941,0.62008,0.5913,0.61805
2008-10-14,0.61805,0.6348,0.6135,0.61795
2008-10-15,0.61795,0.62768,0.59631,0.59913
2008-10-16,0.59913,0.6201,0.59093,0.61695
2008-10-17,0.61695,0.62153,0.60697,0.6127
2008-10-20,0.6127,0.62614,0.60611,0.6233
2008-10-21,0.6233,0.6242,0.60511,0.60516
2008-10-22,0.60516,0.61186,0.58148,0.5917
2008-10-23,0.5917,0.60218,0.5796,0.5953
2008-10-24,0.5953,0.59923,0.54933,0.5563
2008-10-27,0.5563,0.56018,0.53515,0.54143
2008-10-28,0.54143,0.56863,0.5405,0.56413
2008-10-29,0.56413,0.59413,0.56403,0.5854
2008-10-30,0.5854,0.6031,0.57965,0.59175
2008-10-31,0.59175,0.59205,0.5746,0.5826
2008-11-03,0.5826,0.59748,0.58148,0.59153
2008-11-04,0.59153,0.61306,0.58469,0.6059
2008-11-05,0.6059,0.61089,0.59498,0.59535
2008-11-06,0.59535,0.60398,0.58563,0.58625
2008-11-07,0.58625,0.59405,0.5789,0.59128
2008-11-10,0.59128,0.60485,0.57776,0.58011
2008-11-11,0.58011,0.58914,0.56864,0.57206
2008-11-12,0.57206,0.58109,0.55486,0.56146
2008-11-13,0.56146,0.57593,0.55106,0.57147
2008-11-14,0.57147,0.57542,0.5525,0.5538
2008-11-17,0.5538,0.562285,0.5468,0.55069
2008-11-18,0.55069,0.55527,0.54608,0.55275
2008-11-19,0.55275,0.55652,0.54112,0.54151
2008-11-20,0.54151,0.54366,0.51923,0.5218
2008-11-21,0.5218,0.53875,0.51985,0.53703
2008-11-24,0.53703,0.54931,0.52765,0.54913
2008-11-25,0.54913,0.55892,0.53454,0.54774
2008-11-26,0.54774,0.55516,0.54415,0.5525
2008-11-27,0.5525,0.55503,0.54641,0.55107
2008-11-28,0.55107,0.55446,0.5452,0.54901
2008-12-01,0.54634,0.54634,0.527055,0.53005
2008-12-02,0.53005,0.5357,0.52488,0.53179
2008-12-03,0.53179,0.53438,0.52503,0.53248
2008-12-04,0.53248,0.5393,0.528235,0.53276
2008-12-05,0.53276,0.53655,0.52021,0.53315
2008-12-08,0.53685,0.54892,0.53213,0.54735
2008-12-09,0.54735,0.54755,0.536155,0.54223
2008-12-10,0.54223,0.55018,0.53933,0.54383
2008-12-11,0.54383,0.55739,0.54303,0.55185
2008-12-12,0.55185,0.555,0.54201,0.54753
2008-12-15,0.54753,0.5567,0.54268,0.5544
2008-12-16,0.5544,0.57985,0.55266,0.5786
2008-12-17,0.5786,0.59561,0.57607,0.59255
2008-12-18,0.59255,0.60828,0.5787,0.58335
2008-12-19,0.58335,0.58783,0.57118,0.57465
2008-12-22,0.57465,0.58183,0.5711,0.5719
2008-12-23,0.5719,0.57559,0.56585,0.56753
2008-12-24,0.56753,0.57805,0.56615,0.57538
2008-12-25,0.57538,0.57575,0.5698,0.57381
2008-12-26,0.57381,0.5792,0.57225,0.5756
2008-12-29,0.5756,0.58591,0.57261,0.5758
2008-12-30,0.5758,0.58295,0.57468,0.57807
2008-12-31,0.57807,0.58915,0.5736,0.579
2009-01-01,0.579,0.5825,0.579,0.58088
2009-01-02,0.58088,0.58703,0.57499,0.5861
2009-01-05,0.5861,0.59183,0.58045,0.5905
2009-01-06,0.5905,0.599205,0.5812,0.59845
2009-01-07,0.59845,0.603505,0.58964,0.5915
2009-01-08,0.5915,0.59686,0.58114,0.5962
2009-01-09,0.596205,0.596405,0.588615,0.59299
2009-01-12,0.59299,0.59299,0.57391,0.57566
2009-01-13,0.57566,0.57568,0.5461,0.5533
2009-01-14,0.5533,0.55975,0.53898,0.54244
2009-01-15,0.54244,0.54549,0.52776,0.53744
2009-01-16,0.53744,0.55371,0.537435,0.54678
2009-01-19,0.54678,0.55476,0.53636,0.53649
2009-01-20,0.53649,0.53801,0.51841,0.52195
2009-01-21,0.52195,0.5366,0.51655,0.5316
2009-01-22,0.5316,0.5348,0.522515,0.5265
2009-01-23,0.5265,0.53253,0.51722,0.52885
2009-01-26,0.52885,0.53443,0.52164,0.52655
2009-01-27,0.52655,0.53422,0.52508,0.52858
2009-01-28,0.52858,0.53747,0.51897,0.52445
2009-01-29,0.52445,0.52585,0.5121,0.514
2009-01-30,0.514,0.51498,0.50473,0.50888
2009-02-02,0.50888,0.5091,0.49618,0.50384
2009-02-03,0.50384,0.51538,0.50139,0.51374
2009-02-04,0.51374,0.51529,0.50226,0.50758
2009-02-05,0.50758,0.52114,0.505,0.51699
2009-02-06,0.51699,0.536585,0.51104,0.53176
2009-02-09,0.53176,0.54459,0.52423,0.5386
2009-02-10,0.5386,0.53945,0.518,0.5233
2009-02-11,0.5233,0.528885,0.52112,0.52574
2009-02-12,0.52574,0.53176,0.51373,0.51955
2009-02-13,0.51955,0.52983,0.51955,0.5229
2009-02-16,0.5229,0.52328,0.51635,0.51743
2009-02-17,0.51743,0.521,0.50631,0.50738
2009-02-18,0.50738,0.51369,0.50613,0.50898
2009-02-19,0.50898,0.51908,0.50841,0.50848
2009-02-20,0.50848,0.51591,0.50086,0.51181
2009-02-23,0.51181,0.51838,0.50666,0.50755
2009-02-24,0.50755,0.51663,0.50488,0.51382
2009-02-25,0.51382,0.5195,0.50854,0.5094
2009-02-26,0.5094,0.51295,0.50778,0.50833
2009-02-27,0.50833,0.50862,0.49843,0.50088
2009-03-02,0.50088,0.50088,0.49144,0.49273
2009-03-03,0.49273,0.50198,0.49185,0.49478
2009-03-04,0.49478,0.50805,0.48943,0.50557
2009-03-05,0.50557,0.50622,0.49668,0.49857
2009-03-06,0.49857,0.5093,0.49735,0.50245
2009-03-09,0.50245,0.50621,0.4922,0.49293
2009-03-10,0.49293,0.50528,0.49148,0.5032
2009-03-11,0.5032,0.51356,0.49773,0.51345
2009-03-12,0.51345,0.52363,0.50713,0.52045
2009-03-13,0.52045,0.52702,0.51808,0.52505
2009-03-16,0.52258,0.53458,0.52058,0.52995
2009-03-17,0.52995,0.53273,0.52758,0.53055
2009-03-18,0.53055,0.54695,0.525995,0.54455
2009-03-19,0.54455,0.56123,0.53988,0.5534
2009-03-20,0.5534,0.56266,0.55298,0.55872
2009-03-23,0.55872,0.572825,0.55872,0.57167
2009-03-24,0.57167,0.57477,0.56035,0.56297
2009-03-25,0.56297,0.57225,0.55502,0.56602
2009-03-26,0.56602,0.58035,0.56521,0.57527
2009-03-27,0.57527,0.5793,0.56669,0.56986
2009-03-30,0.56986,0.56994,0.55829,0.56339
2009-03-31,0.56339,0.57329,0.55834,0.55947
2009-04-01,0.55947,0.56965,0.55299,0.56785
2009-04-02,0.56785,0.5837,0.56376,0.57765
2009-04-03,0.57765,0.590105,0.5773,0.5859
2009-04-06,0.5859,0.59838,0.58463,0.5883
2009-04-07,0.5883,0.58836,0.57355,0.5759
2009-04-08,0.5759,0.58018,0.56906,0.57975
2009-04-09,0.57975,0.58466,0.57677,0.58325
2009-04-10,0.58325,0.58405,0.58108,0.58313
2009-04-13,0.58313,0.59341,0.582655,0.59248
2009-04-14,0.59248,0.59275,0.58246,0.5832
2009-04-15,0.5832,0.58396,0.57368,0.58125
2009-04-16,0.58125,0.5824,0.56783,0.57292
2009-04-17,0.57292,0.57532,0.56514,0.56784
2009-04-20,0.56784,0.57215,0.54875,0.55242
2009-04-21,0.55242,0.56556,0.5507,0.56395
2009-04-22,0.56395,0.56422,0.55331,0.5553
2009-04-23,0.5553,0.56266,0.55278,0.56185
2009-04-24,0.56185,0.57411,0.56009,0.57243
2009-04-27,0.57243,0.57243,0.56229,0.56575
2009-04-28,0.56575,0.56585,0.55265,0.55877
2009-04-29,0.55877,0.57777,0.55737,0.5731
2009-04-30,0.5731,0.57554,0.562635,0.56525
2009-05-01,0.56525,0.574305,0.5628,0.56947
2009-05-04,0.56947,0.57732,0.56947,0.57607
2009-05-05,0.57607,0.58672,0.574195,0.5804
2009-05-06,0.5804,0.58615,0.5754,0.58368
2009-05-07,0.58368,0.59935,0.58217,0.59112
2009-05-08,0.59112,0.60558,0.59085,0.60363
2009-05-11,0.60363,0.61305,0.59985,0.60015
2009-05-12,0.60015,0.609805,0.59623,0.60605
2009-05-13,0.60605,0.61065,0.58836,0.59203
2009-05-14,0.59203,0.598745,0.58606,0.59684
2009-05-15,0.59684,0.59714,0.58348,0.58511
2009-05-18,0.58511,0.59613,0.58334,0.59518
2009-05-19,0.59518,0.60636,0.59313,0.60167
2009-05-20,0.60167,0.611405,0.5988,0.60587
2009-05-21,0.60587,0.61123,0.60172,0.61099
2009-05-22,0.61099,0.62388,0.61059,0.62025
2009-05-25,0.62025,0.62123,0.61455,0.62068
2009-05-26,0.62068,0.62625,0.60916,0.62481
2009-05-27,0.62481,0.62495,0.61428,0.61428
2009-05-28,0.61428,0.6274,0.611875,0.62347
2009-05-29,0.62347,0.64177,0.62257,0.64002
2009-06-01,0.64137,0.656685,0.63687,0.64995
2009-06-02,0.64995,0.65946,0.644535,0.6565
2009-06-03,0.6565,0.65655,0.62705,0.6345
2009-06-04,0.6345,0.63786,0.62204,0.63435
2009-06-05,0.63435,0.64216,0.62518,0.62623
2009-06-08,0.62623,0.62854,0.6153,0.62047
2009-06-09,0.62047,0.62953,0.61674,0.62706
2009-06-10,0.62706,0.63662,0.62352,0.62599
2009-06-11,0.62599,0.64698,0.62599,0.643
2009-06-12,0.643,0.64661,0.63584,0.643
2009-06-15,0.643,0.643,0.62788,0.63112
2009-06-16,0.63112,0.639465,0.62401,0.63008
2009-06-17,0.63008,0.63675,0.62447,0.63355
2009-06-18,0.63355,0.64436,0.62938,0.63791
2009-06-19,0.63791,0.64843,0.63582,0.64252
2009-06-22,0.64252,0.64311,0.62873,0.62925
2009-06-23,0.62925,0.6418,0.625655,0.63976
2009-06-24,0.63976,0.64884,0.6373,0.63977
2009-06-25,0.63977,0.64599,0.63482,0.64534
2009-06-26,0.64534,0.647865,0.64095,0.64552
2009-06-29,0.64562,0.65237,0.64216,0.65102
2009-06-30,0.65102,0.65506,0.64382,0.64575
2009-07-01,0.64575,0.64751,0.63871,0.63929
2009-07-02,0.63929,0.64164,0.62815,0.62827
2009-07-03,0.62827,0.63484,0.62641,0.6298
2009-07-06,0.6298,0.637905,0.62427,0.63666
2009-07-07,0.63666,0.63947,0.62877,0.62894
2009-07-08,0.62894,0.63136,0.61961,0.62599
2009-07-09,0.62599,0.63392,0.62397,0.62986
2009-07-10,0.62986,0.63322,0.62354,0.6275
2009-07-13,0.6275,0.63345,0.61953,0.63232
2009-07-14,0.63232,0.63992,0.63185,0.63893
2009-07-15,0.63893,0.65134,0.63864,0.64877
2009-07-16,0.64877,0.65035,0.63873,0.64863
2009-07-17,0.64863,0.64884,0.64186,0.64465
2009-07-20,0.64465,0.65792,0.64361,0.6575
2009-07-21,0.6575,0.66088,0.64938,0.65775
2009-07-22,0.65775,0.66301,0.65296,0.65847
2009-07-23,0.65847,0.66277,0.65134,0.65368
2009-07-24,0.65368,0.658845,0.65321,0.65583
2009-07-27,0.65583,0.66158,0.65293,0.65677
2009-07-28,0.65677,0.66342,0.65388,0.65781
2009-07-29,0.65781,0.65938,0.65235,0.65735
2009-07-30,0.65735,0.65735,0.64779,0.65218
2009-07-31,0.65218,0.66261,0.65133,0.66175
2009-08-03,0.66175,0.66886,0.65921,0.66825
2009-08-04,0.66825,0.67492,0.66472,0.67395
2009-08-05,0.67395,0.67644,0.67097,0.67283
2009-08-06,0.67283,0.67437,0.66866,0.67068
2009-08-07,0.67068,0.68216,0.66894,0.67297
2009-08-10,0.66914,0.67789,0.66886,0.67667
2009-08-11,0.67667,0.6771,0.66628,0.66716
2009-08-12,0.66716,0.676625,0.66005,0.67183
2009-08-13,0.67183,0.681425,0.66945,0.67904
2009-08-14,0.67904,0.68871,0.67442,0.67812
2009-08-17,0.67812,0.67812,0.66437,0.66762
2009-08-18,0.66762,0.67616,0.66687,0.6748
2009-08-19,0.6748,0.67722,0.66648,0.67406
2009-08-20,0.67406,0.67818,0.672815,0.67715
2009-08-21,0.67715,0.68679,0.67133,0.68232
2009-08-24,0.68232,0.688605,0.68156,0.68515
2009-08-25,0.68515,0.68974,0.68342,0.68424
2009-08-26,0.68424,0.68954,0.67892,0.68156
2009-08-27,0.68156,0.68963,0.6775,0.68741
2009-08-28,0.68741,0.68948,0.68358,0.68395
2009-08-31,0.68395,0.6869,0.67925,0.68525
2009-09-01,0.68525,0.68885,0.67226,0.67525
2009-09-02,0.67525,0.67794,0.66862,0.67289
2009-09-03,0.67289,0.68303,0.67217,0.67759
2009-09-04,0.67759,0.68966,0.67718,0.68733
2009-09-07,0.68733,0.69348,0.68733,0.69279
2009-09-08,0.69279,0.698425,0.69082,0.69615
2009-09-09,0.69615,0.7009,0.69343,0.69576
2009-09-10,0.69576,0.7045,0.69112,0.704
2009-09-11,0.704,0.70891,0.70137,0.70749
2009-09-14,0.70749,0.70749,0.69651,0.70117
2009-09-15,0.70117,0.70647,0.69796,0.70505
2009-09-16,0.70505,0.7154,0.70436,0.71408
2009-09-17,0.71408,0.71581,0.70813,0.71069
2009-09-18,0.71069,0.71264,0.70754,0.70926
2009-09-21,0.70926,0.7095,0.70176,0.70686
2009-09-22,0.70686,0.72436,0.70612,0.7189
2009-09-23,0.7189,0.73079,0.71808,0.71976
2009-09-24,0.71976,0.72709,0.71519,0.71589
2009-09-25,0.71589,0.72153,0.71076,0.71925
2009-09-28,0.71925,0.72262,0.71142,0.71647
2009-09-29,0.71647,0.72272,0.71291,0.71432
2009-09-30,0.71432,0.72536,0.71432,0.7231
2009-10-01,0.7231,0.72485,0.71359,0.7149
2009-10-02,0.7149,0.72115,0.70796,0.71593
2009-10-05,0.7171,0.73146,0.713895,0.73057
2009-10-06,0.73057,0.73797,0.72871,0.73446
2009-10-07,0.73446,0.73992,0.7321,0.73644
2009-10-08,0.73644,0.74539,0.73603,0.74286
2009-10-09,0.74286,0.74329,0.7303,0.73435
2009-10-12,0.73384,0.73628,0.72561,0.73323
2009-10-13,0.73323,0.74166,0.73136,0.73929
2009-10-14,0.73929,0.74346,0.73586,0.73974
2009-10-15,0.73974,0.74856,0.73948,0.74455
2009-10-16,0.74455,0.74966,0.73518,0.74095
2009-10-19,0.7373,0.75761,0.73711,0.75683
2009-10-20,0.75683,0.75774,0.74406,0.74948
2009-10-21,0.74948,0.76366,0.74656,0.76062
2009-10-22,0.76062,0.76065,0.749975,0.75772
2009-10-23,0.75772,0.75975,0.75248,0.75454
2009-10-26,0.75454,0.75683,0.74524,0.74763
2009-10-27,0.74763,0.75167,0.74124,0.74417
2009-10-28,0.74417,0.74642,0.71997,0.72134
2009-10-29,0.72134,0.73684,0.7164,0.73305
2009-10-30,0.73305,0.73395,0.7155,0.71751
2009-11-02,0.7162,0.7268,0.70824,0.71817
2009-11-03,0.71817,0.72387,0.70952,0.72045
2009-11-04,0.72045,0.73112,0.71692,0.72427
2009-11-05,0.72427,0.7247,0.71606,0.72123
2009-11-06,0.72123,0.72772,0.71942,0.72507
2009-11-09,0.73516,0.7437,0.73165,0.74323
2009-11-10,0.74323,0.7462,0.73765,0.74353
2009-11-11,0.74353,0.74394,0.73822,0.73888
2009-11-12,0.73888,0.74427,0.73083,0.73291
2009-11-13,0.73291,0.74448,0.73133,0.74343
2009-11-16,0.74343,0.75242,0.73967,0.74844
2009-11-17,0.74844,0.75029,0.740895,0.74528
2009-11-18,0.74528,0.7499,0.74315,0.7462
2009-11-19,0.7462,0.746425,0.72726,0.73116
2009-11-20,0.73116,0.73268,0.72021,0.7242
2009-11-23,0.7242,0.73678,0.72013,0.73261
2009-11-24,0.73261,0.73362,0.722175,0.72588
2009-11-25,0.72588,0.73323,0.725,0.73257
2009-11-26,0.73257,0.73325,0.71294,0.71545
2009-11-27,0.71545,0.71672,0.702575,0.71103
2009-11-30,0.7138,0.72202,0.71203,0.71598
2009-12-01,0.71598,0.7294,0.71424,0.72578
2009-12-02,0.72578,0.72958,0.72056,0.72213
2009-12-03,0.72213,0.73015,0.72108,0.72156
2009-12-04,0.72156,0.72768,0.71343,0.71634
2009-12-07,0.7157,0.71892,0.70818,0.71327
2009-12-08,0.71327,0.71723,0.70491,0.70702
2009-12-09,0.70702,0.72085,0.70442,0.71885
2009-12-10,0.71885,0.73198,0.71881,0.72872
2009-12-11,0.72872,0.72933,0.722355,0.72523
2009-12-14,0.72535,0.72991,0.72121,0.72785
2009-12-15,0.72785,0.72798,0.71917,0.72174
2009-12-16,0.72174,0.72258,0.71559,0.72047
2009-12-17,0.72047,0.72089,0.70856,0.7103
2009-12-18,0.7103,0.71336,0.706555,0.71149
2009-12-21,0.71149,0.71172,0.70434,0.70537
2009-12-22,0.70537,0.7076,0.6993,0.69968
2009-12-23,0.69968,0.70647,0.69723,0.70459
2009-12-24,0.70459,0.70837,0.7032,0.70601
2009-12-25,0.70601,0.70918,0.70505,0.70591
2009-12-28,0.70591,0.7095,0.70529,0.70807
2009-12-29,0.70807,0.72146,0.707075,0.7174
2009-12-30,0.7174,0.72283,0.714535,0.72194
2009-12-31,0.72194,0.72912,0.72125,0.72285
2010-01-01,0.72285,0.72346,0.72285,0.72313
2010-01-04,0.72313,0.73542,0.71962,0.73436
2010-01-05,0.73436,0.739,0.73164,0.73452
2010-01-06,0.73452,0.7386,0.730275,0.73777
2010-01-07,0.73777,0.742925,0.73144,0.73199
2010-01-08,0.73199,0.73808,0.728795,0.73667
2010-01-11,0.73986,0.74373,0.73826,0.74147
2010-01-12,0.74147,0.7432,0.73648,0.73851
2010-01-13,0.73851,0.742565,0.737135,0.74049
2010-01-14,0.74049,0.74426,0.73864,0.74267
2010-01-15,0.74267,0.74384,0.736035,0.7379
2010-01-18,0.7379,0.7403,0.73303,0.73892
2010-01-19,0.73892,0.74092,0.73346,0.73543
2010-01-20,0.73543,0.73568,0.718695,0.72171
2010-01-21,0.72171,0.72333,0.70968,0.71009
2010-01-22,0.71009,0.71776,0.70923,0.70974
2010-01-25,0.712,0.716985,0.71134,0.71379
2010-01-26,0.71379,0.717,0.70232,0.70821
2010-01-27,0.70821,0.71066,0.70312,0.70646
2010-01-28,0.70646,0.71383,0.70378,0.70489
2010-01-29,0.70489,0.70896,0.70086,0.701
2010-02-01,0.70024,0.70955,0.69956,0.70848
2010-02-02,0.70848,0.71276,0.7037,0.71219
2010-02-03,0.71219,0.71518,0.7007,0.70252
2010-02-04,0.70252,0.70262,0.6844,0.68723
2010-02-05,0.68723,0.6933,0.680875,0.68947
2010-02-08,0.68831,0.69222,0.68266,0.68297
2010-02-09,0.68297,0.69674,0.68177,0.69622
2010-02-10,0.69622,0.697,0.6895,0.69273
2010-02-11,0.69273,0.70253,0.69182,0.69886
2010-02-12,0.69886,0.69947,0.69,0.69756
2010-02-15,0.69756,0.699,0.69549,0.69658
2010-02-16,0.69658,0.70806,0.69652,0.70716
2010-02-17,0.70716,0.707945,0.70188,0.70384
2010-02-18,0.70384,0.7063,0.69665,0.69826
2010-02-19,0.69826,0.69974,0.69314,0.69947
2010-02-22,0.70099,0.7038,0.69932,0.70149
2010-02-23,0.70149,0.70586,0.68946,0.69209
2010-02-24,0.69209,0.69536,0.6872,0.69337
2010-02-25,0.69337,0.694625,0.684795,0.69179
2010-02-26,0.69179,0.70182,0.69048,0.69812
2010-03-01,0.69812,0.70176,0.69314,0.69966
2010-03-02,0.69966,0.70053,0.6924,0.69604
2010-03-03,0.69604,0.69866,0.689295,0.69449
2010-03-04,0.69449,0.69487,0.68522,0.68659
2010-03-05,0.68659,0.69774,0.68548,0.69689
2010-03-08,0.69689,0.703605,0.69639,0.70088
2010-03-09,0.70088,0.70358,0.69622,0.70279
2010-03-10,0.70279,0.70982,0.701,0.70208
2010-03-11,0.70208,0.70255,0.69644,0.70039
2010-03-12,0.70039,0.70502,0.698495,0.70176
2010-03-15,0.70176,0.70558,0.69877,0.70154
2010-03-16,0.70154,0.71041,0.70118,0.70989
2010-03-17,0.70989,0.71787,0.70962,0.7141
2010-03-18,0.7141,0.71743,0.711875,0.71459
2010-03-19,0.71459,0.715725,0.70656,0.70825
2010-03-22,0.70705,0.707305,0.70016,0.70639
2010-03-23,0.70639,0.708,0.70302,0.70747
2010-03-24,0.70747,0.70765,0.69943,0.70202
2010-03-25,0.70202,0.710205,0.70082,0.70357
2010-03-26,0.70357,0.70918,0.70154,0.70356
2010-03-29,0.70553,0.71179,0.7035,0.70952
2010-03-30,0.70952,0.713265,0.70829,0.71009
2010-03-31,0.71009,0.711625,0.7071,0.7106
2010-04-01,0.7106,0.71145,0.70352,0.70807
2010-04-02,0.70807,0.70844,0.7051,0.70598
2010-04-05,0.70687,0.7073,0.70206,0.70314
2010-04-06,0.70314,0.70744,0.69658,0.70665
2010-04-07,0.70665,0.709525,0.70274,0.70696
2010-04-08,0.70696,0.70756,0.70076,0.70721
2010-04-09,0.70721,0.71733,0.70666,0.71614
2010-04-12,0.71883,0.719445,0.71108,0.71224
2010-04-13,0.71224,0.714705,0.709675,0.71371
2010-04-14,0.71371,0.715385,0.70869,0.71455
2010-04-15,0.71455,0.716065,0.710375,0.71189
2010-04-16,0.71189,0.71566,0.706575,0.70838
2010-04-19,0.70838,0.71138,0.70536,0.71122
2010-04-20,0.71122,0.71446,0.70786,0.71166
2010-04-21,0.71166,0.713185,0.70754,0.70979
2010-04-22,0.70979,0.714,0.70704,0.71082
2010-04-23,0.71082,0.71781,0.70846,0.7173
2010-04-26,0.71683,0.72558,0.71636,0.72333
2010-04-27,0.72333,0.72359,0.70998,0.71138
2010-04-28,0.71138,0.72181,0.71034,0.72078
2010-04-29,0.72078,0.72436,0.715195,0.72365
2010-04-30,0.72365,0.732605,0.72334,0.72686
2010-05-03,0.72686,0.73238,0.72644,0.73081
2010-05-04,0.73081,0.73134,0.7189,0.72023
2010-05-05,0.72023,0.72194,0.71442,0.71725
2010-05-06,0.71725,0.72768,0.70111,0.71061
2010-05-07,0.71061,0.71685,0.70394,0.71439
2010-05-10,0.71439,0.72971,0.7132,0.7227
2010-05-11,0.7227,0.72273,0.71595,0.71638
2010-05-12,0.71638,0.72,0.71054,0.71325
2010-05-13,0.71325,0.71936,0.71263,0.71489
2010-05-14,0.71489,0.7154,0.70616,0.7071
2010-05-17,0.7071,0.70781,0.691655,0.6969
2010-05-18,0.6969,0.70404,0.69218,0.69405
2010-05-19,0.69405,0.69413,0.66592,0.67777
2010-05-20,0.67777,0.6877,0.66188,0.66612
2010-05-21,0.66612,0.6819,0.66411,0.67866
2010-05-24,0.67866,0.67887,0.66898,0.66911
2010-05-25,0.66911,0.67268,0.65618,0.67024
2010-05-26,0.67024,0.67441,0.66063,0.66297
2010-05-27,0.66297,0.68609,0.66254,0.68382
2010-05-28,0.68382,0.68637,0.675455,0.67899
2010-05-31,0.67899,0.68475,0.66975,0.68048
2010-06-01,0.68048,0.6839,0.670255,0.67494
2010-06-02,0.67494,0.6824,0.67191,0.68169
2010-06-03,0.68169,0.68993,0.67846,0.68465
2010-06-04,0.68465,0.68651,0.6683,0.67066
2010-06-07,0.66864,0.67143,0.65816,0.65867
2010-06-08,0.65867,0.66847,0.65736,0.66718
2010-06-09,0.66718,0.6748,0.66124,0.66713
2010-06-10,0.66713,0.68768,0.6671,0.68666
2010-06-11,0.68666,0.69114,0.68026,0.69
2010-06-14,0.69,0.70203,0.69,0.69473
2010-06-15,0.69473,0.6994,0.68868,0.69885
2010-06-16,0.69885,0.70033,0.69312,0.69789
2010-06-17,0.69789,0.70475,0.694835,0.7045
2010-06-18,0.7045,0.7075,0.70188,0.70682
2010-06-21,0.71353,0.71532,0.70716,0.70818
2010-06-22,0.70818,0.71202,0.70405,0.70413
2010-06-23,0.70413,0.71607,0.70278,0.71373
2010-06-24,0.71373,0.714445,0.70366,0.70847
2010-06-25,0.70847,0.71564,0.69949,0.71382
2010-06-28,0.71519,0.71569,0.706035,0.70836
2010-06-29,0.70836,0.70872,0.691,0.69201
2010-06-30,0.69201,0.6955,0.68429,0.68468
2010-07-01,0.68468,0.69169,0.679535,0.6906
2010-07-02,0.6906,0.69718,0.68733,0.6885
2010-07-05,0.68842,0.69398,0.6855,0.6884
2010-07-06,0.6884,0.69751,0.68256,0.69388
2010-07-07,0.69388,0.70524,0.68866,0.70309
2010-07-08,0.70309,0.7103,0.702235,0.70937
2010-07-09,0.70937,0.71164,0.7063,0.71077
2010-07-12,0.71079,0.71186,0.70565,0.71175
2010-07-13,0.71175,0.72075,0.70768,0.71963
2010-07-14,0.71963,0.72552,0.71598,0.72413
2010-07-15,0.72413,0.73043,0.71742,0.72963
2010-07-16,0.72963,0.72963,0.70969,0.71064
2010-07-19,0.71064,0.71138,0.7029,0.70593
2010-07-20,0.70593,0.71755,0.70458,0.71703
2010-07-21,0.71703,0.71958,0.71202,0.71244
2010-07-22,0.71244,0.72734,0.709715,0.72474
2010-07-23,0.72474,0.72899,0.722635,0.72727
2010-07-26,0.72727,0.73553,0.72538,0.73371
2010-07-27,0.73371,0.73966,0.73137,0.73324
2010-07-28,0.73324,0.73394,0.72566,0.72722
2010-07-29,0.72722,0.72867,0.72025,0.72385
2010-07-30,0.72385,0.72684,0.71912,0.72605
2010-08-02,0.72605,0.73414,0.72584,0.73276
2010-08-03,0.73276,0.73564,0.72988,0.73413
2010-08-04,0.73413,0.73561,0.72976,0.73481
2010-08-05,0.73481,0.735605,0.72479,0.73083
2010-08-06,0.73083,0.73447,0.727215,0.73333
2010-08-09,0.7337,0.73443,0.72673,0.72893
2010-08-10,0.72893,0.729285,0.71678,0.72407
2010-08-11,0.72407,0.7243,0.71438,0.71463
2010-08-12,0.71463,0.7161,0.70654,0.70874
2010-08-13,0.70874,0.71828,0.70505,0.70582
2010-08-16,0.7073,0.71048,0.699615,0.70723
2010-08-17,0.70723,0.714785,0.704075,0.71207
2010-08-18,0.71207,0.7193,0.71032,0.71439
2010-08-19,0.71439,0.71562,0.70566,0.70711
2010-08-20,0.70711,0.70834,0.700315,0.70668
2010-08-23,0.70668,0.71238,0.70419,0.70676
2010-08-24,0.70676,0.70793,0.70071,0.70236
2010-08-25,0.70236,0.70635,0.6948,0.69952
2010-08-26,0.69952,0.70896,0.698215,0.70292
2010-08-27,0.70292,0.71421,0.701815,0.71085
2010-08-30,0.71085,0.71377,0.70654,0.70709
2010-08-31,0.70709,0.70756,0.69663,0.69909
2010-09-01,0.69909,0.71317,0.69804,0.712
2010-09-02,0.712,0.71786,0.70988,0.71465
2010-09-03,0.71465,0.72194,0.71312,0.72076
2010-09-06,0.71904,0.72563,0.718315,0.72331
2010-09-07,0.72331,0.72425,0.71871,0.71964
2010-09-08,0.71964,0.724,0.71598,0.72276
2010-09-09,0.72276,0.72875,0.7201,0.72458
2010-09-10,0.72458,0.73009,0.7228,0.72855
2010-09-13,0.72855,0.73461,0.72842,0.73419
2010-09-14,0.73419,0.73946,0.72686,0.73436
2010-09-15,0.73436,0.73577,0.72977,0.73158
2010-09-16,0.73158,0.7317,0.72157,0.72402
2010-09-17,0.72402,0.7333,0.72386,0.72568
2010-09-20,0.72747,0.73211,0.725235,0.73065
2010-09-21,0.73065,0.73529,0.72591,0.73507
2010-09-22,0.73507,0.7417,0.7319,0.73852
2010-09-23,0.73852,0.7395,0.72641,0.7292
2010-09-24,0.7292,0.7361,0.7273,0.73403
2010-09-27,0.73403,0.73754,0.73264,0.73446
2010-09-28,0.73446,0.74043,0.73052,0.73939
2010-09-29,0.73939,0.74074,0.73574,0.73794
2010-09-30,0.73794,0.74086,0.73056,0.73429
2010-10-01,0.73429,0.74632,0.73292,0.74438
2010-10-04,0.74438,0.74471,0.7395,0.74176
2010-10-05,0.74176,0.749745,0.73576,0.74925
2010-10-06,0.74925,0.75492,0.745895,0.75239
2010-10-07,0.75239,0.75926,0.74684,0.75016
2010-10-08,0.75016,0.75655,0.742775,0.7558
2010-10-11,0.7558,0.757405,0.75072,0.75174
2010-10-12,0.75174,0.756065,0.74802,0.75515
2010-10-13,0.75515,0.76333,0.7545,0.76055
2010-10-14,0.76055,0.7644,0.75558,0.75923
2010-10-15,0.75923,0.7619,0.75341,0.75616
2010-10-18,0.75616,0.75969,0.75002,0.7552
2010-10-19,0.7552,0.76013,0.74288,0.74422
2010-10-20,0.74422,0.75688,0.74274,0.75495
2010-10-21,0.75495,0.75523,0.74354,0.74573
2010-10-22,0.74573,0.75096,0.74383,0.74671
2010-10-25,0.74671,0.75618,0.7467,0.7522
2010-10-26,0.7522,0.7543,0.74716,0.74918
2010-10-27,0.74918,0.750105,0.74056,0.74524
2010-10-28,0.74524,0.755585,0.74445,0.75399
2010-10-29,0.75399,0.76682,0.751,0.76646
2010-11-01,0.76646,0.76928,0.76344,0.76721
2010-11-02,0.76721,0.77422,0.76348,0.77144
2010-11-03,0.77144,0.78064,0.7702,0.78
2010-11-04,0.78,0.79762,0.77814,0.79455
2010-11-05,0.79455,0.79743,0.7884,0.79563
2010-11-08,0.79393,0.79407,0.784195,0.78797
2010-11-09,0.78797,0.79134,0.77603,0.77767
2010-11-10,0.77767,0.78498,0.77378,0.78288
2010-11-11,0.78288,0.78736,0.77732,0.78035
2010-11-12,0.78035,0.781125,0.76989,0.77358
2010-11-15,0.77358,0.777685,0.7683,0.77288
2010-11-16,0.77288,0.77564,0.765315,0.76776
2010-11-17,0.76776,0.77265,0.7632,0.77036
2010-11-18,0.77036,0.77878,0.7695,0.77831
2010-11-19,0.77831,0.78002,0.774755,0.77877
2010-11-22,0.77877,0.78362,0.7695,0.77193
2010-11-23,0.77193,0.77314,0.75781,0.7587
2010-11-24,0.7587,0.76438,0.75824,0.75979
2010-11-25,0.75979,0.76281,0.75594,0.75999
2010-11-26,0.75999,0.762265,0.74802,0.7499
2010-11-29,0.7499,0.7536,0.74293,0.7459
2010-11-30,0.7459,0.74712,0.73979,0.74252
2010-12-01,0.74252,0.75114,0.74033,0.74889
2010-12-02,0.74889,0.75654,0.74549,0.75531
2010-12-03,0.75531,0.76743,0.75448,0.76605
2010-12-06,0.76362,0.76552,0.75869,0.76167
2010-12-07,0.76167,0.76665,0.75638,0.75707
2010-12-08,0.75707,0.757845,0.74355,0.74756
2010-12-09,0.74756,0.7517,0.74516,0.74859
2010-12-10,0.74859,0.752965,0.74698,0.74698
2010-12-13,0.74698,0.75759,0.7461,0.75111
2010-12-14,0.75111,0.75759,0.74922,0.75146
2010-12-15,0.75146,0.7521,0.73725,0.73957
2010-12-16,0.73957,0.74082,0.734415,0.74034
2010-12-17,0.74034,0.742605,0.735115,0.73626
2010-12-20,0.73626,0.74373,0.73472,0.74209
2010-12-21,0.74209,0.74842,0.7404,0.74416
2010-12-22,0.74416,0.74514,0.73855,0.74018
2010-12-23,0.74018,0.7502,0.73971,0.74722
2010-12-24,0.74722,0.74968,0.74638,0.7491
2010-12-27,0.74717,0.75093,0.74558,0.75035
2010-12-28,0.75035,0.76064,0.74911,0.75554
2010-12-29,0.75554,0.76893,0.75382,0.76848
2010-12-30,0.76848,0.772745,0.76624,0.77059
2010-12-31,0.77059,0.78145,0.77039,0.78026
2011-01-03,0.77623,0.77842,0.77286,0.77328
2011-01-04,0.77328,0.77424,0.76397,0.76658
2011-01-05,0.76658,0.7681,0.75625,0.75709
2011-01-06,0.75709,0.760405,0.75542,0.75664
2011-01-07,0.75664,0.76383,0.75512,0.75978
2011-01-10,0.75823,0.76465,0.75731,0.76358
2011-01-11,0.76358,0.7639,0.75617,0.76054
2011-01-12,0.76054,0.7643,0.75636,0.76387
2011-01-13,0.76387,0.7713,0.760975,0.7713
2011-01-14,0.7713,0.77274,0.76356,0.76615
2011-01-17,0.76615,0.7748,0.76615,0.77235
2011-01-18,0.77235,0.77417,0.76937,0.7719
2011-01-19,0.7719,0.77876,0.76849,0.76886
2011-01-20,0.76886,0.76896,0.75332,0.75693
2011-01-21,0.75693,0.75966,0.75259,0.75762
2011-01-24,0.75785,0.76573,0.7566,0.76323
2011-01-25,0.76323,0.76931,0.7623,0.76875
2011-01-26,0.76875,0.77275,0.76443,0.77275
2011-01-27,0.77275,0.77472,0.76722,0.77214
2011-01-28,0.77214,0.77943,0.77058,0.7737
2011-01-31,0.769915,0.77431,0.76849,0.77295
2011-02-01,0.77295,0.78254,0.77122,0.78135
2011-02-02,0.78135,0.78248,0.77176,0.77345
2011-02-03,0.77345,0.77506,0.76905,0.77333
2011-02-04,0.77333,0.77476,0.7667,0.76994
2011-02-07,0.76952,0.77258,0.76784,0.76989
2011-02-08,0.76989,0.77872,0.769655,0.77507
2011-02-09,0.77507,0.77566,0.7702,0.77237
2011-02-10,0.77237,0.77238,0.76252,0.76439
2011-02-11,0.76439,0.76449,0.75538,0.76059
2011-02-14,0.75633,0.759345,0.75448,0.75675
2011-02-15,0.75675,0.75874,0.75053,0.75186
2011-02-16,0.75186,0.75657,0.7507,0.75469
2011-02-17,0.75469,0.76065,0.75378,0.75896
2011-02-18,0.75896,0.76561,0.75836,0.76165
2011-02-21,0.76301,0.76529,0.76076,0.76379
2011-02-22,0.76379,0.76408,0.74516,0.74641
2011-02-23,0.74641,0.75136,0.74284,0.74571
2011-02-24,0.74571,0.75103,0.74301,0.74736
2011-02-25,0.74736,0.75278,0.74711,0.75169
2011-02-28,0.7505,0.75544,0.74954,0.75241
2011-03-01,0.75241,0.75331,0.74679,0.74724
2011-03-02,0.74724,0.748225,0.73843,0.7432
2011-03-03,0.7432,0.74735,0.73888,0.74097
2011-03-04,0.74097,0.74097,0.73386,0.7379
2011-03-07,0.7379,0.74022,0.73508,0.73687
2011-03-08,0.73687,0.74178,0.73661,0.7395
2011-03-09,0.7395,0.74166,0.73366,0.73671
2011-03-10,0.73671,0.73793,0.73228,0.73545
2011-03-11,0.73545,0.74562,0.73269,0.74273
2011-03-14,0.74221,0.74237,0.73634,0.73937
2011-03-15,0.73937,0.74068,0.72666,0.73178
2011-03-16,0.73178,0.73584,0.72512,0.72815
2011-03-17,0.72815,0.72815,0.71178,0.71785
2011-03-18,0.71785,0.7322,0.71778,0.73108
2011-03-21,0.7312,0.73605,0.7293,0.73568
2011-03-22,0.73568,0.74471,0.73381,0.7401
2011-03-23,0.7401,0.74338,0.73757,0.74062
2011-03-24,0.74062,0.75216,0.73987,0.74893
2011-03-25,0.74893,0.7576,0.74849,0.7534
2011-03-28,0.75301,0.75543,0.749,0.75129
2011-03-29,0.75129,0.758245,0.74946,0.75622
2011-03-30,0.75622,0.76372,0.75482,0.76225
2011-03-31,0.76225,0.7647,0.75831,0.76138
2011-04-01,0.76138,0.76832,0.7582,0.7678
2011-04-04,0.76808,0.77047,0.76607,0.76816
2011-04-05,0.76816,0.772405,0.76718,0.76844
2011-04-06,0.76844,0.78079,0.76702,0.77956
2011-04-07,0.77956,0.78071,0.77372,0.77888
2011-04-08,0.77888,0.78353,0.77638,0.78276
2011-04-11,0.78325,0.78477,0.77845,0.77974
2011-04-12,0.77974,0.78843,0.77466,0.78327
2011-04-13,0.78327,0.79289,0.78254,0.7894
2011-04-14,0.7894,0.79572,0.78652,0.79375
2011-04-15,0.79375,0.80001,0.79264,0.79956
2011-04-18,0.79962,0.80031,0.78405,0.79101
2011-04-19,0.79101,0.79113,0.78224,0.78881
2011-04-20,0.78881,0.800885,0.78804,0.79804
2011-04-21,0.79804,0.80384,0.7955,0.80048
2011-04-22,0.80048,0.80372,0.80046,0.80178
2011-04-25,0.80155,0.803785,0.79751,0.79935
2011-04-26,0.79935,0.80722,0.7977,0.80576
2011-04-27,0.80576,0.8107,0.80037,0.808
2011-04-28,0.808,0.8083,0.797115,0.80246
2011-04-29,0.80246,0.81085,0.8001,0.80995
2011-05-02,0.80937,0.81212,0.80326,0.8064
2011-05-03,0.8064,0.8066,0.79714,0.79861
2011-05-04,0.79861,0.79958,0.786575,0.78974
2011-05-05,0.78974,0.79421,0.78159,0.78431
2011-05-06,0.78431,0.7974,0.78371,0.79057
2011-05-09,0.79056,0.79598,0.78873,0.79548
2011-05-10,0.79548,0.7962,0.78902,0.79515
2011-05-11,0.79515,0.79736,0.78718,0.78903
2011-05-12,0.78903,0.79913,0.78419,0.79559
2011-05-13,0.79559,0.79656,0.78365,0.78739
2011-05-16,0.78545,0.78762,0.77558,0.77973
2011-05-17,0.77973,0.78487,0.77652,0.78483
2011-05-18,0.78483,0.79125,0.78266,0.78904
2011-05-19,0.78904,0.79376,0.78616,0.79088
2011-05-20,0.79088,0.79993,0.79062,0.79625
2011-05-23,0.79401,0.79517,0.7859,0.79029
2011-05-24,0.79029,0.80162,0.78836,0.79623
2011-05-25,0.79623,0.80131,0.79018,0.79871
2011-05-26,0.79871,0.81242,0.79668,0.81145
2011-05-27,0.81145,0.81984,0.80699,0.81928
2011-05-30,0.8187,0.82182,0.81534,0.81636
2011-05-31,0.81636,0.82643,0.8162,0.82388
2011-06-01,0.82388,0.82593,0.81337,0.81462
2011-06-02,0.81462,0.818105,0.81092,0.81556
2011-06-03,0.81556,0.81944,0.80732,0.81574
2011-06-06,0.81543,0.81833,0.81201,0.81445
2011-06-07,0.81445,0.82314,0.81354,0.8205
2011-06-08,0.8205,0.82144,0.81413,0.81484
2011-06-09,0.81484,0.83012,0.81414,0.824765
2011-06-10,0.82476,0.82812,0.82069,0.82153
2011-06-13,0.82013,0.82193,0.81149,0.81543
2011-06-14,0.81543,0.82149,0.81388,0.8181
2011-06-15,0.8181,0.82041,0.80331,0.80657
2011-06-16,0.80657,0.8073,0.79724,0.80484
2011-06-17,0.80484,0.81378,0.80139,0.81275
2011-06-20,0.80999,0.81221,0.80457,0.80997
2011-06-21,0.80997,0.8147,0.808475,0.81258
2011-06-22,0.81258,0.81947,0.81133,0.81463
2011-06-23,0.81463,0.81777,0.80828,0.81392
2011-06-24,0.81392,0.81744,0.80954,0.8116
2011-06-27,0.80809,0.80836,0.8009,0.80568
2011-06-28,0.80568,0.81245,0.80257,0.81214
2011-06-29,0.81214,0.8264,0.81024,0.82533
2011-06-30,0.82533,0.83188,0.82467,0.82914
2011-07-01,0.82914,0.82938,0.82416,0.82725
2011-07-04,0.82827,0.83114,0.82725,0.82961
2011-07-05,0.82961,0.83329,0.82338,0.82513
2011-07-06,0.82513,0.83018,0.82378,0.82696
2011-07-07,0.82696,0.83442,0.82561,0.83344
2011-07-08,0.83344,0.83858,0.82913,0.83784
2011-07-11,0.83491,0.83604,0.82744,0.82914
2011-07-12,0.82914,0.83033,0.81106,0.81804
2011-07-13,0.81804,0.83853,0.81542,0.83734
2011-07-14,0.83734,0.85063,0.83463,0.84216
2011-07-15,0.84216,0.84727,0.83805,0.84506
2011-07-18,0.84589,0.84923,0.8414,0.84499
2011-07-19,0.84499,0.8573,0.84328,0.85582
2011-07-20,0.85582,0.85692,0.85276,0.85624
2011-07-21,0.85624,0.86432,0.85394,0.86312
2011-07-22,0.86312,0.86747,0.85834,0.8647
2011-07-25,0.8642,0.86775,0.86167,0.86414
2011-07-26,0.86414,0.8743,0.86135,0.87063
2011-07-27,0.87063,0.876605,0.86806,0.86981
2011-07-28,0.86981,0.875385,0.86789,0.87125
2011-07-29,0.87125,0.87991,0.86226,0.87939
2011-08-01,0.88086,0.88432,0.87338,0.87653
2011-08-02,0.87653,0.87844,0.86614,0.86646
2011-08-03,0.86646,0.86789,0.85759,0.8636
2011-08-04,0.8636,0.867,0.83508,0.83631
2011-08-05,0.83631,0.8467,0.82752,0.84341
2011-08-08,0.84241,0.84331,0.82046,0.82091
2011-08-09,0.82091,0.83902,0.79662,0.83736
2011-08-10,0.83736,0.84154,0.80663,0.8112
2011-08-11,0.8112,0.83346,0.8078,0.83187
2011-08-12,0.83187,0.83436,0.818115,0.83227
2011-08-15,0.8328,0.83901,0.82733,0.83282
2011-08-16,0.83282,0.83814,0.82723,0.83616
2011-08-17,0.83616,0.842565,0.83132,0.83739
2011-08-18,0.83739,0.83784,0.8196,0.82143
2011-08-19,0.82143,0.82895,0.81726,0.81756
2011-08-22,0.81815,0.82783,0.81617,0.82414
2011-08-23,0.82414,0.836765,0.8214,0.83603
2011-08-24,0.83603,0.83614,0.82624,0.82838
2011-08-25,0.82838,0.83298,0.82575,0.82718
2011-08-26,0.82718,0.84182,0.82699,0.83973
2011-08-29,0.84103,0.8469,0.83866,0.84613
2011-08-30,0.84613,0.85592,0.84601,0.85307
2011-08-31,0.85307,0.85729,0.85043,0.85413
2011-09-01,0.85413,0.85421,0.84743,0.85086
2011-09-02,0.85086,0.85456,0.84331,0.84799
2011-09-05,0.84453,0.84613,0.82932,0.83216
2011-09-06,0.83216,0.83892,0.82068,0.82264
2011-09-07,0.82264,0.832545,0.82229,0.83191
2011-09-08,0.83191,0.8383,0.83057,0.83086
2011-09-09,0.83086,0.8372,0.81922,0.822
2011-09-12,0.82123,0.82433,0.81189,0.8232
2011-09-13,0.8232,0.82718,0.81802,0.82288
2011-09-14,0.82288,0.8266,0.81426,0.82305
2011-09-15,0.82305,0.82813,0.812115,0.82383
2011-09-16,0.82383,0.83419,0.82094,0.82909
2011-09-19,0.8246,0.8289,0.81716,0.82492
2011-09-20,0.82492,0.82654,0.81644,0.82419
2011-09-21,0.82419,0.82465,0.79963,0.80144
2011-09-22,0.80144,0.80655,0.77535,0.78042
2011-09-23,0.78042,0.78944,0.77245,0.77593
2011-09-26,0.77652,0.78081,0.76382,0.78013
2011-09-27,0.78013,0.79578,0.77676,0.78852
2011-09-28,0.78852,0.79024,0.77595,0.77677
2011-09-29,0.77677,0.78333,0.7652,0.77104
2011-09-30,0.77104,0.77107,0.76078,0.76142
2011-10-03,0.76136,0.764305,0.75255,0.75276
2011-10-04,0.75276,0.76303,0.74698,0.76017
2011-10-05,0.76017,0.76699,0.7554,0.76622
2011-10-06,0.76622,0.772745,0.76253,0.77165
2011-10-07,0.77165,0.77977,0.76751,0.77048
2011-10-10,0.76816,0.78577,0.76797,0.7839
2011-10-11,0.7839,0.78492,0.77614,0.77982
2011-10-12,0.77982,0.799605,0.77428,0.79588
2011-10-13,0.79588,0.79671,0.788995,0.7954
2011-10-14,0.7954,0.80568,0.790855,0.80535
2011-10-17,0.80238,0.80682,0.79083,0.79156
2011-10-18,0.79156,0.80092,0.78605,0.79571
2011-10-19,0.79571,0.80071,0.79002,0.79183
2011-10-20,0.79183,0.79918,0.78729,0.79304
2011-10-21,0.79304,0.80333,0.79006,0.80308
2011-10-24,0.80171,0.810945,0.80048,0.80736
2011-10-25,0.80736,0.80785,0.794175,0.79714
2011-10-26,0.79714,0.80119,0.79144,0.80101
2011-10-27,0.80101,0.82312,0.79859,0.82275
2011-10-28,0.82275,0.82424,0.81662,0.82098
2011-10-31,0.81979,0.82281,0.80619,0.80674
2011-11-01,0.80674,0.8107,0.79206,0.7952
2011-11-02,0.7952,0.798165,0.78669,0.79136
2011-11-03,0.79136,0.79689,0.78066,0.79553
2011-11-04,0.79553,0.79663,0.788295,0.79346
2011-11-07,0.79735,0.79984,0.79171,0.79712
2011-11-08,0.79712,0.79908,0.79239,0.79825
2011-11-09,0.79825,0.798745,0.78078,0.78131
2011-11-10,0.78131,0.78219,0.77328,0.7773
2011-11-11,0.7773,0.78721,0.77461,0.78529
2011-11-14,0.79283,0.79283,0.77618,0.78035
2011-11-15,0.78035,0.78175,0.76711,0.77132
2011-11-16,0.77132,0.77237,0.76262,0.76582
2011-11-17,0.76582,0.76848,0.75668,0.75851
2011-11-18,0.75851,0.764985,0.755355,0.75642
2011-11-21,0.756005,0.7577,0.744915,0.747
2011-11-22,0.747,0.75142,0.74414,0.74747
2011-11-23,0.74747,0.750405,0.73864,0.74008
2011-11-24,0.74008,0.745565,0.739315,0.74162
2011-11-25,0.74162,0.74418,0.73708,0.74022
2011-11-28,0.75043,0.75746,0.74772,0.75513
2011-11-29,0.75513,0.76522,0.75112,0.76104
2011-11-30,0.761035,0.78227,0.75772,0.78047
2011-12-01,0.78047,0.78142,0.7724,0.77942
2011-12-02,0.77942,0.78396,0.77617,0.77716
2011-12-05,0.78128,0.7837,0.776215,0.78008
2011-12-06,0.78008,0.78183,0.774,0.77984
2011-12-07,0.77984,0.78296,0.77507,0.7798
2011-12-08,0.7798,0.78786,0.77114,0.773
2011-12-09,0.773,0.77596,0.76374,0.77553
2011-12-12,0.77553,0.77553,0.761075,0.76299
2011-12-13,0.76299,0.76749,0.75528,0.75681
2011-12-14,0.75681,0.75788,0.748815,0.75044
2011-12-15,0.75044,0.75556,0.746215,0.75333
2011-12-16,0.75333,0.76456,0.75324,0.76181
2011-12-19,0.76181,0.7641,0.75426,0.75554
2011-12-20,0.75554,0.77172,0.7552,0.768
2011-12-21,0.768,0.77753,0.76534,0.77042
2011-12-22,0.77042,0.77519,0.766675,0.7744
2011-12-23,0.7744,0.775765,0.7719,0.77446
2011-12-26,0.77446,0.77479,0.77247,0.77451
2011-12-27,0.77451,0.77469,0.77057,0.77251
2011-12-28,0.77251,0.77825,0.76736,0.76887
2011-12-29,0.76887,0.77191,0.76528,0.77126
2011-12-30,0.77126,0.781185,0.77093,0.77744
2012-01-02,0.77692,0.77983,0.77348,0.77842
2012-01-03,0.77842,0.79082,0.77831,0.78943
2012-01-04,0.78943,0.79073,0.78538,0.78769
2012-01-05,0.78769,0.78803,0.77938,0.78068
2012-01-06,0.78068,0.78383,0.777475,0.78064
2012-01-09,0.78064,0.78876,0.77786,0.78715
2012-01-10,0.78715,0.796505,0.78661,0.79449
2012-01-11,0.79449,0.797485,0.79256,0.79697
2012-01-12,0.79697,0.79814,0.79096,0.79379
2012-01-13,0.79379,0.795505,0.7866,0.79469
2012-01-16,0.79469,0.796665,0.79176,0.7936
2012-01-17,0.7936,0.80318,0.79309,0.80037
2012-01-18,0.80037,0.80821,0.799755,0.80451
2012-01-19,0.80451,0.80464,0.80019,0.8029
2012-01-20,0.8029,0.80649,0.799555,0.80649
2012-01-23,0.80649,0.81422,0.80463,0.81018
2012-01-24,0.81018,0.812,0.80558,0.81188
2012-01-25,0.81188,0.81939,0.80416,0.81679
2012-01-26,0.81679,0.82358,0.81541,0.82178
2012-01-27,0.82178,0.82502,0.81894,0.82476
2012-01-30,0.82331,0.82402,0.81556,0.81924
2012-01-31,0.81924,0.83014,0.81836,0.82677
2012-02-01,0.82677,0.8357,0.82134,0.83242
2012-02-02,0.83242,0.837005,0.83113,0.83323
2012-02-03,0.83323,0.83796,0.82958,0.83593
2012-02-06,0.83593,0.83593,0.82868,0.83374
2012-02-07,0.83374,0.83736,0.83146,0.8358
2012-02-08,0.8358,0.840725,0.83263,0.83489
2012-02-09,0.83489,0.837825,0.832155,0.83403
2012-02-10,0.83403,0.834305,0.82498,0.82655
2012-02-13,0.82915,0.83756,0.8283,0.834
2012-02-14,0.834,0.8353,0.82734,0.83372
2012-02-15,0.83372,0.84222,0.83242,0.83288
2012-02-16,0.83288,0.8342,0.82456,0.83309
2012-02-17,0.83309,0.8384,0.8319,0.8323
2012-02-20,0.83865,0.8429,0.83844,0.83994
2012-02-21,0.83994,0.84046,0.832735,0.83412
2012-02-22,0.83412,0.83581,0.82643,0.82927
2012-02-23,0.82927,0.83649,0.82641,0.83629
2012-02-24,0.83629,0.83968,0.8351,0.83602
2012-02-27,0.83685,0.84179,0.8323,0.84128
2012-02-28,0.84128,0.84184,0.83499,0.83782
2012-02-29,0.83782,0.84715,0.83308,0.83409
2012-03-01,0.83409,0.8407,0.83232,0.83952
2012-03-02,0.83952,0.84031,0.82863,0.8292
2012-03-05,0.83051,0.83081,0.82028,0.82068
2012-03-06,0.82068,0.82236,0.8101,0.81247
2012-03-07,0.81247,0.82021,0.8117,0.81646
2012-03-08,0.81646,0.82807,0.814075,0.82433
2012-03-09,0.82433,0.827645,0.81933,0.82155
2012-03-12,0.82155,0.82155,0.81371,0.81798
2012-03-13,0.81798,0.82472,0.81783,0.82323
2012-03-14,0.82323,0.82335,0.8069,0.8093
2012-03-15,0.8093,0.82148,0.806135,0.81912
2012-03-16,0.81912,0.82584,0.81786,0.8244
2012-03-19,0.82494,0.828845,0.823395,0.82631
2012-03-20,0.82631,0.8269,0.81381,0.81723
2012-03-21,0.81723,0.82182,0.81178,0.81572
2012-03-22,0.81572,0.81573,0.80589,0.80939
2012-03-23,0.80939,0.81885,0.80922,0.81825
2012-03-26,0.81745,0.82376,0.814275,0.82325
2012-03-27,0.82325,0.82642,0.81998,0.8206
2012-03-28,0.8206,0.821505,0.81507,0.81679
2012-03-29,0.81679,0.81956,0.811675,0.81733
2012-03-30,0.81733,0.822905,0.81652,0.81838
2012-04-02,0.82378,0.82564,0.81853,0.8234
2012-04-03,0.8234,0.82636,0.81662,0.81892
2012-04-04,0.81892,0.82033,0.81248,0.81481
2012-04-05,0.81481,0.81882,0.81257,0.81598
2012-04-06,0.81598,0.82063,0.81428,0.8196
2012-04-09,0.8196,0.823765,0.81528,0.82157
2012-04-10,0.82157,0.82404,0.81206,0.81496
2012-04-11,0.81496,0.82207,0.814,0.81813
2012-04-12,0.81813,0.82799,0.81761,0.82777
2012-04-13,0.82777,0.83192,0.82274,0.8229
2012-04-16,0.82478,0.8251,0.817195,0.82042
2012-04-17,0.82042,0.82353,0.81506,0.821
2012-04-18,0.821,0.82274,0.81466,0.81593
2012-04-19,0.81593,0.81974,0.81222,0.81369
2012-04-20,0.81369,0.81892,0.81196,0.81864
2012-04-23,0.81736,0.81882,0.80886,0.81347
2012-04-24,0.81347,0.8159,0.809855,0.81317
2012-04-25,0.81317,0.815305,0.81058,0.81318
2012-04-26,0.81318,0.818985,0.8122,0.81453
2012-04-27,0.81453,0.8233,0.81065,0.82233
2012-04-30,0.82245,0.823545,0.8162,0.81848
2012-05-01,0.81848,0.81899,0.81218,0.81526
2012-05-02,0.81526,0.815405,0.80872,0.81079
2012-05-03,0.81079,0.81084,0.79877,0.79971
2012-05-04,0.79971,0.801925,0.79378,0.79573
2012-05-07,0.79284,0.79686,0.79068,0.79477
2012-05-08,0.79477,0.797385,0.7859,0.78778
2012-05-09,0.78778,0.78845,0.78138,0.78416
2012-05-10,0.78416,0.79027,0.78296,0.78527
2012-05-11,0.78527,0.78795,0.7811,0.78268
2012-05-14,0.78269,0.78275,0.775835,0.77652
2012-05-15,0.77652,0.779785,0.7682,0.76931
2012-05-16,0.76931,0.76996,0.762435,0.76434
2012-05-17,0.76434,0.7681,0.76227,0.76333
2012-05-18,0.76333,0.76504,0.75224,0.75653
2012-05-21,0.75748,0.7658,0.754175,0.76516
2012-05-22,0.76516,0.76764,0.75216,0.75441
2012-05-23,0.75441,0.75529,0.74578,0.75007
2012-05-24,0.75007,0.757465,0.7482,0.75345
2012-05-25,0.75345,0.75852,0.7514,0.75394
2012-05-28,0.75394,0.7646,0.75394,0.76204
2012-05-29,0.76204,0.7648,0.75786,0.76295
2012-05-30,0.76295,0.76344,0.7527,0.75313
2012-05-31,0.75313,0.75756,0.75006,0.75355
2012-06-01,0.75355,0.75672,0.74573,0.75455
2012-06-04,0.75339,0.759525,0.75016,0.75649
2012-06-05,0.75649,0.76039,0.7521,0.75623
2012-06-06,0.75623,0.77101,0.75602,0.77077
2012-06-07,0.77077,0.77532,0.76676,0.76714
2012-06-08,0.76714,0.77204,0.761895,0.77031
2012-06-11,0.77706,0.77872,0.76884,0.76906
2012-06-12,0.76906,0.77781,0.7671,0.77723
2012-06-13,0.77723,0.78094,0.7722,0.77268
2012-06-14,0.77268,0.78332,0.77254,0.78255
2012-06-15,0.78255,0.79014,0.7811,0.78798
2012-06-18,0.79125,0.7944,0.78881,0.792
2012-06-19,0.792,0.79902,0.79086,0.79813
2012-06-20,0.79813,0.79862,0.79172,0.7962
2012-06-21,0.7962,0.80168,0.78532,0.786395
2012-06-22,0.7864,0.791925,0.78468,0.79054
2012-06-25,0.78973,0.79013,0.78443,0.78727
2012-06-26,0.78727,0.793245,0.78689,0.79108
2012-06-27,0.79108,0.792185,0.78758,0.79174
2012-06-28,0.79174,0.79634,0.78402,0.78835
2012-06-29,0.78835,0.8042,0.78494,0.80142
2012-07-02,0.80067,0.80506,0.80012,0.80373
2012-07-03,0.80373,0.80623,0.801375,0.80375
2012-07-04,0.80375,0.806405,0.802415,0.8037
2012-07-05,0.8037,0.80762,0.80058,0.80354
2012-07-06,0.80354,0.804825,0.79568,0.79788
2012-07-09,0.79739,0.79796,0.79292,0.79639
2012-07-10,0.79639,0.79882,0.79307,0.79396
2012-07-11,0.79396,0.7999,0.793195,0.79649
2012-07-12,0.79649,0.7981,0.78616,0.7898
2012-07-13,0.7898,0.79664,0.78892,0.79641
2012-07-16,0.79802,0.79876,0.79368,0.79772
2012-07-17,0.79772,0.80054,0.79308,0.79703
2012-07-18,0.79703,0.80064,0.79246,0.80027
2012-07-19,0.80027,0.8055,0.799275,0.8033
2012-07-20,0.8033,0.80429,0.79792,0.79972
2012-07-23,0.79972,0.79972,0.78669,0.78741
2012-07-24,0.78741,0.792285,0.783975,0.78452
2012-07-25,0.78452,0.79167,0.78082,0.78911
2012-07-26,0.78911,0.802945,0.78911,0.80192
2012-07-27,0.80192,0.81054,0.7991,0.80903
2012-07-30,0.80903,0.81091,0.8072,0.80889
2012-07-31,0.80889,0.8122,0.80788,0.80866
2012-08-01,0.80866,0.8144,0.806815,0.80757
2012-08-02,0.80757,0.81728,0.80704,0.81013
2012-08-03,0.81013,0.81986,0.80866,0.81888
2012-08-06,0.81897,0.822405,0.81628,0.82
2012-08-07,0.82,0.8221,0.8147,0.81611
2012-08-08,0.81611,0.81638,0.81188,0.81483
2012-08-09,0.81483,0.8161,0.809855,0.81188
2012-08-10,0.81188,0.814,0.80836,0.81313
2012-08-13,0.81194,0.81326,0.80772,0.80902
2012-08-14,0.80902,0.81144,0.80439,0.80535
2012-08-15,0.80535,0.80745,0.803755,0.80711
2012-08-16,0.80711,0.81184,0.80554,0.81039
2012-08-17,0.81039,0.8124,0.806155,0.80745
2012-08-20,0.80745,0.81058,0.80636,0.80857
2012-08-21,0.80857,0.8144,0.80852,0.81107
2012-08-22,0.81107,0.8145,0.80768,0.81407
2012-08-23,0.81407,0.81866,0.8126,0.81276
2012-08-24,0.81276,0.81414,0.80814,0.81119
2012-08-27,0.81119,0.81263,0.80822,0.80874
2012-08-28,0.80874,0.808825,0.803415,0.80465
2012-08-29,0.80465,0.805725,0.80046,0.80054
2012-08-30,0.80054,0.80316,0.797,0.79832
2012-08-31,0.79832,0.80427,0.79746,0.80348
2012-09-03,0.80348,0.80348,0.797055,0.79759
2012-09-04,0.79759,0.79966,0.79216,0.79445
2012-09-05,0.79445,0.7959,0.79152,0.79461
2012-09-06,0.79461,0.80314,0.79381,0.80146
2012-09-07,0.80146,0.81263,0.800195,0.81236
2012-09-10,0.81118,0.81338,0.80811,0.80887
2012-09-11,0.80887,0.81946,0.80824,0.8173
2012-09-12,0.8173,0.823725,0.816975,0.82084
2012-09-13,0.82084,0.83242,0.8195,0.83101
2012-09-14,0.83101,0.83532,0.82872,0.82898
2012-09-17,0.82962,0.830505,0.825075,0.82619
2012-09-18,0.82619,0.82854,0.8235,0.82722
2012-09-19,0.82722,0.829485,0.825615,0.82676
2012-09-20,0.82676,0.83026,0.8208,0.82914
2012-09-21,0.82914,0.8337,0.82825,0.82915
2012-09-24,0.82915,0.83139,0.81834,0.82289
2012-09-25,0.82289,0.8284,0.82014,0.82161
2012-09-26,0.82161,0.824905,0.81844,0.82425
2012-09-27,0.82425,0.832565,0.824175,0.83145
2012-09-28,0.83145,0.83563,0.827655,0.83037
2012-10-01,0.82898,0.83234,0.82658,0.82764
2012-10-02,0.82764,0.83372,0.82574,0.82753
2012-10-03,0.82753,0.82753,0.817475,0.81938
2012-10-04,0.81938,0.823365,0.816535,0.82181
2012-10-05,0.82181,0.82664,0.81528,0.81799
2012-10-08,0.81698,0.82233,0.814935,0.81928
2012-10-09,0.81928,0.823805,0.81602,0.81787
2012-10-10,0.81787,0.82068,0.81456,0.81637
2012-10-11,0.81637,0.8191,0.81538,0.8174
2012-10-12,0.8174,0.82098,0.81572,0.81668
2012-10-15,0.81668,0.81956,0.81298,0.81858
2012-10-16,0.81858,0.81894,0.810935,0.81421
2012-10-17,0.81421,0.82264,0.81414,0.82186
2012-10-18,0.82186,0.823045,0.817575,0.81839
2012-10-19,0.81839,0.82064,0.8149,0.81575
2012-10-22,0.81546,0.818905,0.81476,0.81766
2012-10-23,0.81766,0.818385,0.81012,0.81165
2012-10-24,0.81165,0.821,0.81068,0.82045
2012-10-25,0.82045,0.824265,0.81566,0.81798
2012-10-26,0.81798,0.823705,0.81703,0.8228
2012-10-29,0.8228,0.82332,0.81822,0.81912
2012-10-30,0.81912,0.82346,0.81856,0.82079
2012-10-31,0.82079,0.822845,0.81994,0.82252
2012-11-01,0.82252,0.82796,0.82116,0.82698
2012-11-02,0.82698,0.82884,0.82392,0.8251
2012-11-05,0.82433,0.82656,0.8231,0.82535
2012-11-06,0.82535,0.82918,0.8249,0.8271
2012-11-07,0.8271,0.83094,0.81843,0.81873
2012-11-08,0.81873,0.81989,0.81444,0.81481
2012-11-09,0.81481,0.81764,0.81234,0.81413
2012-11-12,0.81413,0.81864,0.81406,0.81753
2012-11-13,0.81753,0.82034,0.81572,0.81607
2012-11-14,0.81607,0.81816,0.80876,0.81017
2012-11-15,0.81017,0.813045,0.80798,0.80919
2012-11-16,0.80919,0.81275,0.805275,0.81264
2012-11-19,0.81264,0.82032,0.8121,0.82004
2012-11-20,0.82004,0.82011,0.81456,0.81718
2012-11-21,0.81718,0.81759,0.811275,0.81483
2012-11-22,0.81483,0.81659,0.813495,0.81581
2012-11-23,0.81581,0.82504,0.815275,0.82364
2012-11-26,0.82309,0.82464,0.821395,0.82187
2012-11-27,0.82187,0.82386,0.819275,0.82115
2012-11-28,0.82115,0.82398,0.819495,0.82372
2012-11-29,0.82372,0.82679,0.8209,0.82279
2012-11-30,0.82279,0.823785,0.817415,0.82045
2012-12-03,0.82045,0.82254,0.8171,0.82098
2012-12-04,0.82098,0.826045,0.82017,0.82379
2012-12-05,0.82379,0.82932,0.82368,0.82872
2012-12-06,0.82872,0.834905,0.828355,0.83274
2012-12-07,0.83274,0.833585,0.831075,0.83251
2012-12-10,0.83298,0.83542,0.83206,0.83487
2012-12-11,0.83487,0.83974,0.83351,0.83923
2012-12-12,0.83923,0.84534,0.83869,0.843595
2012-12-13,0.8436,0.846025,0.84182,0.84314
2012-12-14,0.84314,0.847665,0.83951,0.84632
2012-12-17,0.84632,0.84752,0.842555,0.84496
2012-12-18,0.84496,0.84538,0.8401,0.84148
2012-12-19,0.84148,0.84223,0.83324,0.8342
2012-12-20,0.8342,0.83668,0.8319,0.8339
2012-12-21,0.8339,0.83467,0.82186,0.82289
2012-12-24,0.82289,0.82516,0.8212,0.822225
2012-12-26,0.822225,0.822225,0.81556,0.81976
2012-12-27,0.81976,0.82271,0.81634,0.821
2012-12-28,0.820995,0.822665,0.8181,0.81984
2012-12-31,0.81984,0.82699,0.81984,0.82632
2013-01-02,0.82632,0.83973,0.82632,0.83409
2013-01-03,0.83409,0.83517,0.827235,0.82808
2013-01-04,0.82808,0.832385,0.821375,0.83169
2013-01-07,0.83169,0.83768,0.82868,0.8371
2013-01-08,0.837105,0.8382,0.83351,0.83658
2013-01-09,0.836585,0.84096,0.83505,0.8396
2013-01-10,0.8396,0.84592,0.83842,0.84563
2013-01-11,0.84563,0.846125,0.836175,0.836375
2013-01-14,0.83638,0.84407,0.83622,0.84321
2013-01-15,0.84321,0.843945,0.8373,0.8397
2013-01-16,0.839705,0.84298,0.83675,0.8409
2013-01-17,0.8409,0.84268,0.83292,0.83627
2013-01-18,0.83627,0.83828,0.83352,0.8375
2013-01-21,0.8375,0.8375,0.833395,0.836
2013-01-22,0.836,0.84301,0.83555,0.84096
2013-01-23,0.84096,0.84406,0.84012,0.8424
2013-01-24,0.8424,0.84471,0.83752,0.83782
2013-01-25,0.837825,0.83942,0.835475,0.83737
2013-01-28,0.8355,0.83653,0.828055,0.83388
2013-01-29,0.83388,0.83972,0.83261,0.83942
2013-01-30,0.83942,0.83944,0.829455,0.83595
2013-01-31,0.83595,0.8423,0.834375,0.83884
2013-02-01,0.83884,0.847105,0.838795,0.84526
2013-02-04,0.84526,0.84832,0.842495,0.84322
2013-02-05,0.84322,0.84656,0.84116,0.84468
2013-02-06,0.84468,0.84609,0.83821,0.839495
2013-02-07,0.8395,0.84014,0.829775,0.83304
2013-02-08,0.83304,0.83889,0.8326,0.83576
2013-02-11,0.835755,0.83796,0.83102,0.83532
2013-02-12,0.83532,0.84371,0.83339,0.84026
2013-02-13,0.84026,0.84583,0.83944,0.84547
2013-02-14,0.84547,0.85171,0.84498,0.850675
2013-02-15,0.850675,0.85338,0.84338,0.84503
2013-02-18,0.84503,0.84646,0.84194,0.84519
2013-02-19,0.84519,0.84894,0.84045,0.84689
2013-02-20,0.84689,0.847,0.83277,0.835675
2013-02-21,0.835675,0.83632,0.83144,0.83398
2013-02-22,0.83398,0.83979,0.83346,0.8381
2013-02-25,0.8381,0.84174,0.83216,0.83272
2013-02-26,0.83272,0.83534,0.82242,0.82512
2013-02-27,0.82512,0.8285,0.8226,0.82774
2013-02-28,0.82774,0.83242,0.82399,0.82486
2013-03-01,0.82486,0.829485,0.821615,0.8249
2013-03-04,0.82326,0.8279,0.81933,0.82775
2013-03-05,0.82775,0.83328,0.825635,0.8312
2013-03-06,0.8312,0.83502,0.82748,0.82843
2013-03-07,0.82843,0.831425,0.82608,0.82832
2013-03-08,0.82832,0.829445,0.81874,0.82214
2013-03-11,0.82006,0.82856,0.81922,0.82808
2013-03-12,0.82808,0.828145,0.82317,0.827025
2013-03-13,0.82702,0.827685,0.816275,0.8184
2013-03-14,0.818395,0.82352,0.816555,0.822025
2013-03-15,0.82202,0.82802,0.81932,0.82738
2013-03-18,0.827375,0.827375,0.82178,0.82675
2013-03-19,0.82675,0.82697,0.82279,0.824705
2013-03-20,0.8247,0.8254,0.8211,0.82265
2013-03-21,0.82265,0.83452,0.82172,0.83161
2013-03-22,0.83161,0.836265,0.83078,0.83568
2013-03-25,0.835675,0.83714,0.83355,0.83504
2013-03-26,0.83504,0.8395,0.83376,0.839275
2013-03-27,0.839275,0.83969,0.83436,0.83659
2013-03-28,0.83659,0.83854,0.83519,0.83686
2013-03-29,0.836865,0.837785,0.8359,0.83715
2013-04-01,0.83715,0.8385,0.83518,0.83704
2013-04-02,0.83704,0.84454,0.83682,0.84156
2013-04-03,0.84156,0.84486,0.83974,0.841695
2013-04-04,0.841695,0.84373,0.8364,0.84234
2013-04-05,0.842345,0.843645,0.83743,0.842935
2013-04-08,0.842935,0.84754,0.84059,0.84604
2013-04-09,0.84604,0.8537,0.8459,0.85252
2013-04-10,0.852525,0.857885,0.85154,0.85746
2013-04-11,0.85746,0.867625,0.85726,0.86328
2013-04-12,0.86328,0.864325,0.85471,0.85881
2013-04-15,0.85881,0.85881,0.837815,0.84065
2013-04-16,0.84065,0.85076,0.84006,0.8492
2013-04-17,0.8492,0.851005,0.84275,0.84415
2013-04-18,0.84415,0.846925,0.84025,0.84124
2013-04-19,0.84124,0.849105,0.84031,0.842
2013-04-22,0.842,0.84617,0.83938,0.842395
2013-04-23,0.842395,0.84331,0.836115,0.83937
2013-04-24,0.83937,0.848765,0.83924,0.84759
2013-04-25,0.84759,0.8563,0.84656,0.84992
2013-04-26,0.84992,0.8539,0.8471,0.84798
2013-04-29,0.84798,0.85765,0.84798,0.85664
2013-04-30,0.85664,0.85862,0.85422,0.856215
2013-05-01,0.85622,0.858265,0.84816,0.849965
2013-05-02,0.849965,0.85119,0.845595,0.84954
2013-05-03,0.84954,0.85492,0.84738,0.85337
2013-05-06,0.85337,0.85566,0.84859,0.85139
2013-05-07,0.85139,0.852365,0.84234,0.8457
2013-05-08,0.8457,0.84666,0.83606,0.84014
2013-05-09,0.84014,0.84816,0.83529,0.839205
2013-05-10,0.8392,0.84186,0.825895,0.83025
2013-05-13,0.83025,0.83183,0.82292,0.824875
2013-05-14,0.82488,0.83022,0.818155,0.81977
2013-05-15,0.81977,0.82564,0.817495,0.82408
2013-05-16,0.82408,0.82719,0.81394,0.81604
2013-05-17,0.816035,0.817705,0.80611,0.806565
2013-05-20,0.80656,0.81798,0.80656,0.81725
2013-05-21,0.81725,0.82131,0.811835,0.81694
2013-05-22,0.81694,0.82055,0.80577,0.80773
2013-05-23,0.80773,0.817125,0.80066,0.81358
2013-05-24,0.81358,0.81475,0.806775,0.80959
2013-05-27,0.80959,0.81106,0.80625,0.80831
2013-05-28,0.80831,0.81272,0.80612,0.80752
2013-05-29,0.80752,0.8163,0.805,0.80975
2013-05-30,0.80975,0.8125,0.80046,0.80748
2013-05-31,0.80748,0.81032,0.79386,0.79388
2013-06-03,0.79388,0.81188,0.79388,0.80893
2013-06-04,0.80893,0.810505,0.79678,0.80171
2013-06-05,0.80171,0.80614,0.79285,0.79707
2013-06-06,0.79707,0.810345,0.79033,0.80234
2013-06-07,0.80234,0.80292,0.78593,0.78888
2013-06-10,0.78888,0.79235,0.782395,0.79034
2013-06-11,0.79034,0.79111,0.7761,0.78712
2013-06-12,0.78712,0.80239,0.78429,0.79916
2013-06-13,0.79916,0.8111,0.7896,0.80982
2013-06-14,0.80982,0.813725,0.80383,0.80504
2013-06-17,0.80504,0.80996,0.796735,0.79927
2013-06-18,0.79927,0.80217,0.794835,0.79892
2013-06-19,0.79892,0.80534,0.78572,0.78983
2013-06-20,0.78983,0.78987,0.771275,0.77569
2013-06-21,0.77569,0.78068,0.77006,0.77508
2013-06-24,0.77508,0.779045,0.768375,0.77525
2013-06-25,0.77525,0.7796,0.76972,0.77419
2013-06-26,0.77419,0.78612,0.77182,0.77918
2013-06-27,0.77918,0.78532,0.77698,0.77946
2013-06-28,0.77946,0.78215,0.77072,0.7739
2013-07-01,0.7739,0.78307,0.77152,0.78214
2013-07-02,0.78214,0.78296,0.77375,0.77516
2013-07-03,0.77516,0.77906,0.77106,0.77805
2013-07-04,0.77805,0.785905,0.7764,0.78322
2013-07-05,0.78322,0.78422,0.768815,0.7709
2013-07-08,0.7709,0.781985,0.76994,0.78002
2013-07-09,0.78002,0.78849,0.77632,0.78527
2013-07-10,0.78527,0.78838,0.77803,0.78372
2013-07-11,0.78372,0.79688,0.77654,0.78538
2013-07-12,0.78538,0.78788,0.77526,0.77879
2013-07-15,0.77879,0.782685,0.773135,0.78077
2013-07-16,0.78077,0.79004,0.77933,0.78924
2013-07-17,0.78924,0.79398,0.78411,0.79087
2013-07-18,0.79087,0.79249,0.784875,0.79013
2013-07-19,0.79013,0.79907,0.7881,0.79291
2013-07-22,0.79291,0.79769,0.78962,0.79661
2013-07-23,0.79661,0.80089,0.79548,0.7997
2013-07-24,0.7997,0.80131,0.79058,0.79347
2013-07-25,0.79347,0.81061,0.79302,0.80815
2013-07-26,0.80815,0.810485,0.80547,0.80842
2013-07-29,0.80842,0.80994,0.8012,0.80336
2013-07-30,0.80336,0.80388,0.79579,0.79866
2013-07-31,0.79866,0.80163,0.79318,0.79842
2013-08-01,0.79842,0.79872,0.785275,0.78913
2013-08-02,0.78913,0.7936,0.78163,0.78374
2013-08-05,0.78374,0.78374,0.77368,0.782395
2013-08-06,0.7824,0.79179,0.78207,0.789995
2013-08-07,0.79,0.79985,0.78834,0.79715
2013-08-08,0.79715,0.80476,0.7935,0.800825
2013-08-09,0.80082,0.80573,0.79838,0.80375
2013-08-12,0.80375,0.80576,0.7993,0.80122
2013-08-13,0.80122,0.80134,0.79348,0.79645
2013-08-14,0.79645,0.80514,0.79585,0.80286
2013-08-15,0.80286,0.81038,0.79952,0.80732
2013-08-16,0.80732,0.81282,0.8054,0.81036
2013-08-19,0.81036,0.816365,0.80582,0.8068
2013-08-20,0.8068,0.80752,0.795255,0.79796
2013-08-21,0.79796,0.79817,0.78417,0.78463
2013-08-22,0.78463,0.78653,0.78042,0.783
2013-08-23,0.783005,0.785865,0.77619,0.78024
2013-08-26,0.78024,0.78738,0.778535,0.78521
2013-08-27,0.78521,0.78618,0.776555,0.77973
2013-08-28,0.77973,0.78084,0.77441,0.77986
2013-08-29,0.77986,0.78404,0.77504,0.77694
2013-08-30,0.77694,0.77973,0.77213,0.7727
2013-09-02,0.7727,0.783325,0.7727,0.78101
2013-09-03,0.78101,0.78409,0.777595,0.78001
2013-09-04,0.78001,0.79276,0.779375,0.79068
2013-09-05,0.79068,0.7915,0.78557,0.78846
2013-09-06,0.78846,0.80224,0.78832,0.800035
2013-09-09,0.800035,0.80314,0.79618,0.80181
2013-09-10,0.80181,0.807565,0.80073,0.80674
2013-09-11,0.80674,0.80909,0.80379,0.80821
2013-09-12,0.80821,0.81576,0.80819,0.81381
2013-09-13,0.81381,0.817005,0.80956,0.81312
2013-09-16,0.81312,0.82289,0.81312,0.81711
2013-09-17,0.81711,0.82489,0.81592,0.823795
2013-09-18,0.8238,0.83831,0.82064,0.83694
2013-09-19,0.836945,0.84359,0.8327,0.83748
2013-09-20,0.837475,0.8401,0.8355,0.836745
2013-09-23,0.836745,0.83904,0.83442,0.83736
2013-09-24,0.83736,0.83784,0.82564,0.82818
2013-09-25,0.82818,0.8283,0.82172,0.82409
2013-09-26,0.82409,0.83019,0.823555,0.82912
2013-09-27,0.829125,0.83199,0.824795,0.82766
2013-09-30,0.82766,0.83342,0.82514,0.83058
2013-10-01,0.83058,0.83418,0.82478,0.82762
2013-10-02,0.82762,0.83327,0.8194,0.83293
2013-10-03,0.83293,0.83411,0.82767,0.8293
2013-10-04,0.8293,0.83508,0.827975,0.83175
2013-10-07,0.83175,0.83366,0.82706,0.83052
2013-10-08,0.83052,0.83332,0.827,0.82901
2013-10-09,0.82901,0.83201,0.827295,0.83053
2013-10-10,0.83053,0.83128,0.82318,0.828395
2013-10-11,0.8284,0.8355,0.82673,0.83264
2013-10-14,0.83264,0.8381,0.83087,0.835685
2013-10-15,0.835685,0.840585,0.834855,0.83756
2013-10-16,0.83756,0.84451,0.8366,0.84263
2013-10-17,0.84263,0.85253,0.84164,0.84859
2013-10-18,0.84859,0.85142,0.844775,0.85028
2013-10-21,0.85028,0.85082,0.843775,0.84516
2013-10-22,0.84516,0.85444,0.843535,0.85132
2013-10-23,0.85132,0.8521,0.835715,0.839375
2013-10-24,0.839375,0.84457,0.83198,0.83544
2013-10-25,0.83544,0.836065,0.8274,0.82806
2013-10-28,0.82806,0.83327,0.827175,0.83018
2013-10-29,0.83018,0.83047,0.82342,0.82562
2013-10-30,0.825615,0.82872,0.819275,0.826635
2013-10-31,0.82664,0.83104,0.823055,0.82609
2013-11-01,0.82609,0.82862,0.82104,0.826505
2013-11-04,0.8265,0.83126,0.8249,0.828415
2013-11-05,0.82842,0.83666,0.82606,0.83644
2013-11-06,0.83644,0.84148,0.83518,0.83772
2013-11-07,0.83772,0.83955,0.8307,0.83233
2013-11-08,0.83233,0.83494,0.822515,0.825125
2013-11-11,0.82512,0.82885,0.82283,0.825235
2013-11-12,0.82524,0.82621,0.81693,0.82216
2013-11-13,0.82216,0.82939,0.81953,0.82888
2013-11-14,0.82888,0.835785,0.82314,0.82742
2013-11-15,0.82742,0.83445,0.82672,0.8341
2013-11-18,0.8341,0.8408,0.832955,0.833505
2013-11-19,0.8335,0.83738,0.830935,0.83715
2013-11-20,0.83715,0.83956,0.8254,0.82729
2013-11-21,0.82729,0.82766,0.81752,0.82044
2013-11-22,0.820445,0.82443,0.812475,0.819325
2013-11-25,0.819325,0.8229,0.81763,0.821115
2013-11-26,0.82112,0.82656,0.81538,0.81947
2013-11-27,0.81947,0.82122,0.81158,0.81501
2013-11-28,0.81501,0.81774,0.811335,0.81184
2013-11-29,0.81184,0.81656,0.80845,0.81202
2013-12-02,0.81202,0.82238,0.81202,0.818355
2013-12-03,0.818355,0.826,0.81566,0.82428
2013-12-04,0.824285,0.82438,0.81662,0.81977
2013-12-05,0.81977,0.82288,0.815235,0.82196
2013-12-06,0.82196,0.82932,0.81402,0.8283
2013-12-09,0.8283,0.832125,0.82578,0.82828
2013-12-10,0.82828,0.83352,0.82716,0.83123
2013-12-11,0.83123,0.83136,0.82007,0.825755
2013-12-12,0.825755,0.832,0.82228,0.824985
2013-12-13,0.824985,0.82708,0.81897,0.82673
2013-12-16,0.82673,0.82876,0.82448,0.82588
2013-12-17,0.825885,0.8288,0.82394,0.82711
2013-12-18,0.82711,0.82885,0.8174,0.823695
2013-12-19,0.8237,0.82381,0.8152,0.81913
2013-12-20,0.81913,0.822365,0.81496,0.8198
2013-12-23,0.8198,0.82166,0.81884,0.82002
2013-12-24,0.82002,0.82018,0.81718,0.81912
2013-12-26,0.81912,0.81912,0.81501,0.81659
2013-12-27,0.81659,0.81941,0.814115,0.814935
2013-12-30,0.814935,0.822345,0.81176,0.82028
2013-12-31,0.82028,0.82436,0.819835,0.82382
2014-01-02,0.82382,0.82382,0.81394,0.81852
2014-01-03,0.81852,0.831745,0.817875,0.82734
2014-01-06,0.82734,0.8306,0.82521,0.82912
2014-01-07,0.829125,0.830265,0.82545,0.82838
2014-01-08,0.82838,0.83182,0.82516,0.82647
2014-01-09,0.82647,0.82725,0.8232,0.82536
2014-01-10,0.82536,0.83087,0.82071,0.83028
2014-01-13,0.83028,0.839,0.82843,0.83771
2014-01-14,0.83771,0.84318,0.83586,0.83816
2014-01-15,0.83816,0.83918,0.8324,0.83385
2014-01-16,0.83385,0.8361,0.82964,0.83544
2014-01-17,0.83544,0.83572,0.82481,0.8256
2014-01-20,0.8256,0.83259,0.821255,0.83253
2014-01-21,0.83253,0.83416,0.82964,0.83158
2014-01-22,0.83158,0.834605,0.82968,0.83091
2014-01-23,0.83091,0.83385,0.826155,0.8302
2014-01-24,0.830205,0.83152,0.821455,0.821455
2014-01-27,0.82146,0.82618,0.819795,0.8233
2014-01-28,0.8233,0.83041,0.82206,0.82582
2014-01-29,0.82582,0.82987,0.81781,0.8214
2014-01-30,0.8214,0.82182,0.812635,0.816635
2014-01-31,0.816635,0.818085,0.80627,0.8086
2014-02-03,0.8086,0.813765,0.80814,0.80846
2014-02-04,0.808455,0.82579,0.80518,0.82428
2014-02-05,0.82428,0.82529,0.81878,0.82152
2014-02-06,0.821525,0.82829,0.82091,0.82477
2014-02-07,0.82477,0.82966,0.82123,0.82943
2014-02-10,0.82943,0.82943,0.825715,0.82686
2014-02-11,0.82686,0.8344,0.82626,0.83214
2014-02-12,0.83214,0.83684,0.8304,0.83211
2014-02-13,0.83211,0.835785,0.829315,0.83415
2014-02-14,0.83415,0.8385,0.83297,0.83638
2014-02-17,0.836375,0.839265,0.83538,0.83645
2014-02-18,0.83645,0.8381,0.83014,0.83052
2014-02-19,0.830515,0.83433,0.826975,0.8276
2014-02-20,0.827605,0.831525,0.824295,0.83042
2014-02-21,0.83042,0.83154,0.82664,0.828045
2014-02-24,0.82804,0.8342,0.82608,0.832925
2014-02-25,0.83292,0.83454,0.831735,0.83286
2014-02-26,0.83286,0.83454,0.82816,0.83144
2014-02-27,0.83144,0.83919,0.829255,0.836885
2014-02-28,0.83688,0.84256,0.83596,0.83842
2014-03-03,0.83842,0.8385,0.8343,0.836975
2014-03-04,0.836975,0.840025,0.83522,0.83924
2014-03-05,0.83924,0.84322,0.83773,0.8416
2014-03-06,0.8416,0.85036,0.84073,0.84754
2014-03-07,0.84754,0.85232,0.84454,0.84658
2014-03-10,0.84658,0.8481,0.844075,0.84713
2014-03-11,0.84713,0.85062,0.84608,0.847
2014-03-12,0.847,0.85246,0.843835,0.8524
2014-03-13,0.8524,0.86057,0.85122,0.85408
2014-03-14,0.85408,0.8564,0.85242,0.8538
2014-03-17,0.8538,0.85826,0.8525,0.856495
2014-03-18,0.856495,0.86402,0.85418,0.86226
2014-03-19,0.86226,0.863605,0.852995,0.85612
2014-03-20,0.856125,0.85702,0.85016,0.85305
2014-03-21,0.85305,0.856845,0.85256,0.85356
2014-03-24,0.853555,0.85668,0.85158,0.85478
2014-03-25,0.85478,0.85892,0.85327,0.8577
2014-03-26,0.8577,0.862045,0.8569,0.85928
2014-03-27,0.85928,0.86861,0.85882,0.867235
2014-03-28,0.86724,0.86971,0.86506,0.866245
2014-03-31,0.86624,0.86846,0.86416,0.86754
2014-04-01,0.86754,0.87019,0.86394,0.86397
2014-04-02,0.86397,0.86397,0.85469,0.85732
2014-04-03,0.85732,0.858085,0.85146,0.85446
2014-04-04,0.85446,0.86044,0.85316,0.86038
2014-04-07,0.86038,0.86152,0.85793,0.86027
2014-04-08,0.86027,0.86816,0.86004,0.86758
2014-04-09,0.86758,0.872665,0.86461,0.87162
2014-04-10,0.87162,0.874565,0.86804,0.868275
2014-04-11,0.86828,0.87062,0.86244,0.86906
2014-04-14,0.86906,0.86936,0.86308,0.86875
2014-04-15,0.86875,0.86949,0.8626,0.86437
2014-04-16,0.86437,0.8649,0.85786,0.8625
2014-04-17,0.8625,0.86485,0.85623,0.85708
2014-04-18,0.85708,0.85936,0.856655,0.85819
2014-04-21,0.85819,0.860165,0.85559,0.85658
2014-04-22,0.856585,0.862085,0.85631,0.86006
2014-04-23,0.86006,0.862105,0.8566,0.85861
2014-04-24,0.85861,0.86369,0.85464,0.85666
2014-04-25,0.85666,0.85936,0.855275,0.85771
2014-04-28,0.85771,0.85877,0.85256,0.85384
2014-04-29,0.85384,0.85572,0.8517,0.85501
2014-04-30,0.85501,0.86328,0.85466,0.86167
2014-05-01,0.86167,0.864,0.86007,0.86329
2014-05-02,0.86329,0.86699,0.85935,0.86646
2014-05-05,0.86646,0.86867,0.86484,0.86781
2014-05-06,0.86781,0.877945,0.86768,0.8741
2014-05-07,0.8741,0.8744,0.86568,0.865935
2014-05-08,0.86594,0.86719,0.862555,0.86456
2014-05-09,0.86456,0.865205,0.8604,0.8611
2014-05-12,0.8611,0.86382,0.86088,0.862025
2014-05-13,0.862025,0.86694,0.861755,0.86274
2014-05-14,0.86274,0.86786,0.860915,0.86684
2014-05-15,0.86684,0.869585,0.86266,0.86428
2014-05-16,0.86428,0.8656,0.86242,0.86271
2014-05-19,0.86271,0.86556,0.8621,0.863045
2014-05-20,0.863045,0.86355,0.85606,0.8573
2014-05-21,0.857305,0.85949,0.8538,0.85764
2014-05-22,0.85764,0.85892,0.85518,0.85654
2014-05-23,0.85654,0.85748,0.85308,0.85468
2014-05-26,0.854685,0.85578,0.8527,0.85496
2014-05-27,0.854955,0.85796,0.852995,0.8563
2014-05-28,0.856305,0.85718,0.84705,0.84948
2014-05-29,0.849485,0.85086,0.84518,0.84865
2014-05-30,0.84865,0.85169,0.84725,0.84952
2014-06-02,0.849525,0.84985,0.84408,0.84516
2014-06-03,0.84516,0.84776,0.841815,0.843095
2014-06-04,0.8431,0.84459,0.84021,0.8421
2014-06-05,0.8421,0.85126,0.84178,0.84998
2014-06-06,0.84998,0.85541,0.84815,0.85052
2014-06-09,0.85052,0.85315,0.84806,0.849355
2014-06-10,0.84936,0.852865,0.849055,0.85266
2014-06-11,0.85266,0.85765,0.85196,0.85478
2014-06-12,0.85478,0.87003,0.85088,0.86884
2014-06-13,0.868845,0.86942,0.864515,0.86688
2014-06-16,0.86688,0.869965,0.865995,0.8673
2014-06-17,0.8673,0.8685,0.864235,0.86625
2014-06-18,0.86625,0.87371,0.86515,0.87371
2014-06-19,0.87371,0.87375,0.870375,0.87162
2014-06-20,0.87162,0.87232,0.86816,0.86992
2014-06-23,0.86992,0.874885,0.86991,0.87125
2014-06-24,0.87125,0.87236,0.86698,0.86733
2014-06-25,0.86733,0.87414,0.866215,0.87368
2014-06-26,0.87368,0.87883,0.87276,0.87794
2014-06-27,0.87794,0.8794,0.8754,0.87816
2014-06-30,0.87816,0.87824,0.87284,0.875795
2014-07-01,0.8758,0.87914,0.875055,0.87751
2014-07-02,0.87751,0.87762,0.874775,0.877335
2014-07-03,0.87734,0.877825,0.871795,0.87534
2014-07-04,0.87534,0.87572,0.87313,0.87396
2014-07-07,0.873955,0.87679,0.8714,0.87589
2014-07-08,0.87589,0.88062,0.87393,0.87865
2014-07-09,0.87865,0.88292,0.878175,0.88231
2014-07-10,0.88231,0.8837,0.87946,0.88193
2014-07-11,0.88193,0.88334,0.87993,0.88115
2014-07-14,0.88115,0.88232,0.879475,0.88061
2014-07-15,0.88061,0.8818,0.87498,0.8768
2014-07-16,0.876795,0.87714,0.868975,0.8712
2014-07-17,0.8712,0.87202,0.86667,0.867
2014-07-18,0.867,0.86962,0.86496,0.8695
2014-07-21,0.8695,0.87219,0.86855,0.86888
2014-07-22,0.86888,0.8697,0.86531,0.8667
2014-07-23,0.8667,0.8709,0.86586,0.87018
2014-07-24,0.87018,0.8707,0.85674,0.85727
2014-07-25,0.85727,0.858665,0.85388,0.85543
2014-07-28,0.85543,0.8561,0.85298,0.85476
2014-07-29,0.85476,0.855725,0.84942,0.85046
2014-07-30,0.85046,0.85154,0.84634,0.849135
2014-07-31,0.84914,0.851885,0.847235,0.849995
2014-08-01,0.85,0.853485,0.84618,0.85109
2014-08-04,0.85109,0.85278,0.84961,0.85244
2014-08-05,0.85244,0.85312,0.8452,0.8467
2014-08-06,0.846695,0.8487,0.84235,0.84784
2014-08-07,0.84784,0.84946,0.845215,0.8478
2014-08-08,0.847795,0.84898,0.84318,0.84616
2014-08-11,0.846155,0.847645,0.84556,0.84581
2014-08-12,0.84581,0.84636,0.84085,0.84346
2014-08-13,0.84346,0.84794,0.84195,0.845845
2014-08-14,0.84584,0.851465,0.84554,0.84924
2014-08-15,0.84924,0.85021,0.84674,0.84886
2014-08-18,0.848855,0.85008,0.8468,0.84786
2014-08-19,0.84786,0.84845,0.84164,0.842
2014-08-20,0.842,0.843505,0.836675,0.83745
2014-08-21,0.83745,0.84127,0.8348,0.84061
2014-08-22,0.84061,0.84307,0.83806,0.84059
2014-08-25,0.84059,0.84059,0.83285,0.83428
2014-08-26,0.834285,0.83504,0.83112,0.83324
2014-08-27,0.833235,0.83818,0.83288,0.83738
2014-08-28,0.83738,0.8408,0.83632,0.83833
2014-08-29,0.83833,0.83982,0.83559,0.83614
2014-09-01,0.836145,0.8389,0.83483,0.83766
2014-09-02,0.837655,0.83908,0.82919,0.83159
2014-09-03,0.83159,0.83326,0.82876,0.8327
2014-09-04,0.8327,0.83513,0.82972,0.83067
2014-09-05,0.83067,0.834765,0.82704,0.83291
2014-09-08,0.83291,0.83294,0.82621,0.82742
2014-09-09,0.82742,0.82858,0.822335,0.82439
2014-09-10,0.82439,0.82672,0.82086,0.82245
2014-09-11,0.82245,0.8233,0.81612,0.81852
2014-09-12,0.81852,0.81964,0.81425,0.81503
2014-09-15,0.81503,0.81812,0.81233,0.81755
2014-09-16,0.81755,0.82304,0.81452,0.8201
2014-09-17,0.8201,0.820445,0.807795,0.80976
2014-09-18,0.809765,0.815725,0.8079,0.81514
2014-09-19,0.81514,0.817945,0.81108,0.81275
2014-09-22,0.81275,0.81702,0.80986,0.81205
2014-09-23,0.81205,0.8147,0.80418,0.80524
2014-09-24,0.80524,0.80934,0.804435,0.80767
2014-09-25,0.80767,0.807865,0.79128,0.792415
2014-09-26,0.79242,0.79568,0.785935,0.78665
2014-09-29,0.78665,0.787,0.77082,0.776425
2014-09-30,0.77642,0.7831,0.773875,0.78082
2014-10-01,0.78082,0.78609,0.77602,0.77872
2014-10-02,0.77872,0.79299,0.77665,0.79006
2014-10-03,0.79006,0.79127,0.77376,0.7764
2014-10-06,0.7764,0.78676,0.7714,0.78397
2014-10-07,0.78397,0.78732,0.77828,0.7833
2014-10-08,0.7833,0.79149,0.7783,0.79061
2014-10-09,0.79061,0.797465,0.784495,0.7867
2014-10-10,0.7867,0.7879,0.78003,0.78156
2014-10-13,0.78156,0.7899,0.77948,0.78929
2014-10-14,0.78929,0.79174,0.7821,0.78426
2014-10-15,0.78426,0.79956,0.78067,0.79866
2014-10-16,0.79866,0.79978,0.788675,0.794955
2014-10-17,0.79496,0.79688,0.787775,0.7917
2014-10-20,0.7917,0.79808,0.79156,0.79674
2014-10-21,0.79674,0.80352,0.79449,0.79612
2014-10-22,0.796115,0.79912,0.79174,0.792915
2014-10-23,0.79292,0.79304,0.780915,0.78228
2014-10-24,0.78228,0.78818,0.77942,0.78549
2014-10-27,0.78549,0.79032,0.78455,0.78935
2014-10-28,0.78935,0.7959,0.78837,0.79208
2014-10-29,0.79208,0.79781,0.776955,0.78021
2014-10-30,0.78021,0.78604,0.776615,0.78446
2014-10-31,0.78446,0.78804,0.77756,0.7792
2014-11-03,0.7792,0.77939,0.7698,0.772005
2014-11-04,0.772,0.78143,0.770975,0.78091
2014-11-05,0.78091,0.784245,0.76851,0.77281
2014-11-06,0.77281,0.77593,0.76679,0.76891
2014-11-07,0.76891,0.776805,0.76604,0.77491
2014-11-10,0.77491,0.78238,0.77397,0.77496
2014-11-11,0.77496,0.78421,0.77132,0.780745
2014-11-12,0.780745,0.7906,0.77992,0.78796
2014-11-13,0.78796,0.792865,0.784115,0.78825
2014-11-14,0.78825,0.79394,0.78237,0.79082
2014-11-17,0.79082,0.79756,0.79008,0.79116
2014-11-18,0.791165,0.79744,0.790955,0.79223
2014-11-19,0.79223,0.7926,0.78381,0.78528
2014-11-20,0.78528,0.78818,0.7807,0.78686
2014-11-21,0.78686,0.79467,0.78474,0.78826
2014-11-24,0.78826,0.79111,0.78465,0.78614
2014-11-25,0.786145,0.78662,0.77662,0.78088
2014-11-26,0.78088,0.78936,0.78032,0.78734
2014-11-27,0.78734,0.79272,0.785775,0.786595
2014-11-28,0.786595,0.78688,0.782695,0.78454
2014-12-01,0.78454,0.79119,0.7777,0.78656
2014-12-02,0.786555,0.78906,0.77845,0.780505
2014-12-03,0.7805,0.78086,0.7737,0.77595
2014-12-04,0.77595,0.78222,0.77296,0.77796
2014-12-05,0.777965,0.778385,0.770015,0.77132
2014-12-08,0.771325,0.771325,0.76239,0.76527
2014-12-09,0.76527,0.77622,0.76087,0.76792
2014-12-10,0.76792,0.78324,0.7662,0.78141
2014-12-11,0.78141,0.78711,0.777855,0.781955
2014-12-12,0.78196,0.78406,0.77574,0.77768
2014-12-15,0.77768,0.77937,0.772715,0.77444
2014-12-16,0.774445,0.78494,0.77214,0.77982
2014-12-17,0.77982,0.78026,0.76862,0.77039
2014-12-18,0.77039,0.77672,0.76814,0.77632
2014-12-19,0.77632,0.77961,0.77372,0.774845
2014-12-22,0.774845,0.77706,0.771475,0.772855
2014-12-23,0.77286,0.77561,0.76946,0.77097
2014-12-24,0.77097,0.77362,0.77058,0.77249
2014-12-26,0.77249,0.77645,0.77249,0.77619
2014-12-29,0.77619,0.77995,0.77438,0.77896
2014-12-30,0.77896,0.784845,0.77716,0.78286
2014-12-31,0.78286,0.784745,0.779295,0.779355
2015-01-02,0.779355,0.78007,0.769095,0.76998
2015-01-05,0.76998,0.77196,0.76194,0.76852
2015-01-06,0.768515,0.781,0.7682,0.77614
2015-01-07,0.77614,0.77948,0.77138,0.77833
2015-01-08,0.77833,0.78293,0.77626,0.78244
2015-01-09,0.78244,0.78511,0.77894,0.78341
2015-01-12,0.78341,0.78655,0.773635,0.77815
2015-01-13,0.77815,0.78029,0.77123,0.77375
2015-01-14,0.77375,0.77802,0.768995,0.771685
2015-01-15,0.77168,0.78904,0.77034,0.78252
2015-01-16,0.78252,0.78566,0.77463,0.778835
2015-01-19,0.77884,0.78085,0.77704,0.7781
2015-01-20,0.778095,0.77834,0.76232,0.76376
2015-01-21,0.763765,0.77101,0.755095,0.7552
2015-01-22,0.7552,0.75838,0.7481,0.75014
2015-01-23,0.75014,0.75276,0.74322,0.74544
2015-01-26,0.74544,0.74693,0.73982,0.74256
2015-01-27,0.74256,0.74782,0.74088,0.74523
2015-01-28,0.74523,0.74945,0.7314,0.73182
2015-01-29,0.73182,0.73476,0.7234,0.72652
2015-01-30,0.72652,0.729545,0.72156,0.72594
2015-02-02,0.725935,0.73243,0.72451,0.73038
2015-02-03,0.73038,0.74382,0.71765,0.735755
2015-02-04,0.73576,0.74502,0.72895,0.73662
2015-02-05,0.736615,0.74278,0.73424,0.73971
2015-02-06,0.73971,0.74452,0.73338,0.73601
2015-02-09,0.73601,0.74396,0.73416,0.74096
2015-02-10,0.74096,0.74396,0.7384,0.74024
2015-02-11,0.74024,0.7447,0.73525,0.73665
2015-02-12,0.73665,0.748665,0.7314,0.74254
2015-02-13,0.74254,0.747165,0.74114,0.74592
2015-02-16,0.74592,0.752865,0.74592,0.750125
2015-02-17,0.75012,0.75563,0.74824,0.75397
2015-02-18,0.75397,0.7574,0.75023,0.75456
2015-02-19,0.754555,0.757305,0.75067,0.75175
2015-02-20,0.75175,0.755405,0.75138,0.7524
2015-02-23,0.7524,0.7548,0.74874,0.75239
2015-02-24,0.75239,0.75354,0.74218,0.74918
2015-02-25,0.74918,0.75629,0.74748,0.755595
2015-02-26,0.7556,0.761405,0.75158,0.753585
2015-02-27,0.753585,0.75707,0.75152,0.75626
2015-03-02,0.75626,0.756305,0.75034,0.75096
2015-03-03,0.75096,0.75737,0.7502,0.75512
2015-03-04,0.75512,0.76106,0.754375,0.75879
2015-03-05,0.75879,0.75964,0.74541,0.7487
2015-03-06,0.7487,0.751785,0.735755,0.73615
2015-03-09,0.73615,0.73904,0.73228,0.735535
2015-03-10,0.73554,0.73594,0.7254,0.72752
2015-03-11,0.72752,0.73084,0.71913,0.72931
2015-03-12,0.72931,0.74445,0.727315,0.7388
2015-03-13,0.738795,0.740865,0.73132,0.73397
2015-03-16,0.73397,0.741,0.73177,0.73674
2015-03-17,0.73674,0.74046,0.73002,0.73068
2015-03-18,0.730675,0.75474,0.72752,0.74877
2015-03-19,0.74877,0.75379,0.7373,0.741535
2015-03-20,0.74154,0.75926,0.74029,0.756685
2015-03-23,0.75668,0.76756,0.75484,0.76526
2015-03-24,0.76526,0.76976,0.76122,0.76529
2015-03-25,0.76529,0.769245,0.75874,0.76062
2015-03-26,0.76062,0.76646,0.75557,0.75986
2015-03-27,0.75986,0.76113,0.75434,0.75689
2015-03-30,0.75689,0.75695,0.74876,0.75028
2015-03-31,0.75028,0.751125,0.745655,0.74698
2015-04-01,0.74698,0.749125,0.73916,0.74515
2015-04-02,0.74515,0.75176,0.74251,0.75096
2015-04-03,0.75096,0.76304,0.74972,0.75971
2015-04-06,0.75971,0.7623,0.75183,0.75416
2015-04-07,0.75416,0.75622,0.74867,0.74943
2015-04-08,0.74943,0.76082,0.748795,0.75533
2015-04-09,0.75533,0.76079,0.752655,0.75652
2015-04-10,0.75652,0.75984,0.75133,0.75306
2015-04-13,0.75306,0.75378,0.7422,0.74549
2015-04-14,0.74549,0.75532,0.743875,0.7521
2015-04-15,0.752095,0.76186,0.748695,0.75937
2015-04-16,0.75937,0.76979,0.757815,0.76702
2015-04-17,0.76702,0.77409,0.76459,0.76834
2015-04-20,0.76834,0.77243,0.76425,0.76631
2015-04-21,0.76631,0.77129,0.76352,0.767025
2015-04-22,0.76702,0.773765,0.76576,0.76656
2015-04-23,0.76656,0.76656,0.7537,0.759295
2015-04-24,0.7593,0.76094,0.7543,0.76066
2015-04-27,0.76066,0.76652,0.758815,0.76456
2015-04-28,0.76456,0.774125,0.761635,0.771945
2015-04-29,0.771945,0.77444,0.76716,0.76824
2015-04-30,0.76824,0.76918,0.75751,0.76158
2015-05-01,0.76158,0.76288,0.750695,0.75418
2015-05-04,0.75418,0.75579,0.75089,0.75369
2015-05-05,0.75369,0.75778,0.74901,0.75579
2015-05-06,0.75579,0.75695,0.74596,0.74969
2015-05-07,0.74969,0.75283,0.742595,0.74515
2015-05-08,0.74515,0.7501,0.742135,0.74912
2015-05-11,0.749125,0.749125,0.733315,0.73348
2015-05-12,0.73348,0.74022,0.732855,0.73632
2015-05-13,0.73632,0.75068,0.73183,0.74837
2015-05-14,0.74837,0.75652,0.74765,0.749735
2015-05-15,0.749735,0.75034,0.743035,0.7474
2015-05-18,0.7474,0.7474,0.73719,0.738835
2015-05-19,0.738835,0.7444,0.733795,0.73442
2015-05-20,0.734425,0.73722,0.728275,0.7307
2015-05-21,0.7307,0.734685,0.7293,0.7346
2015-05-22,0.7346,0.73956,0.72976,0.73132
2015-05-25,0.73132,0.73184,0.72933,0.73104
2015-05-26,0.73104,0.73224,0.722175,0.72318
2015-05-27,0.72318,0.72688,0.72124,0.7262
2015-05-28,0.7262,0.727185,0.71291,0.71768
2015-05-29,0.717685,0.7195,0.7081,0.71086
2015-06-01,0.71086,0.71498,0.707855,0.70896
2015-06-02,0.708955,0.72012,0.70892,0.71819
2015-06-03,0.71819,0.7193,0.711755,0.71536
2015-06-04,0.715365,0.7168,0.71036,0.71298
2015-06-05,0.71298,0.716,0.7025,0.704695
2015-06-08,0.7047,0.71577,0.70405,0.71442
2015-06-09,0.71442,0.71795,0.708715,0.713325
2015-06-10,0.71332,0.72326,0.710735,0.72034
2015-06-11,0.72034,0.7204,0.69667,0.70116
2015-06-12,0.70116,0.70276,0.6943,0.69874
2015-06-15,0.69874,0.70094,0.696015,0.69994
2015-06-16,0.69994,0.70097,0.6972,0.69901
2015-06-17,0.69901,0.70122,0.68782,0.698755
2015-06-18,0.698755,0.69931,0.68804,0.69263
2015-06-19,0.69263,0.693865,0.688995,0.69102
2015-06-22,0.69102,0.69303,0.68628,0.68639
2015-06-23,0.68639,0.68746,0.68155,0.68551
2015-06-24,0.68551,0.69072,0.6846,0.688995
2015-06-25,0.689,0.69244,0.68774,0.69091
2015-06-26,0.69091,0.69148,0.68181,0.68424
2015-06-29,0.68424,0.68824,0.67864,0.68514
2015-06-30,0.68514,0.68568,0.6748,0.676455
2015-07-01,0.676455,0.68106,0.672935,0.67355
2015-07-02,0.67355,0.67398,0.66632,0.67222
2015-07-03,0.67222,0.67316,0.66773,0.66946
2015-07-06,0.66946,0.67147,0.66522,0.66877
2015-07-07,0.66877,0.66877,0.66206,0.66512
2015-07-08,0.66512,0.67504,0.66219,0.672985
2015-07-09,0.672985,0.6755,0.669895,0.67403
2015-07-10,0.67403,0.677205,0.668415,0.67225
2015-07-13,0.67225,0.67532,0.66806,0.669415
2015-07-14,0.66942,0.67423,0.66679,0.67114
2015-07-15,0.67114,0.672325,0.65834,0.659015
2015-07-16,0.659015,0.660305,0.64982,0.65143
2015-07-17,0.65143,0.65562,0.65081,0.65223
2015-07-20,0.65223,0.66008,0.6505,0.65664
2015-07-21,0.65664,0.66538,0.65584,0.662415
2015-07-22,0.662415,0.66452,0.65602,0.65707
2015-07-23,0.65707,0.66954,0.65662,0.66075
2015-07-24,0.66075,0.66248,0.655515,0.65762
2015-07-27,0.65762,0.66394,0.6567,0.66048
2015-07-28,0.660485,0.6709,0.659915,0.669245
2015-07-29,0.669245,0.67393,0.66578,0.66674
2015-07-30,0.66674,0.66703,0.65667,0.66017
2015-07-31,0.66017,0.6674,0.65354,0.65909
2015-08-03,0.65909,0.661365,0.65579,0.65615
2015-08-04,0.65615,0.661685,0.6525,0.65387
2015-08-05,0.65387,0.65658,0.6491,0.651115
2015-08-06,0.65112,0.6558,0.65066,0.6554
2015-08-07,0.6554,0.6637,0.652955,0.66248
2015-08-10,0.66248,0.66274,0.655715,0.66198
2015-08-11,0.66198,0.663345,0.65195,0.65356
2015-08-12,0.653555,0.66502,0.64681,0.662025
2015-08-13,0.662025,0.66419,0.65512,0.6571
2015-08-14,0.6571,0.65743,0.65146,0.65383
2015-08-17,0.65383,0.658405,0.65287,0.65724
2015-08-18,0.65724,0.66052,0.655715,0.66029
2015-08-19,0.66029,0.66234,0.655055,0.660145
2015-08-20,0.66014,0.664765,0.65797,0.66313
2015-08-21,0.66313,0.670865,0.66076,0.66854
2015-08-24,0.66854,0.66874,0.60871,0.64797
2015-08-25,0.64797,0.65615,0.64328,0.6473
2015-08-26,0.6473,0.6514,0.640935,0.64401
2015-08-27,0.64401,0.649065,0.64315,0.64671
2015-08-28,0.64671,0.65052,0.64365,0.6463
2015-08-31,0.6463,0.64679,0.63206,0.6341
2015-09-01,0.634105,0.639,0.63168,0.63306
2015-09-02,0.63306,0.63688,0.63123,0.634925
2015-09-03,0.634925,0.6415,0.63303,0.640025
2015-09-04,0.640025,0.64065,0.627,0.62851
2015-09-07,0.62851,0.63064,0.62445,0.62588
2015-09-08,0.62588,0.63562,0.62588,0.634275
2015-09-09,0.63428,0.64255,0.63385,0.63964
2015-09-10,0.63964,0.63982,0.62564,0.62926
2015-09-11,0.62926,0.63276,0.628355,0.63165
2015-09-14,0.63165,0.63446,0.62984,0.633045
2015-09-15,0.63304,0.63694,0.629375,0.63556
2015-09-16,0.635555,0.63788,0.63336,0.636645
2015-09-17,0.63664,0.644625,0.63117,0.6349
2015-09-18,0.6349,0.645745,0.634435,0.63988
2015-09-21,0.63988,0.64003,0.62995,0.6317
2015-09-22,0.6317,0.63326,0.6272,0.62936
2015-09-23,0.62936,0.63056,0.62367,0.62755
2015-09-24,0.62755,0.637425,0.626355,0.63544
2015-09-25,0.63544,0.63907,0.62995,0.63861
2015-09-28,0.63861,0.64028,0.632555,0.63289
2015-09-29,0.63289,0.63938,0.628895,0.634695
2015-09-30,0.6347,0.64073,0.63414,0.63986
2015-10-01,0.63986,0.64499,0.63862,0.63992
2015-10-02,0.639915,0.64561,0.63839,0.64462
2015-10-05,0.64462,0.653165,0.64375,0.64901
2015-10-06,0.64901,0.65566,0.64787,0.65429
2015-10-07,0.65429,0.66476,0.65362,0.66098
2015-10-08,0.66098,0.669965,0.658555,0.666755
2015-10-09,0.66676,0.67215,0.66562,0.669515
2015-10-12,0.66952,0.67404,0.66725,0.671775
2015-10-13,0.67178,0.67178,0.66188,0.66422
2015-10-14,0.66422,0.68154,0.661915,0.67892
2015-10-15,0.678925,0.68976,0.678715,0.68516
2015-10-16,0.685165,0.6894,0.67848,0.6811
2015-10-19,0.6811,0.682025,0.67829,0.67906
2015-10-20,0.67906,0.684605,0.67351,0.675335
2015-10-21,0.675335,0.67593,0.66985,0.67052
2015-10-22,0.67052,0.68212,0.670135,0.67936
2015-10-23,0.67936,0.68658,0.67354,0.67522
2015-10-26,0.67522,0.6806,0.67402,0.67889
2015-10-27,0.67889,0.68134,0.67527,0.67646
2015-10-28,0.67646,0.67762,0.66224,0.66975
2015-10-29,0.66975,0.67139,0.664835,0.66936
2015-10-30,0.669365,0.67919,0.66895,0.677685
2015-11-02,0.677685,0.67859,0.67246,0.6745
2015-11-03,0.6745,0.67798,0.66516,0.666395
2015-11-04,0.6664,0.66682,0.65738,0.65941
2015-11-05,0.65941,0.66426,0.658115,0.66116
2015-11-06,0.66116,0.66256,0.6499,0.65261
2015-11-09,0.65261,0.65671,0.651835,0.65331
2015-11-10,0.65331,0.655625,0.65012,0.65312
2015-11-11,0.65312,0.6588,0.65283,0.655815
2015-11-12,0.655815,0.65792,0.65004,0.65428
2015-11-13,0.654275,0.6554,0.650875,0.65403
2015-11-16,0.65403,0.6556,0.64693,0.649265
2015-11-17,0.64926,0.64959,0.64527,0.647
2015-11-18,0.647,0.649,0.642935,0.6472
2015-11-19,0.6472,0.65934,0.646595,0.65661
2015-11-20,0.65661,0.66058,0.655175,0.656455
2015-11-23,0.65646,0.65646,0.64936,0.65217
2015-11-24,0.65217,0.65594,0.65032,0.65536
2015-11-25,0.655355,0.65826,0.65472,0.6578
2015-11-26,0.657795,0.6597,0.65633,0.65711
2015-11-27,0.65711,0.65785,0.6521,0.65338
2015-11-30,0.65338,0.6591,0.65148,0.65826
2015-12-01,0.65826,0.6688,0.65826,0.6677
2015-12-02,0.6677,0.66804,0.66135,0.66413
2015-12-03,0.66413,0.67062,0.66082,0.668865
2015-12-04,0.66886,0.67875,0.6635,0.67463
2015-12-07,0.67463,0.67463,0.66272,0.66435
2015-12-08,0.66435,0.665825,0.66117,0.664325
2015-12-09,0.66432,0.67594,0.65773,0.67206
2015-12-10,0.672055,0.67824,0.67184,0.67544
2015-12-11,0.675435,0.678205,0.67038,0.67177
2015-12-14,0.67177,0.67904,0.66914,0.67573
2015-12-15,0.67573,0.68259,0.674115,0.67663
2015-12-16,0.67663,0.68346,0.67168,0.67999
2015-12-17,0.67999,0.680325,0.66884,0.67028
2015-12-18,0.67028,0.67526,0.6682,0.67277
2015-12-21,0.67277,0.67804,0.67208,0.676195
2015-12-22,0.6762,0.683665,0.6761,0.68064
2015-12-23,0.68064,0.682925,0.67621,0.6794
2015-12-24,0.679405,0.684265,0.67822,0.68274
2015-12-28,0.68274,0.68536,0.682435,0.68464
2015-12-29,0.68464,0.68834,0.68464,0.68694
2015-12-30,0.68694,0.68724,0.68306,0.6842
2015-12-31,0.6842,0.68674,0.6824,0.68358
2016-01-04,0.68358,0.68358,0.67197,0.67508
2016-01-05,0.67508,0.6758,0.66767,0.670455
2016-01-06,0.670455,0.67087,0.66262,0.66412
2016-01-07,0.66412,0.666705,0.65907,0.66281
2016-01-08,0.66281,0.667865,0.6541,0.65436
2016-01-11,0.65436,0.658005,0.65091,0.65601
2016-01-12,0.65601,0.6569,0.6515,0.65384
2016-01-13,0.65384,0.65912,0.65145,0.65152
2016-01-14,0.651525,0.65168,0.64191,0.64737
2016-01-15,0.64737,0.64918,0.638175,0.646145
2016-01-18,0.646145,0.64801,0.64082,0.64519
2016-01-19,0.64519,0.651425,0.640295,0.641295
2016-01-20,0.6413,0.64381,0.634755,0.643
2016-01-21,0.643,0.65586,0.64111,0.65305
2016-01-22,0.65305,0.65512,0.64667,0.648965
2016-01-25,0.64896,0.65331,0.645035,0.64541
2016-01-26,0.64541,0.65123,0.64252,0.64988
2016-01-27,0.64988,0.65314,0.64175,0.64321
2016-01-28,0.64321,0.65143,0.641835,0.64808
2016-01-29,0.64808,0.65436,0.64588,0.64815
2016-02-01,0.64815,0.65583,0.64489,0.65485
2016-02-02,0.65485,0.655485,0.646235,0.65154
2016-02-03,0.651535,0.6698,0.6507,0.66665
2016-02-04,0.66665,0.67478,0.66418,0.6723
2016-02-05,0.6723,0.675445,0.66158,0.66263
2016-02-08,0.66263,0.66596,0.65928,0.66276
2016-02-09,0.66276,0.666905,0.656355,0.6635
2016-02-10,0.6635,0.66956,0.660515,0.668625
2016-02-11,0.668625,0.67348,0.65859,0.67164
2016-02-12,0.67164,0.67395,0.66149,0.66274
2016-02-15,0.66274,0.66764,0.66152,0.66478
2016-02-16,0.66478,0.667605,0.65452,0.658055
2016-02-17,0.65806,0.664985,0.65538,0.6634
2016-02-18,0.663405,0.66682,0.6606,0.66437
2016-02-19,0.66437,0.664525,0.656515,0.66315
2016-02-22,0.66315,0.67258,0.66224,0.66989
2016-02-23,0.66989,0.6715,0.66384,0.66425
2016-02-24,0.66425,0.66742,0.658675,0.66579
2016-02-25,0.66579,0.67306,0.664275,0.67228
2016-02-26,0.67228,0.67746,0.66183,0.66284
2016-02-29,0.66284,0.66284,0.65656,0.65904
2016-03-01,0.65904,0.664025,0.65713,0.662905
2016-03-02,0.662905,0.667865,0.659355,0.667535
2016-03-03,0.66754,0.67562,0.66558,0.67238
2016-03-04,0.67238,0.6822,0.67142,0.68198
2016-03-07,0.68198,0.68198,0.67501,0.68036
2016-03-08,0.68036,0.68036,0.67346,0.67449
2016-03-09,0.67449,0.68098,0.66424,0.6654
2016-03-10,0.6654,0.67103,0.661935,0.66689
2016-03-11,0.66689,0.67734,0.665995,0.6745
2016-03-14,0.674505,0.67556,0.66577,0.66759
2016-03-15,0.66759,0.66847,0.65874,0.660115
2016-03-16,0.660115,0.67405,0.65754,0.6725
2016-03-17,0.6725,0.68592,0.672015,0.68518
2016-03-18,0.68518,0.68743,0.67835,0.67978
2016-03-21,0.67978,0.67978,0.67468,0.676115
2016-03-22,0.676115,0.67766,0.67212,0.675395
2016-03-23,0.6754,0.67707,0.668315,0.67076
2016-03-24,0.67076,0.67221,0.66716,0.67014
2016-03-25,0.67014,0.67166,0.66764,0.66853
2016-03-28,0.66853,0.673605,0.66688,0.67231
2016-03-29,0.67231,0.686705,0.67168,0.68501
2016-03-30,0.68501,0.69656,0.68413,0.69204
2016-03-31,0.692045,0.69664,0.688175,0.690895
2016-04-01,0.6909,0.69371,0.683535,0.69068
2016-04-04,0.69068,0.69068,0.682995,0.68344
2016-04-05,0.683445,0.6837,0.67595,0.68041
2016-04-06,0.68041,0.68441,0.677375,0.68256
2016-04-07,0.68256,0.68626,0.67628,0.67774
2016-04-08,0.67774,0.683,0.67722,0.68089
2016-04-11,0.68089,0.68788,0.679155,0.68582
2016-04-12,0.68582,0.69262,0.68516,0.692355
2016-04-13,0.69236,0.69526,0.68981,0.69209
2016-04-14,0.69209,0.69209,0.682395,0.68476
2016-04-15,0.684765,0.69276,0.6843,0.69203
2016-04-18,0.69203,0.69578,0.68456,0.69512
2016-04-19,0.69512,0.705505,0.694935,0.70451
2016-04-20,0.70451,0.70512,0.69722,0.69776
2016-04-21,0.69776,0.69836,0.69005,0.691215
2016-04-22,0.69122,0.69362,0.68352,0.68529
2016-04-25,0.68529,0.6878,0.68415,0.68555
2016-04-26,0.68555,0.69107,0.68544,0.68985
2016-04-27,0.68985,0.69072,0.68073,0.68344
2016-04-28,0.68344,0.69902,0.68333,0.69611
2016-04-29,0.69611,0.69987,0.69515,0.6977
2016-05-02,0.6977,0.70244,0.69762,0.70209
2016-05-03,0.70209,0.7054,0.69109,0.691385
2016-05-04,0.69138,0.69409,0.68599,0.68807
2016-05-05,0.68807,0.69177,0.68716,0.68836
2016-05-06,0.68836,0.68914,0.68074,0.68388
2016-05-09,0.683885,0.684825,0.67643,0.67684
2016-05-10,0.67684,0.67788,0.671615,0.67602
2016-05-11,0.67602,0.68456,0.67584,0.68188
2016-05-12,0.68188,0.68482,0.68049,0.681985
2016-05-13,0.681985,0.68304,0.67558,0.67688
2016-05-16,0.67688,0.68092,0.674655,0.67904
2016-05-17,0.67904,0.684285,0.67792,0.68112
2016-05-18,0.68112,0.68129,0.67286,0.67398
2016-05-19,0.67398,0.67653,0.67106,0.67422
2016-05-20,0.67422,0.67818,0.67367,0.67636
2016-05-23,0.676355,0.6807,0.67484,0.67628
2016-05-24,0.67628,0.67689,0.67057,0.6738
2016-05-25,0.6738,0.67734,0.67264,0.67408
2016-05-26,0.674085,0.676645,0.66922,0.67399
2016-05-27,0.67399,0.67584,0.668755,0.66944
2016-05-30,0.66944,0.670625,0.667575,0.66941
2016-05-31,0.66941,0.677625,0.66887,0.67633
2016-06-01,0.67633,0.683025,0.67604,0.6817
2016-06-02,0.6817,0.68343,0.67794,0.68094
2016-06-03,0.68094,0.6961,0.68011,0.69555
2016-06-06,0.69555,0.69555,0.69038,0.69228
2016-06-07,0.69228,0.69823,0.68933,0.697895
2016-06-08,0.6979,0.70282,0.69454,0.70142
2016-06-09,0.70142,0.71482,0.70036,0.7105
2016-06-10,0.7105,0.71231,0.70404,0.70531
2016-06-13,0.70531,0.7082,0.70316,0.70612
2016-06-14,0.70612,0.706165,0.69926,0.69936
2016-06-15,0.69936,0.7072,0.69638,0.70342
2016-06-16,0.70342,0.70939,0.69688,0.704345
2016-06-17,0.70434,0.70724,0.703275,0.705555
2016-06-20,0.705555,0.71306,0.70514,0.71199
2016-06-21,0.71199,0.71694,0.710255,0.7123
2016-06-22,0.712305,0.71884,0.71206,0.71628
2016-06-23,0.71628,0.72555,0.71602,0.72495
2016-06-24,0.72495,0.73024,0.69724,0.71316
2016-06-27,0.71316,0.71316,0.69807,0.69957
2016-06-28,0.69957,0.70858,0.69864,0.70487
2016-06-29,0.70487,0.71364,0.70408,0.711305
2016-06-30,0.7113,0.714145,0.70575,0.7135
2016-07-01,0.7135,0.71984,0.71198,0.71722
2016-07-04,0.71722,0.7241,0.71635,0.72284
2016-07-05,0.722845,0.72344,0.71397,0.71535
2016-07-06,0.71535,0.71566,0.707995,0.713295
2016-07-07,0.713295,0.72362,0.71165,0.722695
2016-07-08,0.722695,0.7307,0.721335,0.73052
2016-07-11,0.73052,0.73052,0.72163,0.72193
2016-07-12,0.72193,0.73257,0.72108,0.73014
2016-07-13,0.730145,0.73178,0.72388,0.72756
2016-07-14,0.72756,0.72953,0.717515,0.71988
2016-07-15,0.719885,0.72019,0.71086,0.71163
2016-07-18,0.71163,0.71552,0.706895,0.71164
2016-07-19,0.71164,0.71164,0.701035,0.70527
2016-07-20,0.70527,0.7068,0.7016,0.70264
2016-07-21,0.70264,0.70264,0.6952,0.69964
2016-07-22,0.69964,0.701665,0.69746,0.69994
2016-07-25,0.69994,0.70169,0.69562,0.699675
2016-07-26,0.69968,0.70861,0.69844,0.705435
2016-07-27,0.705435,0.70849,0.70044,0.7077
2016-07-28,0.7077,0.71216,0.70625,0.70737
2016-07-29,0.70737,0.72291,0.707175,0.72087
2016-08-01,0.72087,0.72302,0.716715,0.71732
2016-08-02,0.71732,0.72565,0.716275,0.724355
2016-08-03,0.72436,0.72471,0.714095,0.715915
2016-08-04,0.71592,0.72014,0.71469,0.71725
2016-08-05,0.71725,0.72194,0.7122,0.7142
2016-08-08,0.7142,0.71444,0.708715,0.713915
2016-08-09,0.713915,0.718025,0.711055,0.716635
2016-08-10,0.716635,0.72652,0.71592,0.72061
2016-08-11,0.72061,0.7347,0.71912,0.72088
2016-08-12,0.72088,0.72549,0.718575,0.71964
2016-08-15,0.71964,0.72265,0.716495,0.72089
2016-08-16,0.72089,0.73047,0.71992,0.72806
2016-08-17,0.728055,0.73228,0.7204,0.725275
2016-08-18,0.72528,0.7311,0.72514,0.72881
2016-08-19,0.72881,0.7295,0.72415,0.72735
2016-08-22,0.72735,0.72941,0.72099,0.72699
2016-08-23,0.72699,0.73445,0.72699,0.729075
2016-08-24,0.729075,0.733465,0.726935,0.73116
2016-08-25,0.73116,0.73364,0.72868,0.7301
2016-08-26,0.7301,0.73806,0.72212,0.72378
2016-08-29,0.72378,0.72643,0.72106,0.72516
2016-08-30,0.725155,0.72654,0.72044,0.72187
2016-08-31,0.72187,0.726565,0.72163,0.72502
2016-09-01,0.72502,0.729545,0.72276,0.7282
2016-09-02,0.7282,0.73607,0.72685,0.72914
2016-09-05,0.729145,0.73437,0.72791,0.73058
2016-09-06,0.73058,0.74221,0.73021,0.74178
2016-09-07,0.74178,0.74855,0.73974,0.74506
2016-09-08,0.74506,0.74825,0.73842,0.739855
2016-09-09,0.73986,0.74134,0.73148,0.73206
2016-09-12,0.73206,0.73571,0.72913,0.735315
2016-09-13,0.735315,0.736425,0.723555,0.72524
2016-09-14,0.72524,0.73132,0.723795,0.72818
2016-09-15,0.72818,0.732545,0.72411,0.73146
2016-09-16,0.73146,0.733125,0.72541,0.72668
2016-09-19,0.726685,0.732585,0.725595,0.72933
2016-09-20,0.72933,0.735865,0.72924,0.73148
2016-09-21,0.73148,0.73658,0.72788,0.7351
2016-09-22,0.7351,0.7372,0.72927,0.73115
2016-09-23,0.73115,0.73155,0.7224,0.72442
2016-09-26,0.72442,0.72874,0.722215,0.72746
2016-09-27,0.72746,0.73304,0.72598,0.73008
2016-09-28,0.73008,0.73056,0.72332,0.728375
2016-09-29,0.72838,0.73034,0.72368,0.72525
2016-09-30,0.72525,0.72974,0.7229,0.72849
2016-10-03,0.72849,0.72905,0.72537,0.72744
2016-10-04,0.72744,0.73109,0.71982,0.72085
2016-10-05,0.72085,0.72092,0.714835,0.71728
2016-10-06,0.71728,0.71806,0.71356,0.71644
2016-10-07,0.716435,0.72006,0.71098,0.71706
2016-10-10,0.71706,0.71838,0.71222,0.71372
2016-10-11,0.71372,0.714225,0.70477,0.705645
2016-10-12,0.70564,0.709465,0.70448,0.7062
2016-10-13,0.7062,0.71022,0.7035,0.7095
2016-10-14,0.7095,0.713325,0.70773,0.708735
2016-10-17,0.708735,0.714125,0.70774,0.713515
2016-10-18,0.71352,0.72178,0.71281,0.718985
2016-10-19,0.71898,0.724945,0.71898,0.72316
2016-10-20,0.72316,0.7266,0.71822,0.719315
2016-10-21,0.719315,0.7195,0.714395,0.71625
2016-10-24,0.71625,0.71766,0.71249,0.71379
2016-10-25,0.71379,0.717325,0.71095,0.71646
2016-10-26,0.716465,0.7184,0.7147,0.71541
2016-10-27,0.71541,0.71672,0.71084,0.71212
2016-10-28,0.71212,0.71681,0.711395,0.71634
2016-10-31,0.716345,0.71666,0.71378,0.71494
2016-11-01,0.71494,0.71909,0.71479,0.71829
2016-11-02,0.71829,0.73107,0.71807,0.728845
2016-11-03,0.72884,0.73408,0.72788,0.73398
2016-11-04,0.73398,0.73398,0.72993,0.73266
2016-11-07,0.73266,0.73484,0.7293,0.73455
2016-11-08,0.73455,0.74031,0.7318,0.73862
2016-11-09,0.738625,0.73936,0.726535,0.72786
2016-11-10,0.727855,0.73068,0.71767,0.72134
2016-11-11,0.72134,0.72286,0.71088,0.71145
2016-11-14,0.71145,0.71423,0.70698,0.71179
2016-11-15,0.71179,0.714465,0.70713,0.71008
2016-11-16,0.71008,0.71144,0.70356,0.707135
2016-11-17,0.707135,0.71105,0.701355,0.70244
2016-11-18,0.70244,0.70604,0.70007,0.70089
2016-11-21,0.70089,0.707725,0.69846,0.70661
2016-11-22,0.70661,0.708605,0.703195,0.70627
2016-11-23,0.70627,0.70798,0.699435,0.70057
2016-11-24,0.70057,0.70126,0.69717,0.70002
2016-11-25,0.70002,0.70624,0.69845,0.70422
2016-11-28,0.704215,0.71019,0.70333,0.70737
2016-11-29,0.70737,0.71326,0.70662,0.71272
2016-11-30,0.71272,0.71698,0.70703,0.70823
2016-12-01,0.70823,0.71055,0.70432,0.708775
2016-12-02,0.70878,0.71488,0.70858,0.71418
2016-12-05,0.71418,0.71573,0.70698,0.714215
2016-12-06,0.71422,0.7161,0.70941,0.712
2016-12-07,0.712,0.71676,0.71024,0.71648
2016-12-08,0.71648,0.72226,0.71462,0.71738
2016-12-09,0.71738,0.718905,0.71258,0.713495
2016-12-12,0.7135,0.72074,0.71152,0.71898
2016-12-13,0.718975,0.72325,0.71806,0.72027
2016-12-14,0.72027,0.72392,0.71046,0.71187
2016-12-15,0.71187,0.71242,0.70102,0.703935
2016-12-16,0.70394,0.70506,0.693135,0.69603
2016-12-19,0.69603,0.69892,0.69264,0.69284
2016-12-20,0.692845,0.6935,0.68828,0.69163
2016-12-21,0.69163,0.6948,0.689355,0.6899
2016-12-22,0.6899,0.69257,0.68881,0.690355
2016-12-23,0.69036,0.691285,0.686215,0.68802
2016-12-27,0.68802,0.69042,0.6879,0.68904
2016-12-28,0.68904,0.69306,0.68882,0.69192
2016-12-29,0.69192,0.697065,0.69162,0.69626
2016-12-30,0.69626,0.698,0.692475,0.69274
2017-01-03,0.69274,0.69748,0.6885,0.6918
2017-01-04,0.691805,0.69753,0.68904,0.69685
2017-01-05,0.69685,0.70366,0.69538,0.70242
2017-01-06,0.70242,0.70448,0.69542,0.6958
2017-01-09,0.695795,0.70325,0.69492,0.70158
2017-01-10,0.70158,0.7048,0.69588,0.69894
2017-01-11,0.69894,0.70878,0.69614,0.70553
2017-01-12,0.70553,0.71446,0.70466,0.71006
2017-01-13,0.71006,0.71424,0.70714,0.7131
2017-01-16,0.7131,0.71494,0.70766,0.71028
2017-01-17,0.71028,0.72198,0.70964,0.72156
2017-01-18,0.72156,0.72165,0.71225,0.71232
2017-01-19,0.71232,0.72004,0.71174,0.718925
2017-01-20,0.71892,0.72253,0.71294,0.71685
2017-01-23,0.71685,0.7238,0.71628,0.72329
2017-01-24,0.72329,0.7277,0.72091,0.72475
2017-01-25,0.72475,0.73074,0.7224,0.72985
2017-01-26,0.72985,0.73132,0.72224,0.72445
2017-01-27,0.72445,0.72847,0.72322,0.7264
2017-01-30,0.7264,0.72962,0.72368,0.72852
2017-01-31,0.72852,0.73502,0.72705,0.73116
2017-02-01,0.731155,0.73132,0.7243,0.72801
2017-02-02,0.72801,0.73378,0.7243,0.72882
2017-02-03,0.72882,0.7331,0.72462,0.73157
2017-02-06,0.73157,0.73274,0.72852,0.73224
2017-02-07,0.73224,0.73757,0.72784,0.73012
2017-02-08,0.73012,0.73337,0.7245,0.72634
2017-02-09,0.726335,0.72668,0.7173,0.71862
2017-02-10,0.71862,0.72102,0.7174,0.72017
2017-02-13,0.72017,0.72184,0.71562,0.71766
2017-02-14,0.71766,0.71976,0.71344,0.71683
2017-02-15,0.71683,0.72303,0.71464,0.7223
2017-02-16,0.722305,0.72428,0.72062,0.72144
2017-02-17,0.72144,0.72204,0.71796,0.71811
2017-02-20,0.71811,0.71976,0.717,0.71902
2017-02-21,0.71902,0.71902,0.71299,0.71616
2017-02-22,0.716165,0.71992,0.71474,0.71902
2017-02-23,0.71902,0.72468,0.71738,0.7231
2017-02-24,0.7231,0.7238,0.71928,0.71978
2017-02-27,0.71978,0.722765,0.7187,0.719
2017-02-28,0.719,0.723745,0.71774,0.7192
2017-03-01,0.7192,0.71942,0.71001,0.71436
2017-03-02,0.714355,0.71508,0.70505,0.70621
2017-03-03,0.70621,0.70664,0.70025,0.70466
2017-03-06,0.704665,0.704665,0.69912,0.69943
2017-03-07,0.69943,0.70184,0.6952,0.69545
2017-03-08,0.69545,0.69782,0.6905,0.69144
2017-03-09,0.69144,0.69174,0.68903,0.68996
2017-03-10,0.68996,0.69475,0.68917,0.69217
2017-03-13,0.69217,0.69502,0.69134,0.69231
2017-03-14,0.69231,0.69404,0.68938,0.69198
2017-03-15,0.69198,0.70495,0.69177,0.70453
2017-03-16,0.70453,0.70466,0.69688,0.69862
2017-03-17,0.69862,0.70406,0.69756,0.70164
2017-03-20,0.701635,0.7074,0.70118,0.705295
2017-03-21,0.705295,0.709,0.70321,0.70418
2017-03-22,0.70418,0.70732,0.70163,0.70436
2017-03-23,0.70436,0.70554,0.7024,0.70296
2017-03-24,0.702965,0.70432,0.69949,0.70298
2017-03-27,0.70298,0.70678,0.70261,0.70442
2017-03-28,0.70442,0.70494,0.70067,0.70145
2017-03-29,0.70145,0.70389,0.69928,0.70338
2017-03-30,0.70338,0.70455,0.69917,0.69948
2017-03-31,0.69948,0.70174,0.69762,0.70109
2017-04-03,0.70109,0.70153,0.6986,0.70138
2017-04-04,0.70138,0.70223,0.69694,0.69738
2017-04-05,0.69738,0.6984,0.69406,0.69644
2017-04-06,0.696445,0.699,0.69612,0.69691
2017-04-07,0.69691,0.6997,0.69304,0.69362
2017-04-10,0.69362,0.69656,0.69207,0.69615
2017-04-11,0.69615,0.69695,0.69302,0.69598
2017-04-12,0.695975,0.6975,0.69098,0.69675
2017-04-13,0.69675,0.70156,0.69654,0.69986
2017-04-14,0.69986,0.70158,0.69821,0.69988
2017-04-17,0.69988,0.70368,0.69933,0.70102
2017-04-18,0.701025,0.70434,0.69998,0.70418
2017-04-19,0.704175,0.70531,0.69967,0.70038
2017-04-20,0.70038,0.7052,0.70003,0.70115
2017-04-21,0.70115,0.70372,0.6984,0.70319
2017-04-24,0.70319,0.70564,0.70102,0.70168
2017-04-25,0.70168,0.70181,0.69414,0.69522
2017-04-26,0.69522,0.69567,0.68724,0.68912
2017-04-27,0.68912,0.69207,0.68482,0.68766
2017-04-28,0.68766,0.68911,0.68519,0.68658
2017-05-01,0.68658,0.69236,0.68515,0.6909
2017-05-02,0.6909,0.69406,0.69033,0.69352
2017-05-03,0.693515,0.69688,0.68672,0.68786
2017-05-04,0.68786,0.689345,0.68396,0.68686
2017-05-05,0.686855,0.69286,0.68614,0.6922
2017-05-08,0.6922,0.69456,0.68886,0.69082
2017-05-09,0.690815,0.69268,0.68802,0.68966
2017-05-10,0.68966,0.69511,0.68892,0.69453
2017-05-11,0.69453,0.69492,0.6818,0.68502
2017-05-12,0.68502,0.68709,0.68271,0.6862
2017-05-15,0.6862,0.6918,0.68518,0.68798
2017-05-16,0.68798,0.69066,0.68628,0.68837
2017-05-17,0.68837,0.69454,0.68776,0.6942
2017-05-18,0.6942,0.69508,0.68865,0.68993
2017-05-19,0.68993,0.6939,0.6881,0.69276
2017-05-22,0.69276,0.69981,0.69163,0.69966
2017-05-23,0.699665,0.70468,0.6989,0.70114
2017-05-24,0.70114,0.70586,0.69888,0.70488
2017-05-25,0.70488,0.70551,0.70162,0.70221
2017-05-26,0.70221,0.7077,0.70069,0.70651
2017-05-29,0.70651,0.70884,0.70382,0.70543
2017-05-30,0.70543,0.71016,0.70358,0.7096
2017-05-31,0.7096,0.71217,0.70777,0.70844
2017-06-01,0.70844,0.7089,0.70583,0.70615
2017-06-02,0.70615,0.7147,0.70602,0.71405
2017-06-05,0.71405,0.71496,0.71138,0.71385
2017-06-06,0.71385,0.72049,0.71264,0.718175
2017-06-07,0.718175,0.72068,0.71692,0.71942
2017-06-08,0.71942,0.72234,0.71878,0.72153
2017-06-09,0.72153,0.72209,0.719,0.72124
2017-06-12,0.72124,0.72132,0.71708,0.72002
2017-06-13,0.72002,0.72279,0.71913,0.72206
2017-06-14,0.72206,0.73205,0.71986,0.72697
2017-06-15,0.72697,0.72711,0.7186,0.72068
2017-06-16,0.72068,0.7259,0.71994,0.72526
2017-06-19,0.72526,0.72986,0.72266,0.7231
2017-06-20,0.7231,0.72678,0.72198,0.72412
2017-06-21,0.724115,0.725,0.72063,0.72252
2017-06-22,0.72252,0.72815,0.71988,0.72656
2017-06-23,0.72656,0.7297,0.72494,0.72838
2017-06-26,0.72838,0.7311,0.7262,0.7289
2017-06-27,0.7289,0.7345,0.72662,0.72698
2017-06-28,0.72698,0.73146,0.72539,0.73046
2017-06-29,0.73046,0.73324,0.72756,0.73
2017-06-30,0.73,0.734645,0.72922,0.73344
2017-07-03,0.73344,0.7346,0.72727,0.72942
2017-07-04,0.729415,0.72998,0.72626,0.72864
2017-07-05,0.72864,0.7297,0.72548,0.72896
2017-07-06,0.728965,0.72926,0.72445,0.72753
2017-07-07,0.72753,0.73104,0.72612,0.7281
2017-07-10,0.7281,0.72832,0.72627,0.72758
2017-07-11,0.727575,0.72792,0.7202,0.7226
2017-07-12,0.7226,0.72807,0.7216,0.72609
2017-07-13,0.72609,0.73684,0.72463,0.73204
2017-07-14,0.73204,0.73656,0.729935,0.7347
2017-07-17,0.7347,0.73606,0.73111,0.73188
2017-07-18,0.73188,0.73728,0.72624,0.73498
2017-07-19,0.73498,0.73882,0.73408,0.73563
2017-07-20,0.73563,0.74148,0.7334,0.73992
2017-07-21,0.73992,0.7459,0.73948,0.7455
2017-07-24,0.7455,0.74566,0.7422,0.74382
2017-07-25,0.74382,0.74514,0.7402,0.74172
2017-07-26,0.74172,0.75295,0.741,0.75188
2017-07-27,0.75188,0.75584,0.74801,0.74868
2017-07-28,0.74868,0.7525,0.7461,0.75154
2017-07-31,0.75154,0.75228,0.74686,0.75131
2017-08-01,0.75131,0.75241,0.74618,0.74683
2017-08-02,0.74683,0.74747,0.74103,0.74293
2017-08-03,0.74293,0.74516,0.73908,0.7434
2017-08-04,0.743395,0.7455,0.73926,0.74152
2017-08-07,0.74152,0.74166,0.73481,0.73634
2017-08-08,0.73634,0.73702,0.73184,0.73291
2017-08-09,0.73291,0.73446,0.73089,0.73373
2017-08-10,0.73373,0.73731,0.72522,0.7276
2017-08-11,0.7276,0.73282,0.72526,0.73196
2017-08-14,0.73196,0.73322,0.72814,0.72859
2017-08-15,0.72859,0.73124,0.72295,0.7236
2017-08-16,0.7236,0.73186,0.72237,0.73116
2017-08-17,0.73116,0.73356,0.72807,0.72823
2017-08-18,0.72823,0.73355,0.72762,0.73139
2017-08-21,0.73139,0.73376,0.73052,0.73262
2017-08-22,0.73262,0.73349,0.72734,0.72786
2017-08-23,0.72786,0.72834,0.71976,0.72241
2017-08-24,0.72241,0.72362,0.71918,0.72073
2017-08-25,0.72073,0.72587,0.71976,0.72382
2017-08-28,0.72382,0.72634,0.7231,0.72567
2017-08-29,0.72567,0.72984,0.72184,0.7253
2017-08-30,0.7253,0.72781,0.71892,0.72026
2017-08-31,0.720255,0.72102,0.7132,0.717745
2017-09-01,0.71774,0.72074,0.71468,0.71582
2017-09-04,0.71582,0.71831,0.71444,0.71612
2017-09-05,0.71612,0.72638,0.71584,0.72359
2017-09-06,0.72359,0.7261,0.71867,0.71997
2017-09-07,0.71997,0.7242,0.717255,0.72342
2017-09-08,0.72342,0.73378,0.72276,0.72617
2017-09-11,0.72617,0.7295,0.72251,0.72534
2017-09-12,0.72534,0.73207,0.72164,0.72871
2017-09-13,0.72871,0.73038,0.72202,0.72404
2017-09-14,0.724035,0.7263,0.71837,0.7222
2017-09-15,0.7222,0.73106,0.72125,0.72965
2017-09-18,0.72965,0.73442,0.72476,0.72636
2017-09-19,0.72636,0.73268,0.72563,0.73182
2017-09-20,0.73182,0.74356,0.73037,0.73561
2017-09-21,0.73561,0.73644,0.72981,0.7306
2017-09-22,0.7306,0.73472,0.72805,0.73378
2017-09-25,0.73378,0.73378,0.725195,0.7265
2017-09-26,0.7265,0.72774,0.71677,0.720635
2017-09-27,0.720635,0.7239,0.7177,0.72012
2017-09-28,0.72012,0.72396,0.71667,0.72368
2017-09-29,0.72368,0.72444,0.72016,0.7212
2017-10-02,0.7212,0.72267,0.71678,0.71954
2017-10-03,0.71954,0.71984,0.71478,0.71588
2017-10-04,0.71588,0.72057,0.71471,0.716715
2017-10-05,0.71672,0.71686,0.71118,0.7117
2017-10-06,0.711695,0.712,0.7059,0.70892
2017-10-09,0.70892,0.70892,0.70575,0.70644
2017-10-10,0.70644,0.70878,0.70564,0.70698
2017-10-11,0.70698,0.7099,0.7063,0.70842
2017-10-12,0.70842,0.7146,0.70798,0.71293
2017-10-13,0.71293,0.7197,0.71214,0.71784
2017-10-16,0.71784,0.71964,0.71624,0.71727
2017-10-17,0.71727,0.72182,0.71475,0.71707
2017-10-18,0.71707,0.71786,0.71191,0.71514
2017-10-19,0.71514,0.71714,0.70094,0.70302
2017-10-20,0.70302,0.70386,0.6954,0.69621
2017-10-23,0.69621,0.699,0.69317,0.6966
2017-10-24,0.6966,0.70046,0.68865,0.69072
2017-10-25,0.69072,0.69124,0.68611,0.68879
2017-10-26,0.68879,0.69042,0.68336,0.68429
2017-10-27,0.68429,0.68777,0.6818,0.68752
2017-10-30,0.687515,0.68898,0.68332,0.6877
2017-10-31,0.6877,0.68816,0.68314,0.68467
2017-11-01,0.68467,0.69308,0.68352,0.68869
2017-11-02,0.68869,0.69423,0.68832,0.69135
2017-11-03,0.69135,0.69561,0.68978,0.6907
2017-11-06,0.6907,0.69585,0.68752,0.69457
2017-11-07,0.69457,0.69543,0.68912,0.690175
2017-11-08,0.69018,0.6974,0.68977,0.696585
2017-11-09,0.696585,0.69804,0.69333,0.69458
2017-11-10,0.694585,0.69577,0.69211,0.69229
2017-11-13,0.69229,0.69376,0.68935,0.69032
2017-11-14,0.690325,0.690325,0.68449,0.68756
2017-11-15,0.68756,0.69194,0.68622,0.6877
2017-11-16,0.6877,0.68783,0.68357,0.68507
2017-11-17,0.68507,0.68838,0.67804,0.68162
2017-11-20,0.68162,0.68403,0.67936,0.68097
2017-11-21,0.68097,0.6841,0.67889,0.68296
2017-11-22,0.68296,0.68935,0.682,0.688355
2017-11-23,0.68836,0.69058,0.68672,0.6889
2017-11-24,0.6889,0.6894,0.68657,0.68745
2017-11-27,0.68745,0.69266,0.68532,0.69118
2017-11-28,0.69118,0.69452,0.68962,0.6899
2017-11-29,0.689895,0.69298,0.68768,0.68804
2017-11-30,0.68804,0.68885,0.68302,0.68318
2017-12-01,0.68318,0.69126,0.68172,0.68964
2017-12-04,0.68964,0.68964,0.68397,0.68572
2017-12-05,0.68572,0.69078,0.68516,0.68768
2017-12-06,0.687675,0.69173,0.68704,0.68827
2017-12-07,0.68827,0.68887,0.68235,0.68316
2017-12-08,0.68316,0.68702,0.68224,0.68397
2017-12-11,0.68397,0.69309,0.683515,0.69103
2017-12-12,0.69103,0.6953,0.69013,0.69347
2017-12-13,0.69347,0.7028,0.69318,0.70248
2017-12-14,0.70248,0.70252,0.69782,0.69836
2017-12-15,0.69836,0.70337,0.69788,0.6991
2017-12-18,0.6991,0.70286,0.6991,0.69954
2017-12-19,0.69954,0.7019,0.69664,0.69706
2017-12-20,0.697055,0.70143,0.69539,0.70143
2017-12-21,0.70143,0.70201,0.69869,0.70174
2017-12-22,0.701745,0.70278,0.7003,0.70232
2017-12-26,0.70232,0.70432,0.701,0.70399
2017-12-27,0.70399,0.70764,0.70285,0.705745
2017-12-28,0.70574,0.70989,0.70534,0.70869
2017-12-29,0.70869,0.7124,0.70811,0.70898
2018-01-02,0.70898,0.71306,0.70663,0.71042
2018-01-03,0.71042,0.71136,0.7073,0.70902
2018-01-04,0.70902,0.71635,0.7073,0.71547
2018-01-05,0.71547,0.71865,0.71448,0.71679
2018-01-08,0.71679,0.7184,0.71552,0.71737
2018-01-09,0.71737,0.71972,0.71606,0.71619
2018-01-10,0.71619,0.723,0.71404,0.71982
2018-01-11,0.719825,0.72628,0.71823,0.72604
2018-01-12,0.72604,0.72765,0.72194,0.72523
2018-01-15,0.72523,0.7315,0.72368,0.730055
2018-01-16,0.73006,0.73078,0.72595,0.7268
2018-01-17,0.7268,0.73317,0.72347,0.72725
2018-01-18,0.72725,0.73214,0.72456,0.73005
2018-01-19,0.73005,0.73233,0.72735,0.7278
2018-01-22,0.7278,0.73296,0.72681,0.7328
2018-01-23,0.7328,0.73646,0.7306,0.73528
2018-01-24,0.73528,0.744,0.7336,0.73386
2018-01-25,0.73386,0.73926,0.73139,0.73258
2018-01-26,0.73258,0.7375,0.72915,0.73592
2018-01-29,0.73592,0.73647,0.73012,0.7321
2018-01-30,0.732095,0.73551,0.72789,0.73306
2018-01-31,0.733065,0.74204,0.7327,0.73653
2018-02-01,0.73653,0.74038,0.73344,0.7397
2018-02-02,0.7397,0.74058,0.72956,0.72999
2018-02-05,0.72999,0.7331,0.72603,0.72652
2018-02-06,0.72652,0.73516,0.7257,0.73418
2018-02-07,0.734185,0.73464,0.72102,0.72361
2018-02-08,0.72361,0.72428,0.71768,0.72186
2018-02-09,0.721865,0.72596,0.7199,0.72532
2018-02-12,0.725325,0.72776,0.72322,0.72652
2018-02-13,0.72652,0.7315,0.72469,0.72751
2018-02-14,0.72751,0.73798,0.72398,0.73648
2018-02-15,0.73648,0.74116,0.7363,0.74072
2018-02-16,0.740725,0.74378,0.73735,0.73898
2018-02-19,0.738985,0.741,0.73536,0.73726
2018-02-20,0.73726,0.7375,0.73359,0.73475
2018-02-21,0.73475,0.73858,0.73165,0.73182
2018-02-22,0.73182,0.73649,0.73074,0.73402
2018-02-23,0.73402,0.73468,0.72712,0.72981
2018-02-26,0.72981,0.73456,0.72773,0.73029
2018-02-27,0.73029,0.73056,0.72315,0.7236
2018-02-28,0.7236,0.72449,0.72062,0.72093
2018-03-01,0.72093,0.72632,0.71864,0.72484
2018-03-02,0.724835,0.727945,0.72189,0.72447
2018-03-05,0.72447,0.72458,0.72032,0.7227
2018-03-06,0.7227,0.7311,0.72213,0.72924
2018-03-07,0.72924,0.73007,0.72546,0.72882
2018-03-08,0.72882,0.72976,0.72456,0.72614
2018-03-09,0.72614,0.72978,0.72498,0.72854
2018-03-12,0.72854,0.73231,0.72819,0.72971
2018-03-13,0.72971,0.73546,0.72918,0.732485
2018-03-14,0.732485,0.7354,0.73182,0.73321
2018-03-15,0.73321,0.7335,0.72674,0.72767
2018-03-16,0.72767,0.72826,0.72078,0.72164
2018-03-19,0.72164,0.72604,0.719635,0.72432
2018-03-20,0.72432,0.72492,0.71766,0.7184
2018-03-21,0.718395,0.72462,0.71531,0.72281
2018-03-22,0.72281,0.7263,0.72061,0.72068
2018-03-23,0.720685,0.72742,0.72023,0.72363
2018-03-26,0.72363,0.730085,0.72316,0.72977
2018-03-27,0.72977,0.73038,0.72581,0.72678
2018-03-28,0.72678,0.72758,0.72036,0.72134
2018-03-29,0.72134,0.72344,0.71881,0.72322
2018-03-30,0.723215,0.72486,0.72211,0.72435
2018-04-02,0.72435,0.72435,0.72105,0.721525
2018-04-03,0.721525,0.7271,0.71955,0.72564
2018-04-04,0.725635,0.73114,0.72536,0.73064
2018-04-05,0.73064,0.73224,0.72622,0.72736
2018-04-06,0.727355,0.72828,0.72429,0.72722
2018-04-09,0.72722,0.73246,0.72688,0.73072
2018-04-10,0.73072,0.73762,0.73032,0.73632
2018-04-11,0.73632,0.73788,0.73446,0.736
2018-04-12,0.736,0.738985,0.73498,0.73754
2018-04-13,0.73754,0.73956,0.73454,0.73536
2018-04-16,0.73536,0.7371,0.7334,0.7364
2018-04-17,0.7364,0.73729,0.73268,0.73408
2018-04-18,0.73408,0.73446,0.73038,0.73214
2018-04-19,0.73214,0.7345,0.726,0.72724
2018-04-20,0.72724,0.72728,0.72007,0.72116
2018-04-23,0.72116,0.72189,0.71456,0.71481
2018-04-24,0.71481,0.71582,0.71055,0.71194
2018-04-25,0.71194,0.71202,0.70584,0.70664
2018-04-26,0.70664,0.7095,0.7056,0.70618
2018-04-27,0.70618,0.70957,0.70388,0.70853
2018-04-30,0.70853,0.70895,0.70336,0.70341
2018-05-01,0.70341,0.70416,0.69902,0.70044
2018-05-02,0.70044,0.7032,0.69849,0.69956
2018-05-03,0.69956,0.70475,0.69913,0.70425
2018-05-04,0.70425,0.70532,0.69943,0.702
2018-05-07,0.702,0.70415,0.69946,0.70138
2018-05-08,0.70138,0.70304,0.69534,0.69698
2018-05-09,0.69698,0.69972,0.69488,0.69857
2018-05-10,0.69857,0.69886,0.6903,0.69638
2018-05-11,0.69638,0.69873,0.69542,0.69638
2018-05-14,0.69638,0.69746,0.69111,0.69132
2018-05-15,0.69132,0.69245,0.68542,0.68624
2018-05-16,0.68624,0.6917,0.68512,0.6898
2018-05-17,0.6898,0.69379,0.68727,0.68775
2018-05-18,0.68775,0.69228,0.68734,0.69186
2018-05-21,0.69186,0.69504,0.68845,0.69468
2018-05-22,0.69468,0.6975,0.69207,0.69336
2018-05-23,0.69336,0.69453,0.6884,0.69149
2018-05-24,0.69149,0.69376,0.69065,0.69281
2018-05-25,0.69281,0.69386,0.69055,0.6921
2018-05-28,0.6921,0.69597,0.69155,0.69423
2018-05-29,0.69423,0.6949,0.68894,0.69042
2018-05-30,0.69042,0.69985,0.68824,0.6989
2018-05-31,0.6989,0.70235,0.69686,0.70032
2018-06-01,0.70032,0.70204,0.69601,0.69846
2018-06-04,0.69846,0.70488,0.69774,0.70296
2018-06-05,0.70296,0.70448,0.69972,0.70236
2018-06-06,0.70236,0.70598,0.70206,0.7033
2018-06-07,0.7033,0.7057,0.70221,0.7028
2018-06-08,0.7028,0.70423,0.70081,0.70324
2018-06-11,0.70324,0.70539,0.70158,0.7025
2018-06-12,0.7025,0.7046,0.69964,0.70036
2018-06-13,0.70036,0.70532,0.6975,0.70252
2018-06-14,0.70252,0.70444,0.69718,0.69768
2018-06-15,0.69768,0.69784,0.69282,0.69409
2018-06-18,0.69409,0.6956,0.69198,0.69376
2018-06-19,0.69376,0.6944,0.68854,0.69047
2018-06-20,0.69047,0.69168,0.68601,0.68633
2018-06-21,0.68633,0.68832,0.68258,0.6869
2018-06-22,0.6869,0.69207,0.68558,0.69055
2018-06-25,0.69055,0.6922,0.68851,0.68968
2018-06-26,0.68968,0.69027,0.68472,0.68529
2018-06-27,0.68529,0.68604,0.67786,0.6789
2018-06-28,0.6789,0.68109,0.67464,0.67552
2018-06-29,0.67552,0.67846,0.6736,0.67746
2018-07-02,0.67746,0.67927,0.66897,0.67154
2018-07-03,0.67154,0.67598,0.66876,0.67551
2018-07-04,0.67551,0.67839,0.6746,0.67624
2018-07-05,0.67624,0.67979,0.67504,0.67869
2018-07-06,0.67869,0.68446,0.67816,0.68335
2018-07-09,0.68335,0.68592,0.68293,0.68358
2018-07-10,0.68358,0.6857,0.6806,0.68358
2018-07-11,0.68358,0.68367,0.6754,0.67592
2018-07-12,0.67592,0.67862,0.67479,0.67798
2018-07-13,0.67798,0.67869,0.67258,0.67654
2018-07-16,0.67654,0.67932,0.67585,0.67771
2018-07-17,0.67771,0.68408,0.67561,0.67838
2018-07-18,0.67838,0.68048,0.67426,0.67934
2018-07-19,0.67934,0.6806,0.67138,0.67396
2018-07-20,0.67396,0.68172,0.67198,0.68092
2018-07-23,0.68092,0.6825,0.6777,0.6784
2018-07-24,0.6784,0.68188,0.6769,0.68006
2018-07-25,0.68006,0.68424,0.67856,0.68354
2018-07-26,0.68354,0.68506,0.67808,0.67836
2018-07-27,0.67836,0.68006,0.67627,0.67944
2018-07-30,0.67944,0.68346,0.67916,0.68264
2018-07-31,0.68264,0.68324,0.6801,0.6819
2018-08-01,0.6819,0.68221,0.67822,0.67906
2018-08-02,0.67906,0.67989,0.67387,0.67443
2018-08-03,0.67443,0.6766,0.67202,0.67439
2018-08-06,0.67439,0.6756,0.67242,0.67333
2018-08-07,0.67333,0.67552,0.67248,0.6736
2018-08-08,0.6736,0.6763,0.67222,0.6747
2018-08-09,0.6747,0.67515,0.66122,0.6614
2018-08-10,0.6614,0.66218,0.65696,0.65769
2018-08-13,0.65769,0.65954,0.6564,0.65797
2018-08-14,0.65797,0.661,0.65683,0.6573
2018-08-15,0.6573,0.65771,0.65445,0.6566
2018-08-16,0.6566,0.66087,0.65556,0.65857
2018-08-17,0.65857,0.66397,0.65796,0.66397
2018-08-20,0.66397,0.66498,0.66108,0.66437
2018-08-21,0.66437,0.67011,0.66364,0.66954
2018-08-22,0.66954,0.67222,0.66818,0.67004
2018-08-23,0.67004,0.6701,0.66315,0.66369
2018-08-24,0.66369,0.66964,0.66198,0.66825
2018-08-27,0.66825,0.67028,0.66699,0.66998
2018-08-28,0.66998,0.67268,0.66774,0.6709
2018-08-29,0.6709,0.67195,0.66848,0.67174
2018-08-30,0.67174,0.67178,0.66342,0.66556
2018-08-31,0.66556,0.66621,0.66076,0.66202
2018-09-03,0.66202,0.6622,0.65932,0.65992
2018-09-04,0.65992,0.66074,0.65401,0.65557
2018-09-05,0.65557,0.6599,0.653,0.65911
2018-09-06,0.65911,0.66166,0.65722,0.65904
2018-09-07,0.65904,0.65942,0.6528,0.65336
2018-09-10,0.65336,0.65472,0.65122,0.65273
2018-09-11,0.65273,0.65412,0.65012,0.65253
2018-09-12,0.65253,0.6566,0.65025,0.65626
2018-09-13,0.65626,0.65902,0.65435,0.65702
2018-09-14,0.65702,0.65953,0.65434,0.65475
2018-09-17,0.65475,0.65907,0.65384,0.65792
2018-09-18,0.65792,0.66083,0.65616,0.65848
2018-09-19,0.65848,0.6623,0.6573,0.66152
2018-09-20,0.66152,0.6693,0.66015,0.66857
2018-09-21,0.66857,0.66994,0.66675,0.66832
2018-09-24,0.66832,0.6689,0.66408,0.66434
2018-09-25,0.66434,0.66592,0.66298,0.66484
2018-09-26,0.66484,0.6697,0.66342,0.66639
2018-09-27,0.66639,0.66863,0.66105,0.6614
2018-09-28,0.6614,0.66399,0.65984,0.66205
2018-10-01,0.66205,0.6629,0.65998,0.66171
2018-10-02,0.66171,0.66171,0.6575,0.65937
2018-10-03,0.65937,0.65938,0.65104,0.6516
2018-10-04,0.6516,0.65202,0.64739,0.64786
2018-10-05,0.64786,0.6486,0.64326,0.64412
2018-10-08,0.64412,0.64552,0.64244,0.64534
2018-10-09,0.64534,0.64736,0.64272,0.64728
2018-10-10,0.64728,0.64971,0.64425,0.64489
2018-10-11,0.64489,0.65314,0.64432,0.65239
2018-10-12,0.65239,0.6534,0.64998,0.65111
2018-10-15,0.65111,0.65567,0.64942,0.65512
2018-10-16,0.65512,0.65968,0.6542,0.65874
2018-10-17,0.65874,0.66019,0.65466,0.65508
2018-10-18,0.65508,0.65778,0.65346,0.65428
2018-10-19,0.65428,0.66076,0.65235,0.65909
2018-10-22,0.65909,0.6612,0.65434,0.6554
2018-10-23,0.6554,0.65692,0.65354,0.65526
2018-10-24,0.65526,0.65677,0.65183,0.65254
2018-10-25,0.65254,0.65445,0.65024,0.65218
2018-10-26,0.65218,0.65328,0.64648,0.65264
2018-10-29,0.65264,0.65555,0.65146,0.65208
2018-10-30,0.65208,0.65727,0.65202,0.65532
2018-10-31,0.65532,0.65708,0.65136,0.6517
2018-11-01,0.6517,0.6663,0.65142,0.66541
2018-11-02,0.66541,0.66897,0.66338,0.66491
2018-11-05,0.66491,0.66765,0.66328,0.66626
2018-11-06,0.66626,0.67406,0.66459,0.67398
2018-11-07,0.67398,0.68234,0.67122,0.67854
2018-11-08,0.67854,0.67972,0.67418,0.67558
2018-11-09,0.67558,0.67685,0.67272,0.67383
2018-11-12,0.67383,0.67574,0.67058,0.67107
2018-11-13,0.67107,0.6768,0.67076,0.67643
2018-11-14,0.67643,0.68093,0.6754,0.67966
2018-11-15,0.67966,0.68398,0.67871,0.68291
2018-11-16,0.68291,0.68836,0.6798,0.68778
2018-11-19,0.68778,0.68778,0.68164,0.68386
2018-11-20,0.68386,0.68694,0.67884,0.67914
2018-11-21,0.67914,0.6854,0.6782,0.68329
2018-11-22,0.68329,0.68358,0.67894,0.68141
2018-11-23,0.68141,0.68206,0.67673,0.67804
2018-11-26,0.67804,0.68164,0.67548,0.67708
2018-11-27,0.67708,0.681,0.67537,0.67908
2018-11-28,0.67908,0.6887,0.6784,0.6873
2018-11-29,0.6873,0.6884,0.68385,0.68595
2018-11-30,0.68595,0.68858,0.68518,0.68727
2018-12-03,0.68727,0.69398,0.68727,0.69278
2018-12-04,0.69278,0.69694,0.69176,0.69288
2018-12-05,0.69288,0.69446,0.68892,0.68988
2018-12-06,0.68988,0.69017,0.68562,0.68774
2018-12-07,0.68774,0.68989,0.68462,0.68628
2018-12-10,0.68628,0.6905,0.68401,0.6871
2018-12-11,0.6871,0.69122,0.68626,0.68748
2018-12-12,0.68748,0.69002,0.68246,0.68577
2018-12-13,0.68577,0.68797,0.68418,0.68599
2018-12-14,0.68599,0.68658,0.67772,0.67958
2018-12-17,0.67958,0.68184,0.67846,0.68038
2018-12-18,0.68038,0.68804,0.68009,0.68488
2018-12-19,0.68488,0.68702,0.67628,0.67689
2018-12-20,0.67689,0.67908,0.67254,0.67752
2018-12-21,0.67752,0.67906,0.67054,0.67071
2018-12-24,0.67071,0.67438,0.67071,0.6731
2018-12-26,0.6731,0.67458,0.6716,0.67317
2018-12-27,0.67317,0.6741,0.66931,0.66996
2018-12-28,0.66996,0.67207,0.6693,0.67061
2018-12-31,0.67061,0.67226,0.66912,0.67178
2019-01-02,0.67178,0.67254,0.66528,0.66541
2019-01-03,0.66541,0.67007,0.65819,0.66938
2019-01-04,0.66938,0.67518,0.66701,0.67336
2019-01-07,0.67336,0.67676,0.67274,0.67528
2019-01-08,0.67528,0.67588,0.67078,0.67232
2019-01-09,0.67232,0.68138,0.67211,0.67898
2019-01-10,0.67898,0.67948,0.6771,0.6779
2019-01-11,0.6779,0.68436,0.6777,0.68277
2019-01-14,0.68277,0.68322,0.6797,0.68218
2019-01-15,0.68218,0.68486,0.67998,0.68148
2019-01-16,0.68148,0.68309,0.67558,0.67764
2019-01-17,0.67764,0.67871,0.67278,0.6764
2019-01-18,0.6764,0.6784,0.67376,0.67468
2019-01-21,0.67468,0.67595,0.67138,0.67308
2019-01-22,0.67308,0.6754,0.67072,0.67458
2019-01-23,0.67458,0.6798,0.67421,0.67894
2019-01-24,0.67894,0.68081,0.67563,0.67616
2019-01-25,0.67616,0.68506,0.67468,0.68396
2019-01-28,0.68396,0.68728,0.68262,0.68308
2019-01-29,0.68308,0.68616,0.68152,0.68344
2019-01-30,0.68344,0.69119,0.68212,0.68972
2019-01-31,0.68972,0.69388,0.68874,0.6918
2019-02-01,0.6918,0.69419,0.68908,0.6895
2019-02-04,0.6895,0.6906,0.68702,0.68849
2019-02-05,0.68849,0.69059,0.68714,0.68937
2019-02-06,0.68937,0.69052,0.67662,0.67768
2019-02-07,0.67768,0.67778,0.67445,0.67494
2019-02-08,0.67494,0.67664,0.67296,0.67442
2019-02-11,0.67442,0.67734,0.67274,0.67326
2019-02-12,0.67326,0.67441,0.67198,0.67368
2019-02-13,0.67368,0.6852,0.6727,0.67972
2019-02-14,0.67972,0.6856,0.67935,0.68378
2019-02-15,0.68378,0.68744,0.68097,0.68633
2019-02-18,0.68633,0.68934,0.68397,0.68485
2019-02-19,0.68485,0.68875,0.6815,0.6884
2019-02-20,0.6884,0.68848,0.68502,0.68565
2019-02-21,0.68565,0.68766,0.67974,0.68018
2019-02-22,0.68018,0.6854,0.6758,0.68458
2019-02-25,0.68458,0.6902,0.68458,0.68836
2019-02-26,0.68836,0.69032,0.68712,0.68925
2019-02-27,0.68925,0.6902,0.68349,0.68498
2019-02-28,0.68498,0.68534,0.67965,0.68073
2019-03-01,0.68073,0.68392,0.67942,0.67978
2019-03-04,0.67978,0.6828,0.67963,0.68237
2019-03-05,0.68237,0.68274,0.67689,0.67979
2019-03-06,0.67979,0.68016,0.67533,0.6769
2019-03-07,0.6769,0.67921,0.6745,0.67544
2019-03-08,0.67544,0.68106,0.67508,0.68041
2019-03-11,0.68041,0.6836,0.67904,0.68312
2019-03-12,0.68312,0.6873,0.68271,0.68609
2019-03-13,0.68609,0.68618,0.68292,0.6858
2019-03-14,0.6858,0.68654,0.68088,0.68254
2019-03-15,0.68254,0.68588,0.68232,0.6846
2019-03-18,0.6846,0.6874,0.684,0.68528
2019-03-19,0.68528,0.68712,0.6841,0.68548
2019-03-20,0.68548,0.69178,0.6828,0.68824
2019-03-21,0.68824,0.69388,0.68573,0.68768
2019-03-22,0.68768,0.68976,0.68657,0.68782
2019-03-25,0.68782,0.69187,0.68718,0.69076
2019-03-26,0.69076,0.69248,0.68946,0.69069
2019-03-27,0.69069,0.69146,0.67872,0.67972
2019-03-28,0.67972,0.68283,0.67752,0.67757
2019-03-29,0.67757,0.68236,0.67746,0.68049
2019-04-01,0.68049,0.68375,0.68038,0.68064
2019-04-02,0.68064,0.68064,0.67388,0.67576
2019-04-03,0.67576,0.67999,0.67439,0.67788
2019-04-04,0.67788,0.67996,0.67484,0.67537
2019-04-05,0.67537,0.67655,0.67186,0.67321
2019-04-08,0.67321,0.67537,0.67224,0.67417
2019-04-09,0.67417,0.67586,0.67368,0.67438
2019-04-10,0.67438,0.67739,0.67381,0.67652
2019-04-11,0.67652,0.67713,0.67228,0.67282
2019-04-12,0.67282,0.67816,0.67138,0.67628
2019-04-15,0.67628,0.67828,0.67508,0.67636
2019-04-16,0.67636,0.67696,0.67412,0.67636
2019-04-17,0.67636,0.6776,0.66672,0.67277
2019-04-18,0.67277,0.67301,0.6673,0.66831
2019-04-19,0.66831,0.66942,0.668,0.66857
2019-04-22,0.66857,0.66899,0.66728,0.66803
2019-04-23,0.66803,0.66854,0.66297,0.66576
2019-04-24,0.66576,0.66577,0.6582,0.65922
2019-04-25,0.65922,0.66296,0.65805,0.66257
2019-04-26,0.66257,0.66818,0.6621,0.66588
2019-04-29,0.66588,0.66808,0.66532,0.66684
2019-04-30,0.66684,0.66849,0.66547,0.66752
2019-05-01,0.66752,0.66796,0.66164,0.66222
2019-05-02,0.66222,0.66394,0.66082,0.6617
2019-05-03,0.6617,0.6653,0.66064,0.66454
2019-05-06,0.66454,0.66454,0.66014,0.66083
2019-05-07,0.66083,0.66308,0.65883,0.66004
2019-05-08,0.66004,0.66043,0.65267,0.65778
2019-05-09,0.65778,0.65978,0.65696,0.65902
2019-05-10,0.65902,0.66144,0.65834,0.65977
2019-05-13,0.65977,0.66042,0.65642,0.65673
2019-05-14,0.65673,0.65915,0.65647,0.65752
2019-05-15,0.65752,0.65779,0.65508,0.65642
2019-05-16,0.65642,0.65825,0.65326,0.65356
2019-05-17,0.65356,0.65471,0.65142,0.65176
2019-05-20,0.65176,0.65466,0.65176,0.65339
2019-05-21,0.65339,0.65432,0.65004,0.65046
2019-05-22,0.65046,0.65105,0.64922,0.64946
2019-05-23,0.64946,0.65263,0.64818,0.65215
2019-05-24,0.65215,0.65556,0.65124,0.65518
2019-05-27,0.65518,0.65593,0.65404,0.65432
2019-05-28,0.65432,0.65586,0.65401,0.65427
2019-05-29,0.65427,0.65524,0.65045,0.65114
2019-05-30,0.65114,0.65277,0.6495,0.65104
2019-05-31,0.65104,0.65476,0.64977,0.65356
2019-06-03,0.65356,0.66044,0.65278,0.65978
2019-06-04,0.65978,0.66194,0.6576,0.66086
2019-06-05,0.66086,0.66667,0.66038,0.66164
2019-06-06,0.66164,0.66442,0.66164,0.66219
2019-06-07,0.66219,0.66818,0.66143,0.66644
2019-06-10,0.66644,0.66648,0.66046,0.66082
2019-06-11,0.66082,0.66114,0.65687,0.65822
2019-06-12,0.65822,0.65927,0.65664,0.65741
2019-06-13,0.65741,0.65879,0.65562,0.65656
2019-06-14,0.65656,0.65734,0.64886,0.64912
2019-06-17,0.64912,0.65146,0.64912,0.64946
2019-06-18,0.64946,0.65374,0.64906,0.653
2019-06-19,0.653,0.65632,0.65139,0.65384
2019-06-20,0.65384,0.65961,0.65346,0.65854
2019-06-21,0.65854,0.66043,0.65544,0.65886
2019-06-24,0.65886,0.66266,0.65876,0.66185
2019-06-25,0.66185,0.66614,0.66163,0.66396
2019-06-26,0.66396,0.66928,0.6596,0.66804
2019-06-27,0.66804,0.67018,0.66715,0.67004
2019-06-28,0.67004,0.6721,0.66906,0.67178
2019-07-01,0.67178,0.67292,0.66648,0.66758
2019-07-02,0.66758,0.66812,0.66564,0.66719
2019-07-03,0.66719,0.67198,0.66705,0.67072
2019-07-04,0.67072,0.67202,0.66773,0.66874
2019-07-05,0.66874,0.66944,0.66024,0.66264
2019-07-08,0.66264,0.66532,0.66197,0.66247
2019-07-09,0.66247,0.66317,0.66006,0.66062
2019-07-10,0.66062,0.66572,0.65688,0.66458
2019-07-11,0.66458,0.66892,0.66438,0.66624
2019-07-12,0.66624,0.66987,0.66581,0.66937
2019-07-15,0.66937,0.67346,0.66841,0.67189
2019-07-16,0.67189,0.67381,0.66958,0.67006
2019-07-17,0.67006,0.67466,0.66972,0.6731
2019-07-18,0.6731,0.67869,0.67284,0.67839
2019-07-19,0.67839,0.67908,0.67586,0.6764
2019-07-22,0.6764,0.67872,0.67569,0.67603
2019-07-23,0.67603,0.67603,0.6703,0.67038
2019-07-24,0.67038,0.67232,0.6692,0.67056
2019-07-25,0.67056,0.67076,0.66541,0.66642
2019-07-26,0.66642,0.66709,0.66262,0.66347
2019-07-29,0.66347,0.66418,0.66161,0.66319
2019-07-30,0.66319,0.66344,0.66026,0.66136
2019-07-31,0.66136,0.66192,0.65431,0.65614
2019-08-01,0.65614,0.65774,0.65343,0.65554
2019-08-02,0.65554,0.65624,0.65055,0.65371
2019-08-05,0.65371,0.65448,0.64888,0.65283
2019-08-06,0.65283,0.65903,0.65096,0.6525
2019-08-07,0.6525,0.65574,0.63778,0.64454
2019-08-08,0.64454,0.6492,0.6434,0.64802
2019-08-09,0.64802,0.64986,0.646,0.64672
2019-08-12,0.64672,0.64751,0.64392,0.6446
2019-08-13,0.6446,0.64716,0.64218,0.64545
2019-08-14,0.64545,0.64687,0.6421,0.64356
2019-08-15,0.64356,0.64606,0.64276,0.64464
2019-08-16,0.64464,0.64486,0.64231,0.64274
2019-08-19,0.64288,0.6441,0.64034,0.64102
2019-08-20,0.64102,0.64297,0.64037,0.64162
2019-08-21,0.64162,0.64227,0.6395,0.64045
2019-08-22,0.64045,0.64082,0.63618,0.63665
2019-08-23,0.63665,0.641,0.63656,0.63988
2019-08-26,0.63988,0.64036,0.63424,0.63934
2019-08-27,0.63934,0.6399,0.63578,0.63619
2019-08-28,0.63619,0.63666,0.63262,0.63355
2019-08-29,0.63355,0.63474,0.63046,0.63117
2019-08-30,0.63117,0.63204,0.62835,0.63107
2019-09-02,0.63027,0.63185,0.62896,0.63085
2019-09-03,0.63085,0.63389,0.62695,0.63371
2019-09-04,0.63371,0.63646,0.63258,0.63608
2019-09-05,0.63608,0.63958,0.63546,0.63752
2019-09-06,0.63752,0.64439,0.63645,0.64266
2019-09-09,0.6417,0.64446,0.64132,0.64258
2019-09-10,0.64258,0.64421,0.64096,0.64246
2019-09-11,0.64246,0.64394,0.64076,0.64133
2019-09-12,0.64133,0.64506,0.63994,0.64086
2019-09-13,0.64086,0.64096,0.63725,0.63778
2019-09-16,0.63778,0.63917,0.63415,0.63442
2019-09-17,0.63442,0.63608,0.6322,0.63592
2019-09-18,0.63592,0.63623,0.62998,0.6319
2019-09-19,0.6319,0.63324,0.62986,0.63012
2019-09-20,0.63012,0.6307,0.62553,0.62604
2019-09-23,0.62604,0.62992,0.62582,0.62934
2019-09-24,0.62934,0.63314,0.62876,0.63246
2019-09-25,0.63246,0.63486,0.62662,0.62698
2019-09-26,0.62698,0.63268,0.62688,0.62948
2019-09-27,0.62948,0.631,0.62792,0.6296
2019-09-30,0.6289,0.62948,0.62496,0.62643
2019-10-01,0.62643,0.62726,0.62039,0.62438
2019-10-02,0.62438,0.62721,0.62194,0.62693
2019-10-03,0.62693,0.63163,0.62554,0.62986
2019-10-04,0.62986,0.6338,0.62962,0.63179
2019-10-07,0.63179,0.6322,0.62835,0.6289
2019-10-08,0.6289,0.63274,0.6286,0.62976
2019-10-09,0.62976,0.63252,0.62896,0.62908
2019-10-10,0.62908,0.63352,0.62774,0.63202
2019-10-11,0.63202,0.63542,0.63164,0.63373
2019-10-14,0.63334,0.63355,0.62812,0.62988
2019-10-15,0.62988,0.63149,0.62586,0.62943
2019-10-16,0.62943,0.63211,0.62408,0.62913
2019-10-17,0.62913,0.6355,0.62838,0.6347
2019-10-18,0.6347,0.63904,0.63438,0.6385
2019-10-21,0.63811,0.64162,0.63706,0.6405
2019-10-22,0.6405,0.64358,0.63998,0.64056
2019-10-23,0.64056,0.64266,0.63862,0.64236
2019-10-24,0.64236,0.64248,0.63746,0.63829
2019-10-25,0.63829,0.63854,0.63482,0.63493
2019-10-28,0.63493,0.63607,0.63342,0.63495
2019-10-29,0.63495,0.63754,0.6339,0.63557
2019-10-30,0.63557,0.63912,0.63332,0.63876
2019-10-31,0.63876,0.6433,0.6385,0.64136
2019-11-01,0.64136,0.64566,0.64069,0.64282
2019-11-04,0.64282,0.64658,0.63903,0.6402
2019-11-05,0.6402,0.64314,0.63702,0.63751
2019-11-06,0.63751,0.63891,0.63601,0.63688
2019-11-07,0.63688,0.63862,0.63422,0.63678
2019-11-08,0.63678,0.63819,0.6322,0.63286
2019-11-11,0.63286,0.63724,0.63272,0.63608
2019-11-12,0.63608,0.6368,0.63252,0.63305
2019-11-13,0.63305,0.64187,0.63303,0.64116
2019-11-14,0.64116,0.64185,0.63592,0.63814
2019-11-15,0.63814,0.64102,0.63722,0.64036
2019-11-18,0.64036,0.6412,0.63902,0.63983
2019-11-19,0.63983,0.6432,0.63822,0.64313
2019-11-20,0.64313,0.6436,0.64042,0.6417
2019-11-21,0.6417,0.64375,0.63972,0.64031
2019-11-22,0.64031,0.64254,0.63994,0.64058
2019-11-25,0.64058,0.64299,0.63946,0.64173
2019-11-26,0.64173,0.64314,0.64058,0.64278
2019-11-27,0.64278,0.64332,0.64132,0.64192
2019-11-28,0.64192,0.64303,0.64025,0.64191
2019-11-29,0.64191,0.64381,0.64094,0.64228
2019-12-02,0.64228,0.6511,0.64228,0.65032
2019-12-03,0.65032,0.65334,0.64937,0.65208
2019-12-04,0.65208,0.65407,0.65035,0.65277
2019-12-05,0.65277,0.65623,0.652,0.65462
2019-12-06,0.65462,0.65761,0.65414,0.65662
2019-12-09,0.65662,0.65675,0.65454,0.6546
2019-12-10,0.6546,0.65681,0.65287,0.65448
2019-12-11,0.65448,0.66032,0.65225,0.65856
2019-12-12,0.65856,0.66004,0.65743,0.65974
2019-12-13,0.65974,0.66362,0.65818,0.65954
2019-12-16,0.65954,0.66144,0.65882,0.65974
2019-12-17,0.65974,0.66052,0.65648,0.65748
2019-12-18,0.65748,0.66146,0.65543,0.65895
2019-12-19,0.65895,0.66088,0.65729,0.66072
2019-12-20,0.66072,0.66138,0.6589,0.66032
2019-12-23,0.66032,0.66392,0.65978,0.66376
2019-12-24,0.66376,0.66483,0.66208,0.66361
2019-12-26,0.66361,0.66768,0.66316,0.667
2019-12-27,0.667,0.67106,0.66668,0.67027
2019-12-30,0.67027,0.67366,0.66962,0.6728
2019-12-31,0.6728,0.67558,0.67168,0.67292
2020-01-02,0.67292,0.67394,0.66848,0.66986
2020-01-03,0.66986,0.67032,0.66443,0.6664
2020-01-06,0.6664,0.66802,0.66445,0.66716
2020-01-07,0.66716,0.66793,0.66252,0.66414
2020-01-08,0.66414,0.66724,0.66177,0.66488
2020-01-09,0.66488,0.66585,0.66001,0.6614
2020-01-10,0.6614,0.66452,0.66018,0.66352
2020-01-13,0.66352,0.6653,0.66204,0.66304
2020-01-14,0.66304,0.66344,0.66034,0.6615
2020-01-15,0.6615,0.66208,0.6584,0.66178
2020-01-16,0.66178,0.66654,0.66163,0.66364
2020-01-17,0.66364,0.66506,0.66072,0.66133
2020-01-20,0.66133,0.66246,0.65923,0.66082
2020-01-21,0.66082,0.6615,0.6588,0.65966
2020-01-22,0.65966,0.66107,0.65814,0.65947
2020-01-23,0.65947,0.66242,0.6581,0.66197
2020-01-24,0.66197,0.66292,0.65992,0.66072
2020-01-27,0.66072,0.66072,0.65424,0.65452
2020-01-28,0.65452,0.65504,0.65211,0.6545
2020-01-29,0.6545,0.65488,0.65059,0.65278
2020-01-30,0.65278,0.65303,0.64804,0.64886
2020-01-31,0.64886,0.6495,0.64539,0.64656
2020-02-03,0.64656,0.6477,0.6453,0.64628
2020-02-04,0.64628,0.65022,0.64499,0.64908
2020-02-05,0.64908,0.65031,0.64694,0.64745
2020-02-06,0.64745,0.64842,0.6454,0.64598
2020-02-07,0.64598,0.64644,0.63982,0.64028
2020-02-10,0.64028,0.64174,0.6382,0.63852
2020-02-11,0.63852,0.64212,0.63785,0.6404
2020-02-12,0.6404,0.64878,0.64014,0.64645
2020-02-13,0.64645,0.64674,0.64286,0.64377
2020-02-14,0.64377,0.64446,0.642315,0.64348
2020-02-17,0.64348,0.6449,0.64204,0.64368
2020-02-18,0.64368,0.64419,0.63818,0.6386
2020-02-19,0.6386,0.64108,0.6371,0.63856
2020-02-20,0.63856,0.6395,0.63251,0.63327
2020-02-21,0.63327,0.63571,0.63033,0.6349
2020-02-24,0.6349,0.63563,0.63038,0.63408
2020-02-25,0.63408,0.635845,0.63112,0.63224
2020-02-26,0.63224,0.63243,0.628755,0.62891
2020-02-27,0.62891,0.63344,0.62836,0.63064
2020-02-28,0.63064,0.63186,0.619135,0.62483
2020-03-02,0.62483,0.62789,0.6198,0.62614
2020-03-03,0.62614,0.63255,0.6247,0.62756
2020-03-04,0.62756,0.63052,0.62646,0.62991
2020-03-05,0.62991,0.63341,0.62806,0.62988
2020-03-06,0.62988,0.63727,0.62944,0.63566
2020-03-09,0.63566,0.64484,0.60052,0.63366
2020-03-10,0.63366,0.636,0.62429,0.62708
2020-03-11,0.62708,0.6342,0.62571,0.62692
2020-03-12,0.62692,0.62762,0.60854,0.60891
2020-03-13,0.60891,0.61606,0.60183,0.60784
2020-03-16,0.60784,0.61516,0.59847,0.60446
2020-03-17,0.60446,0.60964,0.59155,0.59434
2020-03-18,0.59434,0.59681,0.56957,0.5741
2020-03-19,0.5741,0.59158,0.54694,0.56719
2020-03-20,0.56719,0.58823,0.56078,0.56979
2020-03-23,0.56979,0.57384,0.55866,0.57189
2020-03-24,0.57189,0.58396,0.5687,0.58292
2020-03-25,0.58292,0.59126,0.57879,0.58514
2020-03-26,0.58514,0.59888,0.57772,0.59608
2020-03-27,0.59608,0.60698,0.59102,0.60325
2020-03-30,0.60325,0.60638,0.59835,0.60163
2020-03-31,0.60163,0.60388,0.59096,0.59616
2020-04-01,0.59616,0.59858,0.58794,0.59134
2020-04-02,0.59134,0.59736,0.58808,0.59156
2020-04-03,0.59156,0.5923,0.58435,0.58618
2020-04-06,0.58618,0.59636,0.58504,0.59333
2020-04-07,0.59333,0.60156,0.59199,0.59764
2020-04-08,0.59764,0.60311,0.59402,0.60123
2020-04-09,0.60123,0.60962,0.5986,0.6085
2020-04-10,0.6085,0.61029,0.60573,0.60814
2020-04-13,0.60814,0.61114,0.60598,0.60875
2020-04-14,0.60875,0.61308,0.60652,0.6106
2020-04-15,0.6106,0.61088,0.59554,0.59924
2020-04-16,0.59924,0.59988,0.59219,0.59663
2020-04-17,0.59663,0.60516,0.59636,0.60326
2020-04-20,0.60326,0.60921,0.6009,0.60364
2020-04-21,0.60364,0.6045,0.59338,0.59682
2020-04-22,0.59682,0.60042,0.59401,0.59534
2020-04-23,0.59534,0.60419,0.59106,0.6008
2020-04-24,0.6008,0.60217,0.5976,0.60161
2020-04-27,0.60161,0.60755,0.60067,0.60474
2020-04-28,0.60474,0.60733,0.59923,0.60564
2020-04-29,0.60564,0.61339,0.60508,0.61334
2020-04-30,0.61334,0.61758,0.61072,0.6127
2020-05-01,0.6127,0.6127,0.60469,0.60612
2020-05-04,0.60612,0.60612,0.60086,0.60516
2020-05-05,0.60516,0.60773,0.6033,0.60542
2020-05-06,0.60542,0.60733,0.60038,0.60114
2020-05-07,0.60114,0.60926,0.5995,0.6087
2020-05-08,0.6087,0.6148,0.60858,0.6138
2020-05-11,0.6138,0.6156,0.60544,0.60774
2020-05-12,0.60774,0.61234,0.60415,0.60774
2020-05-13,0.60774,0.60982,0.59802,0.59967
2020-05-14,0.59967,0.60059,0.59574,0.59998
2020-05-15,0.59998,0.60164,0.59212,0.59337
2020-05-18,0.59337,0.60436,0.59245,0.604
2020-05-19,0.604,0.61194,0.60344,0.6077
2020-05-20,0.6077,0.6158,0.6063,0.6147
2020-05-21,0.6147,0.61498,0.61061,0.61214
2020-05-22,0.61214,0.613,0.60812,0.60982
2020-05-25,0.60982,0.61086,0.60839,0.61025
2020-05-26,0.61025,0.62286,0.60944,0.61991
2020-05-27,0.61991,0.62324,0.61498,0.61888
2020-05-28,0.61888,0.62284,0.61699,0.62103
2020-05-29,0.62103,0.624,0.6169,0.62051
2020-06-01,0.62051,0.62994,0.61863,0.62934
2020-06-02,0.62934,0.63714,0.62632,0.63704
2020-06-03,0.63704,0.64438,0.63598,0.6425
2020-06-04,0.6425,0.6478,0.64038,0.64633
2020-06-05,0.64633,0.6528,0.6456,0.65074
2020-06-08,0.65074,0.65674,0.64999,0.65602
2020-06-09,0.65602,0.65805,0.6469,0.65144
2020-06-10,0.65144,0.65848,0.64952,0.6537
2020-06-11,0.6537,0.65424,0.64114,0.64306
2020-06-12,0.64306,0.64772,0.63942,0.64456
2020-06-15,0.64456,0.64843,0.63814,0.64742
2020-06-16,0.64742,0.65068,0.64125,0.64514
2020-06-17,0.64514,0.64762,0.64294,0.64576
2020-06-18,0.64576,0.64793,0.64184,0.64291
2020-06-19,0.64291,0.64578,0.64007,0.6407
2020-06-22,0.6407,0.64948,0.6382,0.64798
2020-06-23,0.64798,0.65334,0.6437,0.64916
2020-06-24,0.64916,0.65144,0.64051,0.64098
2020-06-25,0.64098,0.64426,0.63994,0.64294
2020-06-26,0.64294,0.64507,0.64026,0.64231
2020-06-29,0.64231,0.64431,0.64034,0.64208
2020-06-30,0.64208,0.64614,0.63854,0.64549
2020-07-01,0.64549,0.64895,0.64402,0.64776
2020-07-02,0.64776,0.65368,0.6475,0.65107
2020-07-03,0.65107,0.6539,0.65044,0.65336
2020-07-06,0.65336,0.65662,0.65218,0.65541
2020-07-07,0.65541,0.65804,0.65195,0.65469
2020-07-08,0.65469,0.65796,0.65298,0.65752
2020-07-09,0.65752,0.66005,0.65514,0.65698
2020-07-10,0.65698,0.65886,0.65465,0.65742
2020-07-13,0.65742,0.65936,0.65376,0.65398
2020-07-14,0.65398,0.65438,0.65028,0.65311
2020-07-15,0.65311,0.65842,0.65294,0.65712
2020-07-16,0.65712,0.65784,0.6528,0.65359
2020-07-17,0.65359,0.65658,0.65327,0.65556
2020-07-20,0.65556,0.65772,0.6539,0.65766
2020-07-21,0.65766,0.66498,0.65594,0.66418
2020-07-22,0.66418,0.66894,0.66326,0.66624
2020-07-23,0.66624,0.669,0.66256,0.66347
2020-07-24,0.66347,0.66542,0.66145,0.6642
2020-07-27,0.6642,0.66933,0.66149,0.66846
2020-07-28,0.66846,0.67028,0.66332,0.666
2020-07-29,0.666,0.66795,0.66414,0.66691
2020-07-30,0.66691,0.67018,0.66202,0.67001
2020-07-31,0.67001,0.67156,0.66234,0.66295
2020-08-03,0.66295,0.66429,0.6575,0.66122
2020-08-04,0.66122,0.66266,0.65896,0.66224
2020-08-05,0.66224,0.66736,0.66168,0.66474
2020-08-06,0.66474,0.66894,0.66286,0.66876
2020-08-07,0.66876,0.66906,0.6589,0.65988
2020-08-10,0.65988,0.66134,0.65778,0.65909
2020-08-11,0.65909,0.66269,0.65715,0.65764
2020-08-12,0.65764,0.66002,0.65248,0.65796
2020-08-13,0.65796,0.65986,0.6537,0.65475
2020-08-14,0.65475,0.65593,0.65264,0.65416
2020-08-17,0.65416,0.65738,0.65195,0.65585
2020-08-18,0.65585,0.66094,0.65343,0.66008
2020-08-19,0.66008,0.66512,0.65544,0.65582
2020-08-20,0.65582,0.65712,0.64888,0.65354
2020-08-21,0.65354,0.65495,0.6517,0.65396
2020-08-24,0.65396,0.65649,0.65218,0.65268
2020-08-25,0.65268,0.65586,0.65153,0.65479
2020-08-26,0.65479,0.6623,0.65438,0.6621
2020-08-27,0.6621,0.6675,0.66004,0.66394
2020-08-28,0.66394,0.67438,0.66371,0.67424
2020-08-31,0.67424,0.67635,0.67193,0.67333
2020-09-01,0.67333,0.67793,0.67294,0.67604
2020-09-02,0.67604,0.6789,0.67418,0.67695
2020-09-03,0.67695,0.6774,0.66934,0.67119
2020-09-04,0.67119,0.67352,0.66676,0.67212
2020-09-07,0.67212,0.67236,0.66908,0.66925
2020-09-08,0.66925,0.6707,0.66126,0.6619
2020-09-09,0.6619,0.66874,0.6601,0.66849
2020-09-10,0.66849,0.6709,0.66391,0.66512
2020-09-11,0.66512,0.66952,0.66414,0.6668
2020-09-14,0.6668,0.67181,0.66596,0.67012
2020-09-15,0.67012,0.67364,0.6684,0.67131
2020-09-16,0.67131,0.67593,0.67028,0.67324
2020-09-17,0.67324,0.67592,0.66752,0.67561
2020-09-18,0.67561,0.67978,0.67466,0.67597
2020-09-21,0.67597,0.67778,0.66518,0.6667
2020-09-22,0.6667,0.66877,0.66224,0.66314
2020-09-23,0.66314,0.6648,0.65357,0.65604
2020-09-24,0.65604,0.6562,0.6512,0.65498
2020-09-25,0.65498,0.65922,0.65279,0.65458
2020-09-28,0.65458,0.6568,0.65394,0.65547
2020-09-29,0.65547,0.66028,0.65512,0.65871
2020-09-30,0.65871,0.66265,0.65696,0.66138
2020-10-01,0.66138,0.66572,0.66131,0.66518
2020-10-02,0.66518,0.66551,0.66136,0.66374
2020-10-05,0.66374,0.66546,0.66297,0.66456
2020-10-06,0.66456,0.66582,0.65839,0.659
2020-10-07,0.659,0.66021,0.65712,0.65797
2020-10-08,0.65797,0.65968,0.6547,0.65767
2020-10-09,0.65767,0.66734,0.65754,0.667
2020-10-12,0.667,0.66702,0.66424,0.66477
2020-10-13,0.66477,0.6671,0.66285,0.66502
2020-10-14,0.66502,0.66822,0.66448,0.66569
2020-10-15,0.66569,0.66646,0.65763,0.65978
2020-10-16,0.65978,0.66193,0.65868,0.66073
2020-10-19,0.66073,0.66464,0.66014,0.66062
2020-10-20,0.66062,0.66074,0.65532,0.65809
2020-10-21,0.65809,0.66776,0.65747,0.66536
2020-10-22,0.66536,0.66888,0.66323,0.6676
2020-10-23,0.6676,0.67049,0.66563,0.66892
2020-10-26,0.66892,0.66974,0.66704,0.6677
2020-10-27,0.6677,0.67242,0.66722,0.67091
2020-10-28,0.67091,0.67198,0.66288,0.66378
2020-10-29,0.66378,0.66598,0.65968,0.66284
2020-10-30,0.66284,0.66713,0.65982,0.66138
2020-11-02,0.66138,0.66354,0.65894,0.66316
2020-11-03,0.66316,0.67178,0.66214,0.66949
2020-11-04,0.66949,0.6744,0.66144,0.66938
2020-11-05,0.66938,0.67781,0.66792,0.67661
2020-11-06,0.67661,0.68025,0.67533,0.67737
2020-11-09,0.67737,0.6855,0.67737,0.68205
2020-11-10,0.68205,0.684,0.68038,0.68326
2020-11-11,0.68326,0.69038,0.68092,0.68814
2020-11-12,0.68814,0.69146,0.68352,0.68403
2020-11-13,0.68403,0.6849,0.68108,0.6848
2020-11-16,0.6848,0.69072,0.68446,0.69046
2020-11-17,0.69046,0.69188,0.68756,0.68914
2020-11-18,0.68914,0.69451,0.68757,0.69254
2020-11-19,0.69254,0.69284,0.6879,0.6913
2020-11-20,0.6913,0.69506,0.69044,0.69302
2020-11-23,0.69302,0.69679,0.68972,0.69238
2020-11-24,0.69238,0.70049,0.69179,0.69749
2020-11-25,0.69749,0.7015,0.69604,0.70068
2020-11-26,0.70068,0.70146,0.69932,0.70054
2020-11-27,0.70054,0.70394,0.70011,0.70265
2020-11-30,0.70265,0.7051,0.70097,0.70165
2020-12-01,0.70165,0.70679,0.70112,0.70636
2020-12-02,0.70636,0.70844,0.70319,0.70706
2020-12-03,0.70706,0.71042,0.70508,0.70792
2020-12-04,0.70792,0.70802,0.70278,0.70417
2020-12-07,0.70417,0.70642,0.70058,0.70434
2020-12-08,0.70434,0.7054,0.70235,0.70404
2020-12-09,0.70404,0.70946,0.70112,0.702
2020-12-10,0.702,0.70998,0.70132,0.70984
2020-12-11,0.70984,0.71136,0.70743,0.70842
2020-12-14,0.70842,0.71204,0.70768,0.70804
2020-12-15,0.70804,0.70984,0.70596,0.70868
2020-12-16,0.70868,0.7121,0.70543,0.71116
2020-12-17,0.71116,0.71716,0.7102,0.71498
2020-12-18,0.71498,0.7153,0.71102,0.71378
2020-12-21,0.71378,0.71378,0.70026,0.71147
2020-12-22,0.71147,0.71154,0.70314,0.70413
2020-12-23,0.70413,0.71045,0.70302,0.70991
2020-12-24,0.70991,0.7118,0.70866,0.70971
2020-12-28,0.70971,0.71392,0.70836,0.70992
2020-12-29,0.70992,0.71647,0.70968,0.71532
2020-12-30,0.71532,0.72118,0.71437,0.72046
2020-12-31,0.72046,0.72412,0.71824,0.71826
2021-01-04,0.71826,0.72309,0.71531,0.71726
2021-01-05,0.71726,0.72597,0.71681,0.72522
2021-01-06,0.72522,0.73156,0.72357,0.73004
2021-01-07,0.73004,0.7306,0.7225,0.72514
2021-01-08,0.72514,0.72813,0.72042,0.72357
2021-01-11,0.72357,0.72361,0.71464,0.71624
2021-01-12,0.71624,0.72326,0.71572,0.7219
2021-01-13,0.7219,0.72397,0.71663,0.71787
2021-01-14,0.71787,0.72404,0.71712,0.7227
2021-01-15,0.7227,0.72294,0.71184,0.71301
2021-01-18,0.71301,0.71424,0.70964,0.71112
2021-01-19,0.71112,0.71409,0.71026,0.71225
2021-01-20,0.71225,0.71745,0.71156,0.71712
2021-01-21,0.71712,0.72232,0.71712,0.72166
2021-01-22,0.72166,0.72256,0.7167,0.71828
2021-01-25,0.71828,0.7217,0.71708,0.72036
2021-01-26,0.72036,0.72477,0.71675,0.7236
2021-01-27,0.7236,0.72466,0.71466,0.71588
2021-01-28,0.71588,0.7196,0.71058,0.7172
2021-01-29,0.7172,0.7226,0.71508,0.71842
2021-02-01,0.71842,0.72028,0.71508,0.71576
2021-02-02,0.71576,0.71963,0.71353,0.71922
2021-02-03,0.71922,0.72256,0.71838,0.72086
2021-02-04,0.72086,0.72253,0.71472,0.71566
2021-02-05,0.71566,0.72068,0.71364,0.71965
2021-02-08,0.71965,0.72324,0.71782,0.7223
2021-02-09,0.7223,0.72544,0.72158,0.72409
2021-02-10,0.72409,0.72456,0.71997,0.72148
2021-02-11,0.72148,0.7251,0.72046,0.72278
2021-02-12,0.72278,0.72361,0.71758,0.72199
2021-02-15,0.72199,0.72492,0.72065,0.72269
2021-02-16,0.72269,0.72684,0.71978,0.72089
2021-02-17,0.72089,0.72158,0.71578,0.71895
2021-02-18,0.71895,0.72248,0.71761,0.72214
2021-02-19,0.72214,0.73146,0.72036,0.72949
2021-02-22,0.72949,0.73431,0.7281,0.7329
2021-02-23,0.7329,0.73468,0.73072,0.73437
2021-02-24,0.73437,0.7455,0.73149,0.74422
2021-02-25,0.74422,0.74648,0.73597,0.7369
2021-02-26,0.7369,0.73831,0.72232,0.7233
2021-03-01,0.7233,0.72928,0.72254,0.72654
2021-03-02,0.72654,0.73072,0.72096,0.72922
2021-03-03,0.72922,0.73045,0.72373,0.72463
2021-03-04,0.72463,0.7273,0.71726,0.71888
2021-03-05,0.71888,0.71976,0.70995,0.71632
2021-03-08,0.71632,0.7192,0.71046,0.71226
2021-03-09,0.71226,0.71818,0.71032,0.71748
2021-03-10,0.71748,0.71997,0.71314,0.7196
2021-03-11,0.7196,0.72408,0.71667,0.72288
2021-03-12,0.72288,0.7233,0.71509,0.71756
2021-03-15,0.71756,0.72163,0.71678,0.72023
2021-03-16,0.72023,0.72062,0.71674,0.71908
2021-03-17,0.71908,0.72642,0.71536,0.72392
2021-03-18,0.72392,0.72696,0.71598,0.7166
2021-03-19,0.7166,0.71879,0.71427,0.71652
2021-03-22,0.71652,0.71828,0.7139,0.7162
2021-03-23,0.7162,0.7167,0.69904,0.69997
2021-03-24,0.69997,0.70191,0.69557,0.6962
2021-03-25,0.6962,0.69862,0.69434,0.69512
2021-03-26,0.69512,0.70022,0.69486,0.69995
2021-03-29,0.69995,0.7018,0.69718,0.6998
2021-03-30,0.6998,0.70336,0.69731,0.6983
2021-03-31,0.6983,0.70258,0.69636,0.69847
2021-04-01,0.69847,0.70436,0.69454,0.70194
2021-04-02,0.70194,0.70476,0.70121,0.70338
2021-04-05,0.70338,0.70697,0.7016,0.70594
2021-04-06,0.70594,0.70695,0.70081,0.70584
2021-04-07,0.70584,0.70688,0.69972,0.70154
2021-04-08,0.70154,0.70618,0.70038,0.70582
2021-04-09,0.70582,0.70656,0.70098,0.70302
2021-04-12,0.70302,0.70494,0.70137,0.70301
2021-04-13,0.70301,0.70598,0.70041,0.70544
2021-04-14,0.70544,0.71504,0.70474,0.71429
2021-04-15,0.71429,0.71806,0.71368,0.71706
2021-04-16,0.71706,0.71788,0.71321,0.71452
2021-04-19,0.71452,0.71981,0.71221,0.71821
2021-04-20,0.71821,0.723,0.71656,0.71746
2021-04-21,0.71746,0.72184,0.71626,0.72097
2021-04-22,0.72097,0.72136,0.71462,0.717
2021-04-23,0.717,0.72035,0.71509,0.71992
2021-04-26,0.71992,0.72434,0.71899,0.72364
2021-04-27,0.72364,0.7237,0.72014,0.72078
2021-04-28,0.72078,0.72676,0.71888,0.72558
2021-04-29,0.72558,0.72866,0.72228,0.72437
2021-04-30,0.72437,0.72543,0.71509,0.71624
2021-05-03,0.71624,0.72127,0.71558,0.71975
2021-05-04,0.71975,0.7206,0.71156,0.71449
2021-05-05,0.71449,0.72178,0.7143,0.72156
2021-05-06,0.72156,0.72388,0.71847,0.72336
2021-05-07,0.72336,0.72996,0.72056,0.72774
2021-05-10,0.72774,0.73052,0.72613,0.72678
2021-05-11,0.72678,0.72898,0.72519,0.72725
2021-05-12,0.72725,0.72782,0.71516,0.71578
2021-05-13,0.71578,0.71944,0.7135,0.71824
2021-05-14,0.71824,0.7258,0.71692,0.72518
2021-05-17,0.72518,0.72518,0.71816,0.72062
2021-05-18,0.72062,0.7271,0.72021,0.72456
2021-05-19,0.72456,0.72488,0.71518,0.71704
2021-05-20,0.71704,0.72168,0.71569,0.72058
2021-05-21,0.72058,0.72227,0.71543,0.71767
2021-05-24,0.71767,0.7219,0.71583,0.7217
2021-05-25,0.7217,0.72504,0.72048,0.72292
2021-05-26,0.72292,0.73164,0.72218,0.72806
2021-05-27,0.72806,0.73112,0.72662,0.72938
2021-05-28,0.72938,0.72952,0.72129,0.7247
2021-05-31,0.7247,0.72838,0.72316,0.72711
2021-06-01,0.72711,0.72882,0.72466,0.72566
2021-06-02,0.72566,0.72724,0.7209,0.72366
2021-06-03,0.72366,0.72418,0.71256,0.71458
2021-06-04,0.71458,0.7216,0.71326,0.7212
2021-06-07,0.7212,0.72426,0.71915,0.72266
2021-06-08,0.72266,0.72328,0.71874,0.71964
2021-06-09,0.71964,0.72144,0.71676,0.71782
2021-06-10,0.71782,0.72128,0.71652,0.71948
2021-06-11,0.71948,0.72105,0.71162,0.71275
2021-06-14,0.71275,0.7153,0.71264,0.71423
2021-06-15,0.71423,0.71606,0.71052,0.71212
2021-06-16,0.71212,0.71548,0.70426,0.70513
2021-06-17,0.70513,0.7102,0.69919,0.70076
2021-06-18,0.70076,0.70182,0.69231,0.69386
2021-06-21,0.69386,0.69992,0.69216,0.69874
2021-06-22,0.69874,0.7036,0.69638,0.70229
2021-06-23,0.70229,0.70691,0.69958,0.70488
2021-06-24,0.70488,0.70734,0.70303,0.706
2021-06-25,0.706,0.70953,0.7056,0.70669
2021-06-28,0.70669,0.70866,0.70328,0.70401
2021-06-29,0.70401,0.70514,0.69794,0.69927
2021-06-30,0.69927,0.70066,0.6965,0.69872
2021-07-01,0.69872,0.70101,0.69619,0.69706
2021-07-02,0.69706,0.7037,0.69474,0.70272
2021-07-05,0.70272,0.7053,0.70132,0.7025
2021-07-06,0.7025,0.71052,0.69884,0.70102
2021-07-07,0.70102,0.70613,0.69894,0.70168
2021-07-08,0.70168,0.70218,0.69346,0.69491
2021-07-09,0.69491,0.7004,0.6923,0.69953
2021-07-12,0.69953,0.70089,0.69485,0.69818
2021-07-13,0.69818,0.70096,0.69174,0.69466
2021-07-14,0.69466,0.70436,0.69389,0.70388
2021-07-15,0.70388,0.70446,0.69652,0.69834
2021-07-16,0.69834,0.70345,0.6977,0.69982
2021-07-19,0.69982,0.70042,0.69162,0.69433
2021-07-20,0.69433,0.69542,0.6881,0.69172
2021-07-21,0.69172,0.69772,0.68942,0.69706
2021-07-22,0.69706,0.69858,0.6947,0.69746
2021-07-23,0.69746,0.69927,0.69608,0.6972
2021-07-26,0.6972,0.70099,0.69478,0.70013
2021-07-27,0.70013,0.70062,0.69396,0.69574
2021-07-28,0.69574,0.69698,0.69006,0.69565
2021-07-29,0.69565,0.70195,0.69487,0.70106
2021-07-30,0.70106,0.70213,0.69592,0.69709
2021-08-02,0.69709,0.69932,0.69526,0.69716
2021-08-03,0.69716,0.70189,0.69646,0.70178
2021-08-04,0.70178,0.70888,0.7015,0.70495
2021-08-05,0.70495,0.70738,0.70369,0.70572
2021-08-06,0.70572,0.7063,0.70016,0.70098
2021-08-09,0.70098,0.70262,0.6981,0.69916
2021-08-10,0.69916,0.7011,0.69687,0.70092
2021-08-11,0.70092,0.70619,0.69914,0.70426
2021-08-12,0.70426,0.70472,0.69958,0.70025
2021-08-13,0.70025,0.70478,0.69946,0.70431
2021-08-16,0.70431,0.70454,0.70109,0.70208
2021-08-17,0.70208,0.70327,0.69002,0.69198
2021-08-18,0.69198,0.69517,0.6869,0.68846
2021-08-19,0.68846,0.69089,0.68088,0.68274
2021-08-20,0.68274,0.68438,0.68051,0.68246
2021-08-23,0.68246,0.69045,0.6823,0.68903
2021-08-24,0.68903,0.69662,0.68792,0.69554
2021-08-25,0.69554,0.69832,0.693,0.69732
2021-08-26,0.69732,0.69768,0.6941,0.69492
2021-08-27,0.69492,0.70188,0.69332,0.70096
2021-08-30,0.70096,0.7015,0.69868,0.69991
2021-08-31,0.69991,0.70688,0.69962,0.70476
2021-09-01,0.70476,0.70777,0.70346,0.70702
2021-09-02,0.70702,0.71198,0.70573,0.71088
2021-09-03,0.71088,0.71703,0.71064,0.71514
2021-09-06,0.71514,0.71644,0.71275,0.7135
2021-09-07,0.7135,0.71532,0.7087,0.71002
2021-09-08,0.71002,0.7115,0.7076,0.71001
2021-09-09,0.71001,0.7134,0.70826,0.71081
2021-09-10,0.71081,0.71567,0.70898,0.71119
2021-09-13,0.71119,0.71228,0.70976,0.71184
2021-09-14,0.71184,0.7151,0.70826,0.70972
2021-09-15,0.70972,0.71187,0.70735,0.71074
2021-09-16,0.71074,0.71389,0.70595,0.70736
2021-09-17,0.70736,0.70876,0.70256,0.70359
2021-09-20,0.70359,0.70469,0.70057,0.703
2021-09-21,0.703,0.70566,0.69938,0.70057
2021-09-22,0.70057,0.7056,0.69924,0.70022
2021-09-23,0.70022,0.70934,0.69817,0.70683
2021-09-24,0.70683,0.70806,0.6997,0.70117
2021-09-27,0.70117,0.70375,0.69904,0.70148
2021-09-28,0.70148,0.70272,0.69431,0.69586
2021-09-29,0.69586,0.69638,0.68596,0.68674
2021-09-30,0.68674,0.69214,0.68597,0.69002
2021-10-01,0.69002,0.69508,0.68768,0.69402
2021-10-04,0.69402,0.6982,0.69264,0.69689
2021-10-05,0.69689,0.69761,0.69282,0.69625
2021-10-06,0.69625,0.69799,0.68768,0.69139
2021-10-07,0.69139,0.69441,0.6907,0.69278
2021-10-08,0.69278,0.69602,0.69085,0.69294
2021-10-11,0.69294,0.69645,0.69164,0.69385
2021-10-12,0.69385,0.697,0.69238,0.69306
2021-10-13,0.69306,0.69686,0.69116,0.69654
2021-10-14,0.69654,0.70414,0.69584,0.7036
2021-10-15,0.7036,0.70773,0.70288,0.70748
2021-10-18,0.70748,0.71052,0.70494,0.70858
2021-10-19,0.70858,0.71724,0.70824,0.71537
2021-10-20,0.71537,0.72084,0.71464,0.72006
2021-10-21,0.72006,0.72186,0.71409,0.71565
2021-10-22,0.71565,0.71892,0.71318,0.71552
2021-10-25,0.71552,0.71783,0.71303,0.71636
2021-10-26,0.71636,0.7194,0.71506,0.71615
2021-10-27,0.71615,0.7189,0.71319,0.7168
2021-10-28,0.7168,0.7217,0.71517,0.72008
2021-10-29,0.72008,0.72096,0.7136,0.71702
2021-11-01,0.71702,0.71978,0.71521,0.71864
2021-11-02,0.71864,0.71904,0.70932,0.71126
2021-11-03,0.71126,0.71734,0.71042,0.71589
2021-11-04,0.71589,0.71788,0.70953,0.7102
2021-11-05,0.7102,0.71274,0.70726,0.71198
2021-11-08,0.71198,0.7177,0.71038,0.71658
2021-11-09,0.71658,0.71744,0.71098,0.7131
2021-11-10,0.7131,0.71326,0.70555,0.70606
2021-11-11,0.70606,0.70714,0.70127,0.7024
2021-11-12,0.7024,0.70478,0.69968,0.70439
2021-11-15,0.70439,0.70808,0.70323,0.70462
2021-11-16,0.70462,0.70643,0.69853,0.6992
2021-11-17,0.6992,0.70204,0.69799,0.6999
2021-11-18,0.6999,0.70527,0.69946,0.70475
2021-11-19,0.70475,0.70475,0.69913,0.69997
2021-11-22,0.69997,0.7014,0.69482,0.69567
2021-11-23,0.69567,0.69778,0.69162,0.69501
2021-11-24,0.69501,0.69745,0.68556,0.68752
2021-11-25,0.68752,0.68941,0.68406,0.68604
2021-11-26,0.68604,0.68604,0.68048,0.68206
2021-11-29,0.68206,0.68392,0.6788,0.68238
2021-11-30,0.68238,0.6856,0.67726,0.68236
2021-12-01,0.68236,0.68676,0.68037,0.68092
2021-12-02,0.68092,0.68312,0.67992,0.6819
2021-12-03,0.6819,0.68293,0.67414,0.67498
2021-12-06,0.67498,0.6764,0.674,0.67557
2021-12-07,0.67557,0.67928,0.67366,0.67894
2021-12-08,0.67894,0.68188,0.67668,0.68089
2021-12-09,0.68089,0.68234,0.67808,0.67949
2021-12-10,0.67949,0.68072,0.67698,0.67984
2021-12-13,0.67984,0.68022,0.67461,0.67544
2021-12-14,0.67544,0.67734,0.67356,0.67422
2021-12-15,0.67422,0.67881,0.67016,0.67874
2021-12-16,0.67874,0.68338,0.67574,0.68019
2021-12-17,0.68019,0.68023,0.6731,0.67412
2021-12-20,0.67412,0.67454,0.67025,0.67143
2021-12-21,0.67143,0.67736,0.67034,0.67726
2021-12-22,0.67726,0.6822,0.67398,0.68122
2021-12-23,0.68122,0.68418,0.67957,0.6826
2021-12-24,0.6826,0.68366,0.68058,0.68141
2021-12-27,0.68141,0.68271,0.6789,0.6816
2021-12-28,0.6816,0.68288,0.67889,0.68038
2021-12-29,0.68038,0.68424,0.67886,0.68276
2021-12-30,0.68276,0.6857,0.68162,0.68338
2021-12-31,0.68338,0.68512,0.68207,0.6844
2022-01-03,0.6844,0.68566,0.67748,0.67852
2022-01-04,0.67852,0.68244,0.6765,0.68082
2022-01-05,0.68082,0.68372,0.67901,0.67986
2022-01-06,0.67986,0.67986,0.67332,0.6749
2022-01-07,0.6749,0.67897,0.67356,0.6776
2022-01-10,0.6776,0.67836,0.67362,0.6762
2022-01-11,0.6762,0.6791,0.67401,0.6786
2022-01-12,0.6786,0.68578,0.67736,0.68478
2022-01-13,0.68478,0.68907,0.68285,0.68622
2022-01-14,0.68622,0.68738,0.67939,0.68019
2022-01-17,0.68019,0.68184,0.67872,0.67957
2022-01-18,0.67957,0.68082,0.67529,0.67708
2022-01-19,0.67708,0.68117,0.67649,0.67844
2022-01-20,0.67844,0.68058,0.67498,0.67567
2022-01-21,0.67567,0.6759,0.6708,0.67157
2022-01-24,0.67157,0.67276,0.66606,0.66993
2022-01-25,0.66993,0.67107,0.66604,0.66845
2022-01-26,0.66845,0.67026,0.66383,0.66517
2022-01-27,0.66517,0.66609,0.65702,0.65836
2022-01-28,0.65836,0.65955,0.65298,0.65443
2022-01-31,0.65443,0.65972,0.65398,0.65758
2022-02-01,0.65758,0.66476,0.65662,0.66388
2022-02-02,0.66388,0.66623,0.6624,0.66334
2022-02-03,0.66334,0.66814,0.66096,0.66648
2022-02-04,0.66648,0.66834,0.659,0.66118
2022-02-07,0.66118,0.66433,0.66027,0.66352
2022-02-08,0.66352,0.66537,0.66276,0.66487
2022-02-09,0.66487,0.66979,0.66414,0.66809
2022-02-10,0.66809,0.6733,0.66535,0.66757
2022-02-11,0.66757,0.66938,0.66272,0.66416
2022-02-14,0.66416,0.66502,0.65928,0.66169
2022-02-15,0.66169,0.66486,0.6602,0.6638
2022-02-16,0.6638,0.66916,0.66332,0.66795
2022-02-17,0.66795,0.67178,0.6659,0.66925
2022-02-18,0.66925,0.67298,0.6687,0.66967
2022-02-21,0.66967,0.6734,0.6683,0.67007
2022-02-22,0.67007,0.67548,0.66805,0.6735
2022-02-23,0.6735,0.68096,0.6732,0.67726
2022-02-24,0.67726,0.67765,0.66308,0.66932
2022-02-25,0.66932,0.67514,0.66864,0.67453
2022-02-28,0.67453,0.67771,0.66759,0.67756
2022-03-01,0.67756,0.6791,0.67409,0.67576
2022-03-02,0.67576,0.67998,0.67444,0.67877
2022-03-03,0.67877,0.68096,0.67618,0.67996
2022-03-04,0.67996,0.6872,0.67678,0.68616
2022-03-07,0.68616,0.69258,0.68206,0.6824
2022-03-08,0.6824,0.68508,0.67998,0.6804
2022-03-09,0.6804,0.68526,0.67965,0.68419
2022-03-10,0.68419,0.68746,0.6811,0.68633
2022-03-11,0.68633,0.68754,0.67987,0.68072
2022-03-14,0.68072,0.68148,0.67451,0.67452
2022-03-15,0.67452,0.67926,0.67288,0.67714
2022-03-16,0.67714,0.68448,0.67418,0.68386
2022-03-17,0.68386,0.68995,0.68233,0.68808
2022-03-18,0.68808,0.69136,0.68666,0.69072
2022-03-21,0.69072,0.69234,0.68732,0.68864
2022-03-22,0.68864,0.69658,0.6864,0.6964
2022-03-23,0.6964,0.69888,0.69354,0.69748
2022-03-24,0.69748,0.69778,0.69406,0.69656
2022-03-25,0.69656,0.69873,0.69443,0.69572
2022-03-28,0.69572,0.69678,0.6888,0.68948
2022-03-29,0.68948,0.69458,0.68762,0.69352
2022-03-30,0.69352,0.69987,0.69285,0.69762
2022-03-31,0.69762,0.69785,0.69284,0.69348
2022-04-01,0.69348,0.6948,0.68964,0.69224
2022-04-04,0.69224,0.69683,0.69052,0.69498
2022-04-05,0.69498,0.70342,0.69336,0.69454
2022-04-06,0.69454,0.69674,0.68968,0.69164
2022-04-07,0.69164,0.69386,0.68812,0.68904
2022-04-08,0.68904,0.68989,0.68225,0.6847
2022-04-11,0.6847,0.68564,0.68134,0.68248
2022-04-12,0.68248,0.68896,0.68061,0.6851
2022-04-13,0.6851,0.6902,0.67547,0.67978
2022-04-14,0.67978,0.68344,0.67674,0.67873
2022-04-15,0.67873,0.68096,0.67571,0.67594
2022-04-18,0.67594,0.67773,0.67156,0.67313
2022-04-19,0.67313,0.67644,0.672,0.67326
2022-04-20,0.67326,0.68134,0.67302,0.68084
2022-04-21,0.68084,0.68104,0.67269,0.67314
2022-04-22,0.67314,0.67368,0.6626,0.66342
2022-04-25,0.66342,0.66463,0.65822,0.66223
2022-04-26,0.66223,0.66456,0.65617,0.65634
2022-04-27,0.65634,0.65912,0.65277,0.65426
2022-04-28,0.65426,0.65456,0.64521,0.64878
2022-04-29,0.64878,0.65432,0.64516,0.64576
2022-05-02,0.64576,0.64742,0.64124,0.64348
2022-05-03,0.64348,0.64762,0.64109,0.64344
2022-05-04,0.64344,0.65566,0.64222,0.6543
2022-05-05,0.6543,0.65686,0.63934,0.64253
2022-05-06,0.64253,0.64582,0.63947,0.64072
2022-05-09,0.64072,0.64156,0.63202,0.63202
2022-05-10,0.63202,0.63484,0.62761,0.62912
2022-05-11,0.62912,0.638,0.62811,0.62949
2022-05-12,0.62949,0.63022,0.62166,0.62312
2022-05-13,0.62312,0.62904,0.62221,0.6289
2022-05-16,0.6289,0.63206,0.62286,0.63097
2022-05-17,0.63097,0.63758,0.6306,0.63615
2022-05-18,0.63615,0.63705,0.62908,0.62949
2022-05-19,0.62949,0.64172,0.62918,0.63827
2022-05-20,0.63827,0.64144,0.63638,0.64071
2022-05-23,0.64071,0.64918,0.63933,0.64676
2022-05-24,0.64676,0.64712,0.64234,0.64592
2022-05-25,0.64592,0.65144,0.64206,0.64796
2022-05-26,0.64796,0.65004,0.64472,0.64805
2022-05-27,0.64805,0.65498,0.64729,0.65362
2022-05-30,0.65362,0.65606,0.6524,0.6559
2022-05-31,0.6559,0.65642,0.64831,0.65162
2022-06-01,0.65162,0.65402,0.64652,0.6483
2022-06-02,0.6483,0.6565,0.64604,0.65596
2022-06-03,0.65596,0.65763,0.6501,0.65057
2022-06-06,0.65057,0.65368,0.64846,0.64902
2022-06-07,0.64902,0.64992,0.6423,0.64899
2022-06-08,0.64899,0.64926,0.64351,0.64476
2022-06-09,0.64476,0.64612,0.638,0.63832
2022-06-10,0.63832,0.64351,0.63486,0.63544
2022-06-13,0.63544,0.63544,0.62462,0.626
2022-06-14,0.626,0.62936,0.61967,0.62164
2022-06-15,0.62164,0.63134,0.62144,0.62863
2022-06-16,0.62863,0.6396,0.6233,0.63638
2022-06-17,0.63638,0.63704,0.62694,0.63134
2022-06-20,0.63134,0.63643,0.63053,0.63327
2022-06-21,0.63327,0.63636,0.6318,0.63338
2022-06-22,0.63338,0.6335,0.62439,0.6288
2022-06-23,0.6288,0.63105,0.62477,0.6276
2022-06-24,0.6276,0.63274,0.62718,0.63136
2022-06-27,0.63136,0.63268,0.62819,0.63006
2022-06-28,0.63006,0.63138,0.62374,0.6238
2022-06-29,0.6238,0.62602,0.62052,0.62215
2022-06-30,0.62215,0.62544,0.61986,0.6245
2022-07-01,0.6245,0.6247,0.61479,0.62062
2022-07-04,0.62062,0.62523,0.61921,0.62097
2022-07-05,0.62097,0.62269,0.61244,0.61691
2022-07-06,0.61691,0.61919,0.6132,0.61496
2022-07-07,0.61496,0.61954,0.61402,0.61774
2022-07-08,0.61774,0.6207,0.6132,0.61896
2022-07-11,0.61896,0.61927,0.60972,0.61127
2022-07-12,0.61127,0.61457,0.61,0.61291
2022-07-13,0.61291,0.61719,0.60808,0.61308
2022-07-14,0.61308,0.61344,0.60607,0.61246
2022-07-15,0.61246,0.61772,0.61057,0.61592
2022-07-18,0.61592,0.62008,0.6148,0.61536
2022-07-19,0.61536,0.62404,0.61413,0.62245
2022-07-20,0.62245,0.62722,0.62172,0.623
2022-07-21,0.623,0.62541,0.61848,0.6254
2022-07-22,0.6254,0.63044,0.62116,0.62525
2022-07-25,0.62525,0.62798,0.62144,0.62632
2022-07-26,0.62632,0.62806,0.62247,0.62315
2022-07-27,0.62315,0.6278,0.61918,0.62648
2022-07-28,0.62648,0.62976,0.6251,0.62925
2022-07-29,0.62925,0.63293,0.62178,0.62903
2022-08-01,0.62903,0.63526,0.62726,0.63332
2022-08-02,0.63332,0.63436,0.6252,0.62548
2022-08-03,0.62548,0.62814,0.62128,0.62738
2022-08-04,0.62738,0.63153,0.62587,0.62998
2022-08-05,0.62998,0.63097,0.62126,0.62422
2022-08-08,0.62422,0.63048,0.62302,0.62852
2022-08-09,0.62852,0.6303,0.62703,0.62878
2022-08-10,0.62878,0.64344,0.62753,0.64044
2022-08-11,0.64044,0.64628,0.63844,0.64306
2022-08-12,0.64306,0.64685,0.64225,0.64541
2022-08-15,0.64541,0.64564,0.63558,0.63646
2022-08-16,0.63646,0.63706,0.63168,0.63453
2022-08-17,0.63453,0.63833,0.62584,0.62809
2022-08-18,0.62809,0.63129,0.62462,0.62573
2022-08-19,0.62573,0.6266,0.6166,0.61738
2022-08-22,0.61738,0.6215,0.61569,0.61703
2022-08-23,0.61703,0.62446,0.61597,0.62127
2022-08-24,0.62127,0.62192,0.61631,0.61886
2022-08-25,0.61886,0.62512,0.61764,0.62248
2022-08-26,0.62248,0.62326,0.61336,0.61358
2022-08-29,0.61358,0.61677,0.6102,0.61542
2022-08-30,0.61542,0.61944,0.61234,0.61293
2022-08-31,0.61293,0.6155,0.6111,0.61207
2022-09-01,0.61207,0.61269,0.60608,0.60796
2022-09-02,0.60796,0.6141,0.60509,0.61121
2022-09-05,0.61121,0.61121,0.60777,0.6095
2022-09-06,0.6095,0.61288,0.60352,0.60404
2022-09-07,0.60404,0.60769,0.59966,0.60747
2022-09-08,0.60747,0.608,0.60312,0.60548
2022-09-09,0.60548,0.61523,0.6051,0.61046
2022-09-12,0.61046,0.61578,0.60852,0.6137
2022-09-13,0.6137,0.61616,0.59868,0.59998
2022-09-14,0.59998,0.60252,0.59766,0.60044
2022-09-15,0.60044,0.60262,0.5964,0.59664
2022-09-16,0.59664,0.59944,0.59403,0.5992
2022-09-19,0.5992,0.60021,0.59294,0.59594
2022-09-20,0.59594,0.59756,0.58854,0.58951
2022-09-21,0.58951,0.59109,0.58424,0.58523
2022-09-22,0.58523,0.58878,0.58042,0.5845
2022-09-23,0.5845,0.58564,0.57316,0.57444
2022-09-26,0.57444,0.57549,0.56252,0.56336
2022-09-27,0.56336,0.5722,0.56248,0.56334
2022-09-28,0.56334,0.57333,0.55652,0.5728
2022-09-29,0.5728,0.57342,0.5648,0.57254
2022-09-30,0.57254,0.57509,0.55912,0.5598
2022-10-03,0.5598,0.57311,0.5598,0.57212
2022-10-04,0.57212,0.57586,0.56805,0.573
2022-10-05,0.573,0.58057,0.56605,0.57374
2022-10-06,0.57374,0.58138,0.564,0.56583
2022-10-07,0.56583,0.56737,0.55978,0.5607
2022-10-10,0.5607,0.56294,0.55448,0.55662
2022-10-11,0.55662,0.56572,0.55359,0.55824
2022-10-12,0.55824,0.56326,0.55602,0.56102
2022-10-13,0.56102,0.56549,0.55118,0.56404
2022-10-14,0.56404,0.56816,0.55504,0.55585
2022-10-17,0.55585,0.56494,0.55515,0.56362
2022-10-18,0.56362,0.57196,0.56134,0.56857
2022-10-19,0.56857,0.57076,0.56499,0.567
2022-10-20,0.567,0.5742,0.56228,0.56786
2022-10-21,0.56786,0.57708,0.55998,0.57605
2022-10-24,0.57605,0.57926,0.5657,0.5694
2022-10-25,0.5694,0.57798,0.56726,0.5756
2022-10-26,0.5756,0.58452,0.57255,0.58382
2022-10-27,0.58382,0.58704,0.5788,0.58282
2022-10-28,0.58282,0.58734,0.57829,0.58142
2022-10-31,0.58142,0.58353,0.57748,0.58135
2022-11-01,0.58135,0.59028,0.58092,0.58414
2022-11-02,0.58414,0.59421,0.58132,0.58175
2022-11-03,0.58175,0.58388,0.57406,0.57718
2022-11-04,0.57718,0.59366,0.57569,0.59294
2022-11-07,0.59294,0.59457,0.58659,0.59407
2022-11-08,0.59407,0.6,0.5899,0.59595
2022-11-09,0.59595,0.59694,0.5873,0.5885
2022-11-10,0.5885,0.60406,0.58407,0.60276
2022-11-11,0.60276,0.61298,0.59844,0.61195
2022-11-14,0.61195,0.61218,0.60616,0.60959
2022-11-15,0.60959,0.62037,0.60854,0.61562
2022-11-16,0.61562,0.61942,0.61289,0.61501
2022-11-17,0.61501,0.61684,0.60643,0.61288
2022-11-18,0.61288,0.62064,0.61134,0.61534
2022-11-21,0.61534,0.61695,0.60876,0.61007
2022-11-22,0.61007,0.6163,0.60954,0.61531
2022-11-23,0.61531,0.62499,0.61209,0.62466
2022-11-24,0.62466,0.62893,0.62357,0.62654
2022-11-25,0.62654,0.62776,0.62189,0.62494
2022-11-28,0.62494,0.62494,0.6156,0.61654
2022-11-29,0.61654,0.62536,0.61606,0.62016
2022-11-30,0.62016,0.63132,0.61896,0.6295
2022-12-01,0.6295,0.63998,0.62884,0.63716
2022-12-02,0.63716,0.6418,0.63281,0.6411
2022-12-05,0.6411,0.64428,0.63025,0.6318
2022-12-06,0.6318,0.63548,0.63034,0.63174
2022-12-07,0.63174,0.63844,0.631,0.63546
2022-12-08,0.63546,0.63891,0.63267,0.63786
2022-12-09,0.63786,0.64273,0.63584,0.64118
2022-12-12,0.64118,0.64218,0.63654,0.63824
2022-12-13,0.63824,0.65138,0.63736,0.64645
2022-12-14,0.64645,0.64705,0.64016,0.6458
2022-12-15,0.6458,0.64661,0.63194,0.63416
2022-12-16,0.63416,0.63956,0.63346,0.63788
2022-12-19,0.63788,0.64096,0.63429,0.63644
2022-12-20,0.63644,0.63963,0.63006,0.63464
2022-12-21,0.63464,0.6351,0.62774,0.62966
2022-12-22,0.62966,0.63304,0.62308,0.6249
2022-12-23,0.6249,0.63046,0.62338,0.62842
2022-12-26,0.62842,0.62977,0.62741,0.62864
2022-12-27,0.62864,0.63179,0.62625,0.6275
2022-12-28,0.6275,0.63552,0.62579,0.63103
2022-12-29,0.63103,0.63577,0.62984,0.63478
2022-12-30,0.63478,0.63727,0.63105,0.6351
2023-01-02,0.6351,0.63549,0.62636,0.63275
2023-01-03,0.63275,0.63621,0.62002,0.62502
2023-01-04,0.62502,0.63528,0.62397,0.62946
2023-01-05,0.62946,0.6309,0.6211,0.62273
2023-01-06,0.62273,0.636,0.61914,0.63464
2023-01-09,0.63464,0.64116,0.63345,0.63699
2023-01-10,0.63699,0.63895,0.63425,0.63698
2023-01-11,0.63698,0.63884,0.63348,0.63662
2023-01-12,0.63662,0.64178,0.63134,0.63938
2023-01-13,0.63938,0.64156,0.63351,0.63838
2023-01-16,0.63838,0.64266,0.63615,0.63816
2023-01-17,0.63816,0.64379,0.63667,0.64289
2023-01-18,0.64289,0.65303,0.64233,0.64444
2023-01-19,0.64444,0.6449,0.63653,0.63936
2023-01-20,0.63936,0.6477,0.63917,0.64726
2023-01-23,0.64726,0.64996,0.64378,0.64899
2023-01-24,0.64899,0.65261,0.64637,0.65054
2023-01-25,0.65054,0.65074,0.64496,0.64791
2023-01-26,0.64791,0.65146,0.64572,0.64903
2023-01-27,0.64903,0.6512,0.64616,0.64924
2023-01-30,0.64924,0.65083,0.64622,0.64685
2023-01-31,0.64685,0.64794,0.64131,0.64393
2023-02-01,0.64393,0.65064,0.6417,0.65059
2023-02-02,0.65059,0.65382,0.6463,0.6474
2023-02-03,0.6474,0.64837,0.63232,0.63266
2023-02-06,0.63266,0.63348,0.62704,0.63056
2023-02-07,0.63056,0.63592,0.62729,0.63258
2023-02-08,0.63258,0.63484,0.62968,0.63061
2023-02-09,0.63061,0.63895,0.6303,0.6327
2023-02-10,0.6327,0.63462,0.62986,0.63096
2023-02-13,0.63096,0.63659,0.62894,0.63598
2023-02-14,0.63598,0.63902,0.62967,0.6336
2023-02-15,0.6336,0.6338,0.62527,0.62816
2023-02-16,0.62816,0.63094,0.62326,0.62571
2023-02-17,0.62571,0.62634,0.61941,0.62427
2023-02-20,0.62427,0.62625,0.62218,0.62525
2023-02-21,0.62525,0.62617,0.6203,0.62134
2023-02-22,0.62134,0.62517,0.6206,0.62193
2023-02-23,0.62193,0.62511,0.62031,0.62272
2023-02-24,0.62272,0.62442,0.61514,0.61643
2023-02-27,0.61643,0.618,0.61311,0.61668
2023-02-28,0.61668,0.6208,0.6133,0.6185
2023-03-01,0.6185,0.62759,0.6166,0.62567
2023-03-02,0.62567,0.62572,0.61988,0.62192
2023-03-03,0.62192,0.62416,0.61926,0.6223
2023-03-06,0.6223,0.62256,0.61726,0.61966
2023-03-07,0.61966,0.62222,0.61034,0.61068
2023-03-08,0.61068,0.6138,0.60844,0.6107
2023-03-09,0.6107,0.61513,0.60964,0.61003
2023-03-10,0.61003,0.6177,0.60922,0.6135
2023-03-13,0.6135,0.62644,0.61337,0.622
2023-03-14,0.622,0.62479,0.61904,0.62364
2023-03-15,0.62364,0.62648,0.61728,0.6188
2023-03-16,0.6188,0.61966,0.61402,0.61952
2023-03-17,0.61952,0.62772,0.61828,0.62674
2023-03-20,0.62674,0.62851,0.62292,0.62457
2023-03-21,0.62457,0.62544,0.61674,0.61942
2023-03-22,0.61942,0.6283,0.61717,0.62204
2023-03-23,0.62204,0.62946,0.62194,0.62494
2023-03-24,0.62494,0.62536,0.6192,0.62015
2023-03-27,0.62015,0.62119,0.6181,0.61964
2023-03-28,0.61964,0.6255,0.61957,0.62532
2023-03-29,0.62532,0.6271,0.62149,0.62251
2023-03-30,0.62251,0.62664,0.62033,0.62636
2023-03-31,0.62636,0.62976,0.62374,0.62552
2023-04-03,0.62552,0.63,0.62078,0.62967
2023-04-04,0.62967,0.63152,0.62738,0.63114
2023-04-05,0.63114,0.63809,0.62852,0.63185
2023-04-06,0.63185,0.63246,0.62394,0.62446
2023-04-07,0.62446,0.62703,0.62096,0.6253
2023-04-10,0.6253,0.62566,0.61938,0.62198
2023-04-11,0.62198,0.62339,0.61842,0.61926
2023-04-12,0.61926,0.62422,0.61822,0.62152
2023-04-13,0.62152,0.6315,0.62034,0.62972
2023-04-14,0.62972,0.63149,0.61954,0.62091
2023-04-17,0.62091,0.62108,0.61614,0.61812
2023-04-18,0.61812,0.62246,0.61797,0.62084
2023-04-19,0.62084,0.62258,0.61726,0.61994
2023-04-20,0.61994,0.62061,0.61494,0.61772
2023-04-21,0.61772,0.61802,0.61265,0.61386
2023-04-24,0.61386,0.61684,0.61254,0.6167
2023-04-25,0.6167,0.61876,0.61345,0.61372
2023-04-26,0.61372,0.61488,0.61119,0.61161
2023-04-27,0.61161,0.61616,0.61146,0.61488
2023-04-28,0.61488,0.61874,0.61241,0.61819
2023-05-01,0.61819,0.61997,0.61614,0.61674
2023-05-02,0.61674,0.62182,0.61631,0.62073
2023-05-03,0.62073,0.62611,0.62058,0.62298
2023-05-04,0.62298,0.62985,0.62072,0.6281
2023-05-05,0.6281,0.6316,0.62633,0.62948
2023-05-08,0.62948,0.63594,0.62915,0.63452
2023-05-09,0.63452,0.6349,0.63184,0.63356
2023-05-10,0.63356,0.63812,0.63242,0.63665
2023-05-11,0.63665,0.63847,0.62892,0.62985
2023-05-12,0.62985,0.63044,0.61824,0.61902
2023-05-15,0.61902,0.6243,0.6187,0.62386
2023-05-16,0.62386,0.62598,0.62234,0.62311
2023-05-17,0.62311,0.62732,0.62266,0.6248
2023-05-18,0.6248,0.62694,0.6204,0.62256
2023-05-19,0.62256,0.63058,0.62248,0.62746
2023-05-22,0.62746,0.62922,0.6262,0.62874
2023-05-23,0.62874,0.63027,0.62342,0.62479
2023-05-24,0.62479,0.62568,0.6094,0.61126
2023-05-25,0.61126,0.61152,0.6044,0.60626
2023-05-26,0.60626,0.60966,0.60332,0.60474
2023-05-29,0.60474,0.60709,0.60446,0.6055
2023-05-30,0.6055,0.60666,0.60252,0.60436
2023-05-31,0.60436,0.60496,0.59852,0.60214
2023-06-01,0.60214,0.60772,0.59906,0.60711
2023-06-02,0.60711,0.61112,0.60558,0.60591
2023-06-05,0.60591,0.60854,0.60414,0.60694
2023-06-06,0.60694,0.61002,0.60458,0.60784
2023-06-07,0.60784,0.6097,0.60311,0.60373
2023-06-08,0.60373,0.60992,0.6032,0.6095
2023-06-09,0.6095,0.6139,0.60849,0.61298
2023-06-12,0.61298,0.61526,0.61057,0.6123
2023-06-13,0.6123,0.6178,0.61066,0.61498
2023-06-14,0.61498,0.62361,0.61425,0.62064
2023-06-15,0.62064,0.62429,0.61553,0.62347
2023-06-16,0.62347,0.62477,0.62102,0.62394
2023-06-19,0.62394,0.62394,0.61916,0.62002
2023-06-20,0.62002,0.62058,0.61342,0.61676
2023-06-21,0.61676,0.62179,0.6156,0.62028
2023-06-22,0.62028,0.6223,0.61738,0.61776
2023-06-23,0.61776,0.61908,0.61172,0.6144
2023-06-26,0.6144,0.61772,0.61378,0.61634
2023-06-27,0.61634,0.62006,0.61562,0.61623
2023-06-28,0.61623,0.61666,0.60692,0.60738
2023-06-29,0.60738,0.61021,0.60505,0.60704
2023-06-30,0.60704,0.61419,0.60594,0.61384
2023-07-03,0.61384,0.61706,0.61267,0.6152
2023-07-04,0.6152,0.62128,0.61413,0.61912
2023-07-05,0.61912,0.62072,0.61755,0.61782
2023-07-06,0.61782,0.62196,0.61326,0.6157
2023-07-07,0.6157,0.62198,0.61538,0.62106
2023-07-10,0.62106,0.62182,0.61666,0.62104
2023-07-11,0.62104,0.62247,0.6167,0.61979
2023-07-12,0.61979,0.63075,0.61826,0.62977
2023-07-13,0.62977,0.63954,0.6264,0.63935
2023-07-14,0.63935,0.64119,0.63354,0.63706
2023-07-17,0.63706,0.63706,0.63084,0.63248
2023-07-18,0.63248,0.63442,0.626,0.6272
2023-07-19,0.6272,0.63157,0.62251,0.62632
2023-07-20,0.62632,0.63081,0.62132,0.62342
2023-07-21,0.62342,0.62414,0.61644,0.61674
2023-07-24,0.61674,0.62156,0.61564,0.62036
2023-07-25,0.62036,0.62302,0.619,0.62212
2023-07-26,0.62212,0.62346,0.61826,0.62106
2023-07-27,0.62106,0.62737,0.61747,0.61826
2023-07-28,0.61826,0.61932,0.6121,0.6156
2023-07-31,0.6156,0.62258,0.61522,0.62085
2023-08-01,0.62085,0.62172,0.61312,0.61498
2023-08-02,0.61498,0.61696,0.60684,0.60802
2023-08-03,0.60802,0.60978,0.60606,0.60779
2023-08-04,0.60779,0.61333,0.60699,0.60982
2023-08-07,0.60982,0.61173,0.6085,0.61064
2023-08-08,0.61064,0.61102,0.60346,0.60657
2023-08-09,0.60657,0.60948,0.60448,0.60528
2023-08-10,0.60528,0.61186,0.60204,0.60214
2023-08-11,0.60214,0.6036,0.59749,0.59847
2023-08-14,0.59847,0.59923,0.5944,0.59754
2023-08-15,0.59754,0.5997,0.59488,0.595
2023-08-16,0.595,0.59934,0.59268,0.5938
2023-08-17,0.5938,0.5964,0.59034,0.59245
2023-08-18,0.59245,0.59472,0.59094,0.59224
2023-08-21,0.59224,0.59374,0.58966,0.5927
2023-08-22,0.5927,0.59721,0.59218,0.59462
2023-08-23,0.59462,0.59854,0.59272,0.59788
2023-08-24,0.59788,0.59823,0.59162,0.59234
2023-08-25,0.59234,0.5943,0.58862,0.59027
2023-08-28,0.59027,0.59261,0.58954,0.59107
2023-08-29,0.59107,0.59777,0.58876,0.597
2023-08-30,0.597,0.60069,0.59398,0.59567
2023-08-31,0.59567,0.59774,0.59306,0.59664
2023-09-01,0.59664,0.60152,0.59346,0.5946
2023-09-04,0.5946,0.59612,0.59318,0.59393
2023-09-05,0.59393,0.59436,0.58592,0.58828
2023-09-06,0.58828,0.5904,0.58599,0.58736
2023-09-07,0.58736,0.58944,0.58624,0.5876
2023-09-08,0.5876,0.5918,0.58736,0.58847
2023-09-11,0.58847,0.59352,0.58845,0.59196
2023-09-12,0.59196,0.59224,0.58892,0.5904
2023-09-13,0.5904,0.5927,0.58805,0.59184
2023-09-14,0.59184,0.59451,0.59016,0.5912
2023-09-15,0.5912,0.59376,0.58929,0.5899
2023-09-18,0.5899,0.59213,0.58946,0.59167
2023-09-19,0.59167,0.59478,0.59055,0.59366
2023-09-20,0.59366,0.59855,0.59208,0.59284
2023-09-21,0.59284,0.59516,0.58959,0.59312
2023-09-22,0.59312,0.59889,0.59193,0.59604
2023-09-25,0.59604,0.59743,0.59431,0.59674
2023-09-26,0.59674,0.59736,0.59362,0.59449
2023-09-27,0.59449,0.59569,0.58998,0.59231
2023-09-28,0.59231,0.59735,0.59142,0.59623
2023-09-29,0.59623,0.60489,0.59603,0.59977
2023-10-02,0.59977,0.60082,0.59432,0.59471
2023-10-03,0.59471,0.5955,0.58877,0.59088
2023-10-04,0.59088,0.59252,0.5871,0.59126
2023-10-05,0.59126,0.59679,0.59093,0.59658
2023-10-06,0.59658,0.60039,0.59234,0.599
2023-10-09,0.599,0.60281,0.59606,0.60235
2023-10-10,0.60235,0.60488,0.59988,0.60464
2023-10-11,0.60464,0.60556,0.6007,0.60203
2023-10-12,0.60203,0.60257,0.59253,0.59258
2023-10-13,0.59258,0.59343,0.58838,0.58856
2023-10-16,0.58856,0.59296,0.58856,0.59274
2023-10-17,0.59274,0.59291,0.58712,0.5897
2023-10-18,0.5897,0.59199,0.58512,0.58562
2023-10-19,0.58562,0.58669,0.58157,0.58488
2023-10-20,0.58488,0.5851,0.5817,0.58282
2023-10-23,0.58282,0.5858,0.58076,0.58458
2023-10-24,0.58458,0.58728,0.5829,0.58446
2023-10-25,0.58446,0.58701,0.58009,0.58024
2023-10-26,0.58024,0.58296,0.57736,0.58206
2023-10-27,0.58206,0.58442,0.58054,0.58098
2023-10-30,0.58098,0.58451,0.58045,0.58442
2023-10-31,0.58442,0.58574,0.58038,0.58246
2023-11-01,0.58246,0.58586,0.57891,0.58458
2023-11-02,0.58458,0.59172,0.58458,0.58986
2023-11-03,0.58986,0.60008,0.58846,0.5998
2023-11-06,0.5998,0.6002,0.59597,0.5964
2023-11-07,0.5964,0.59678,0.59111,0.59352
2023-11-08,0.59352,0.59423,0.59062,0.59118
2023-11-09,0.59118,0.5955,0.58932,0.58936
2023-11-10,0.58936,0.59048,0.58786,0.58908
2023-11-13,0.58908,0.58988,0.58702,0.58774
2023-11-14,0.58774,0.60134,0.5859,0.60085
2023-11-15,0.60085,0.60548,0.59976,0.60233
2023-11-16,0.60233,0.60299,0.59638,0.59709
2023-11-17,0.59709,0.59974,0.59406,0.59912
2023-11-20,0.59912,0.60433,0.59848,0.60368
2023-11-21,0.60368,0.60862,0.60243,0.60487
2023-11-22,0.60487,0.60644,0.59964,0.60218
2023-11-23,0.60218,0.60665,0.6018,0.60491
2023-11-24,0.60491,0.6091,0.60444,0.60866
2023-11-27,0.60866,0.61075,0.6061,0.60982
2023-11-28,0.60982,0.61472,0.60802,0.61374
2023-11-29,0.61374,0.62085,0.61328,0.6156
2023-11-30,0.6156,0.61824,0.61208,0.61546
2023-12-01,0.61546,0.62104,0.61512,0.621
2023-12-04,0.621,0.62225,0.61512,0.61644
2023-12-05,0.61644,0.61742,0.61257,0.61293
2023-12-06,0.61293,0.6177,0.61287,0.61384
2023-12-07,0.61384,0.61936,0.61132,0.61696
2023-12-08,0.61696,0.61759,0.61038,0.61216
2023-12-11,0.61216,0.61341,0.6105,0.61225
2023-12-12,0.61225,0.61698,0.61052,0.61334
2023-12-13,0.61334,0.62138,0.60844,0.61743
2023-12-14,0.61743,0.62498,0.61681,0.62051
2023-12-15,0.62051,0.62296,0.61779,0.62088
2023-12-18,0.62088,0.62512,0.61941,0.6212
2023-12-19,0.6212,0.6273,0.62059,0.62712
2023-12-20,0.62712,0.62987,0.62468,0.62478
2023-12-21,0.62478,0.62963,0.62389,0.6295
2023-12-22,0.6295,0.63182,0.62758,0.62966
2023-12-25,0.62966,0.63054,0.62877,0.63054
2023-12-26,0.63054,0.63323,0.62918,0.63269
2023-12-27,0.63269,0.63488,0.63162,0.63414
2023-12-28,0.63414,0.63696,0.63243,0.63322
2023-12-29,0.63322,0.6359,0.63048,0.6319
2024-01-01,0.6319,0.63273,0.63189,0.63273
2024-01-02,0.63273,0.6329,0.6249,0.62508
2024-01-03,0.62508,0.62762,0.6219,0.62464
2024-01-04,0.62464,0.62856,0.62214,0.62346
2024-01-05,0.62346,0.62779,0.6181,0.62444
2024-01-08,0.62444,0.62612,0.62126,0.62504
2024-01-09,0.62504,0.6267,0.62262,0.62396
2024-01-10,0.62396,0.62545,0.62158,0.6228
2024-01-11,0.6228,0.62608,0.61956,0.62335
2024-01-12,0.62335,0.6278,0.62286,0.62404
2024-01-15,0.62404,0.62421,0.61834,0.62006
2024-01-16,0.62006,0.62067,0.61265,0.6138
2024-01-17,0.6138,0.61518,0.60884,0.6116
2024-01-18,0.6116,0.61361,0.60948,0.6116
2024-01-19,0.6116,0.61267,0.60898,0.61156
2024-01-22,0.61156,0.6139,0.60719,0.60762
2024-01-23,0.60762,0.61173,0.6062,0.61026
2024-01-24,0.61026,0.6149,0.6089,0.61117
2024-01-25,0.61117,0.61326,0.61001,0.61112
2024-01-26,0.61112,0.61213,0.60903,0.60918
2024-01-29,0.60918,0.61438,0.60864,0.61322
2024-01-30,0.61322,0.61494,0.61054,0.61362
2024-01-31,0.61362,0.61738,0.61016,0.61179
2024-02-01,0.61179,0.61448,0.608,0.6144
2024-02-02,0.6144,0.61606,0.60589,0.60644
2024-02-05,0.60644,0.6082,0.60384,0.60545
2024-02-06,0.60545,0.60998,0.60467,0.60972
2024-02-07,0.60972,0.6125,0.60924,0.61126
2024-02-08,0.61126,0.61237,0.60789,0.60969
2024-02-09,0.60969,0.61586,0.60935,0.61492
2024-02-12,0.61492,0.6152,0.61204,0.61298
2024-02-13,0.61298,0.61314,0.60498,0.60608
2024-02-14,0.60608,0.60918,0.60512,0.60857
2024-02-15,0.60857,0.61274,0.60801,0.6106
2024-02-16,0.6106,0.61358,0.60861,0.61248
2024-02-19,0.61248,0.61524,0.61226,0.61499
2024-02-20,0.61499,0.61911,0.61294,0.61644
2024-02-21,0.61644,0.61978,0.61596,0.618
2024-02-22,0.618,0.62181,0.61764,0.61947
2024-02-23,0.61947,0.62112,0.61806,0.61973
2024-02-26,0.61973,0.6199,0.61626,0.6173
2024-02-27,0.6173,0.6178,0.61515,0.61708
2024-02-28,0.61708,0.6178,0.6082,0.60984
2024-02-29,0.60984,0.61121,0.6077,0.60868
2024-03-01,0.60868,0.61122,0.60787,0.61069
2024-03-04,0.61069,0.61115,0.60882,0.60946
2024-03-05,0.60946,0.61102,0.60711,0.60868
2024-03-06,0.60868,0.61443,0.60689,0.61294
2024-03-07,0.61294,0.61763,0.61258,0.61741
2024-03-08,0.61741,0.6217,0.61614,0.6176
2024-03-11,0.6176,0.61826,0.61604,0.617
2024-03-12,0.617,0.61848,0.61355,0.61504
2024-03-13,0.61504,0.61702,0.61452,0.6157
2024-03-14,0.6157,0.61752,0.61218,0.61306
2024-03-15,0.61306,0.6133,0.6081,0.60838
2024-03-18,0.60838,0.61004,0.60775,0.60855
2024-03-19,0.60855,0.60888,0.6034,0.60519
2024-03-20,0.60519,0.60854,0.60246,0.6081
2024-03-21,0.6081,0.6107,0.60384,0.6044
2024-03-22,0.6044,0.60522,0.59894,0.59928
2024-03-25,0.59928,0.6013,0.5986,0.60035
2024-03-26,0.60035,0.60311,0.59962,0.60044
2024-03-27,0.60044,0.60108,0.59881,0.60044
2024-03-28,0.60044,0.60058,0.59566,0.59726
2024-03-29,0.59726,0.5989,0.59674,0.59798
2024-04-01,0.59798,0.5993,0.59396,0.59534
2024-04-02,0.59534,0.59734,0.59434,0.59718
2024-04-03,0.59718,0.60112,0.59526,0.60091
2024-04-04,0.60091,0.60467,0.60065,0.60258
2024-04-05,0.60258,0.60313,0.59857,0.60134
2024-04-08,0.60134,0.60386,0.59998,0.60322
2024-04-09,0.60322,0.60769,0.60312,0.60598
2024-04-10,0.60598,0.6083,0.5966,0.59748
2024-04-11,0.59748,0.60149,0.59694,0.59969
2024-04-12,0.59969,0.60105,0.5934,0.59366
2024-04-15,0.59366,0.59536,0.58986,0.59034
2024-04-16,0.59034,0.59074,0.58684,0.58807
2024-04-17,0.58807,0.59254,0.58604,0.59168
2024-04-18,0.59168,0.59332,0.5899,0.59024
2024-04-19,0.59024,0.59066,0.58524,0.58882
2024-04-22,0.58882,0.59285,0.58865,0.59198
2024-04-23,0.59198,0.59484,0.59024,0.59324
2024-04-24,0.59324,0.59522,0.59206,0.5936
2024-04-25,0.5936,0.5969,0.592,0.59486
2024-04-26,0.59486,0.59697,0.59291,0.59397
2024-04-29,0.59397,0.59848,0.59397,0.59777
2024-04-30,0.59777,0.59816,0.58862,0.5887
2024-05-01,0.5887,0.59401,0.58746,0.59298
2024-05-02,0.59298,0.5968,0.59143,0.59618
2024-05-03,0.59618,0.60488,0.59559,0.60101
2024-05-06,0.60101,0.6032,0.59954,0.60106
2024-05-07,0.60106,0.6025,0.59952,0.60023
2024-05-08,0.60023,0.6005,0.5981,0.60044
2024-05-09,0.60044,0.60354,0.59926,0.60346
2024-05-10,0.60346,0.604,0.60088,0.60196
2024-05-13,0.60196,0.60311,0.60004,0.60172
2024-05-14,0.60172,0.60427,0.5995,0.60414
2024-05-15,0.60414,0.61246,0.60364,0.61221
2024-05-16,0.61221,0.61404,0.60954,0.6122
2024-05-17,0.6122,0.61396,0.61011,0.6134
2024-05-20,0.6134,0.61377,0.60966,0.6106
2024-05-21,0.6106,0.61106,0.60874,0.60916
2024-05-22,0.60916,0.61526,0.60828,0.60966
2024-05-23,0.60966,0.61338,0.60922,0.60994
2024-05-24,0.60994,0.61267,0.60875,0.61211
2024-05-27,0.61211,0.61538,0.61175,0.61498
2024-05-28,0.61498,0.61704,0.61376,0.6141
2024-05-29,0.6141,0.61482,0.61116,0.61153
2024-05-30,0.61153,0.61314,0.60888,0.61149
2024-05-31,0.61149,0.61658,0.6113,0.61436
2024-06-03,0.61436,0.61932,0.61336,0.61926
2024-06-04,0.61926,0.61982,0.61556,0.61769
2024-06-05,0.61769,0.61984,0.61706,0.61926
2024-06-06,0.61926,0.62155,0.61738,0.62002
2024-06-07,0.62002,0.62036,0.6102,0.6103
2024-06-10,0.6103,0.61287,0.60994,0.61287
2024-06-11,0.61287,0.61501,0.61178,0.6144
2024-06-12,0.6144,0.6222,0.61346,0.61855
2024-06-13,0.61855,0.6199,0.61601,0.61684
2024-06-14,0.61684,0.61708,0.6116,0.61416
2024-06-17,0.61416,0.61416,0.61048,0.6131
2024-06-18,0.61268,0.61484,0.6097,0.61441
2024-06-19,0.61436,0.61459,0.61282,0.61316
2024-06-20,0.61304,0.6148,0.61116,0.61198
2024-06-21,0.61196,0.61346,0.61092,0.6118
2024-06-24,0.61176,0.61404,0.61048,0.61249
2024-06-25,0.61244,0.61306,0.61078,0.61214
2024-06-26,0.612,0.61284,0.60741,0.60824
2024-06-27,0.60817,0.61088,0.60687,0.60826
2024-06-28,0.60872,0.61051,0.60576,0.60916
2024-07-01,0.6099,0.61076,0.60651,0.60756
2024-07-02,0.60756,0.60828,0.60476,0.60782
2024-07-03,0.60772,0.6129,0.60697,0.61034
2024-07-04,0.61043,0.61228,0.61012,0.61166
2024-07-05,0.61182,0.6149,0.6106,0.61454
2024-07-08,0.61374,0.61537,0.61234,0.61253
2024-07-09,0.61246,0.61328,0.61122,0.61252
2024-07-10,0.61271,0.6132,0.6065,0.60818
2024-07-11,0.60832,0.61348,0.60791,0.60954
2024-07-12,0.60987,0.61261,0.60764,0.61188
2024-07-15,0.61085,0.61127,0.6073,0.60752
2024-07-16,0.60763,0.6079,0.60364,0.60496
2024-07-17,0.60498,0.60976,0.60336,0.60823
2024-07-18,0.6079,0.60838,0.60436,0.60448
2024-07-19,0.60493,0.60499,0.60056,0.60089
2024-07-22,0.60178,0.6028,0.59718,0.59788
2024-07-23,0.59795,0.59816,0.59506,0.5956
2024-07-24,0.59585,0.59602,0.59137,0.59302
2024-07-25,0.5932,0.5936,0.58812,0.58873
2024-07-26,0.58901,0.59056,0.5883,0.58874
2024-07-29,0.58907,0.59006,0.58578,0.5876
2024-07-30,0.58726,0.59057,0.58678,0.59032
2024-07-31,0.58998,0.59618,0.58882,0.59511
2024-08-01,0.59513,0.59833,0.59378,0.59498
2024-08-02,0.59468,0.59848,0.59306,0.59566
2024-08-05,0.59584,0.59716,0.58498,0.59388
2024-08-06,0.59366,0.59804,0.59132,0.59534
2024-08-07,0.59533,0.60254,0.59475,0.59948
2024-08-08,0.59951,0.60142,0.59772,0.60136
2024-08-09,0.60097,0.60348,0.59944,0.59992
2024-08-12,0.59976,0.60328,0.59894,0.60178
2024-08-13,0.60188,0.60817,0.60174,0.60774
2024-08-14,0.60719,0.6084,0.59948,0.5997
2024-08-15,0.59995,0.60148,0.59746,0.59844
2024-08-16,0.59862,0.60556,0.59786,0.6054
2024-08-19,0.60475,0.6117,0.60464,0.61144
2024-08-20,0.61105,0.61573,0.61098,0.6154
2024-08-21,0.61546,0.61782,0.61324,0.61573
2024-08-22,0.61591,0.61699,0.61279,0.61404
2024-08-23,0.61372,0.62365,0.61356,0.62335
2024-08-26,0.6226,0.6233,0.61974,0.62048
2024-08-27,0.62032,0.62548,0.61942,0.62529
2024-08-28,0.6252,0.62533,0.62242,0.6245
2024-08-29,0.62436,0.62992,0.62412,0.62582
2024-08-30,0.62602,0.62742,0.623,0.62496
2024-09-02,0.62434,0.62534,0.6221,0.62318
2024-09-03,0.62356,0.6236,0.618,0.61871
2024-09-04,0.61886,0.62168,0.61691,0.61994
2024-09-05,0.6194,0.62264,0.61782,0.62241
2024-09-06,0.6221,0.62544,0.61561,0.61744
2024-09-09,0.61754,0.61861,0.61244,0.61453
2024-09-10,0.61404,0.61652,0.6132,0.61494
2024-09-11,0.61507,0.61572,0.61065,0.61368
2024-09-12,0.61335,0.61847,0.61282,0.61836
2024-09-13,0.61766,0.61941,0.61528,0.61574
2024-09-16,0.616,0.6202,0.61544,0.62017
2024-09-17,0.61996,0.6211,0.61756,0.6184
2024-09-18,0.61846,0.62678,0.61822,0.62082
2024-09-19,0.62033,0.62688,0.61811,0.6239
2024-09-20,0.62392,0.62602,0.621,0.62375
2024-09-23,0.62333,0.62802,0.62252,0.62661
2024-09-24,0.62654,0.63428,0.62592,0.63394
2024-09-25,0.63382,0.63556,0.62598,0.62624
2024-09-26,0.6269,0.63322,0.62526,0.63277
2024-09-27,0.63275,0.63673,0.6296,0.6341
2024-09-30,0.63366,0.6379,0.63356,0.63496
2024-10-01,0.63468,0.6349,0.62646,0.62809
2024-10-02,0.62854,0.63135,0.62581,0.62626
2024-10-03,0.62655,0.62685,0.62102,0.62124
2024-10-04,0.62128,0.62196,0.61456,0.61586
2024-10-07,0.616,0.61734,0.61124,0.6125
2024-10-08,0.61228,0.61451,0.61074,0.61382
2024-10-09,0.61414,0.61434,0.60528,0.6064
2024-10-10,0.60628,0.60986,0.60532,0.60931
2024-10-11,0.60916,0.61198,0.6084,0.61094
2024-10-14,0.60956,0.61053,0.607,0.60961
2024-10-15,0.60931,0.6106,0.60736,0.6084
2024-10-16,0.60836,0.60937,0.60396,0.60568
2024-10-17,0.60552,0.60758,0.60446,0.60596
2024-10-18,0.60596,0.608,0.60534,0.6072
2024-10-21,0.60734,0.60843,0.60283,0.60308
2024-10-22,0.603,0.60613,0.60212,0.60439
2024-10-23,0.60465,0.6053,0.59913,0.60048
2024-10-24,0.60053,0.60322,0.59988,0.60155
2024-10-25,0.60152,0.60184,0.59742,0.59774
2024-10-28,0.59797,0.59978,0.59578,0.59802
2024-10-29,0.59814,0.59898,0.59535,0.59734
2024-10-30,0.59729,0.60018,0.59506,0.59736
2024-10-31,0.59732,0.59834,0.59398,0.59764
2024-11-01,0.59782,0.59992,0.59586,0.59624
2024-11-04,0.60022,0.60156,0.59708,0.59726
2024-11-05,0.59818,0.60156,0.59668,0.60068
2024-11-06,0.60084,0.6021,0.5912,0.59393
2024-11-07,0.59404,0.6038,0.5931,0.60256
2024-11-08,0.60265,0.60273,0.59474,0.59681
2024-11-11,0.59552,0.59778,0.59518,0.59639
2024-11-12,0.59604,0.59728,0.59096,0.59263
2024-11-13,0.59274,0.59475,0.58761,0.58797
2024-11-14,0.58812,0.58851,0.58393,0.58496
2024-11-15,0.58532,0.58812,0.58402,0.58667
2024-11-18,0.58681,0.58982,0.58364,0.5893
2024-11-19,0.58896,0.59136,0.58743,0.59127
2024-11-20,0.59096,0.59221,0.58638,0.58768
2024-11-21,0.5876,0.58862,0.58498,0.58594
2024-11-22,0.58586,0.58608,0.58166,0.58358
2024-11-25,0.58543,0.58694,0.58356,0.58455
2024-11-26,0.58478,0.58658,0.57972,0.58344
2024-11-27,0.58336,0.59084,0.58273,0.58948
2024-11-28,0.58933,0.59052,0.58805,0.5889
2024-11-29,0.58914,0.59291,0.58858,0.59234
2024-12-02,0.59126,0.59176,0.5864,0.58883
2024-12-03,0.58842,0.59049,0.58646,0.5881
2024-12-04,0.58795,0.58846,0.58291,0.58502
2024-12-05,0.58502,0.5888,0.58481,0.58864
2024-12-06,0.58862,0.58892,0.58214,0.5829
2024-12-09,0.58379,0.58882,0.58044,0.58648
2024-12-10,0.58639,0.58674,0.57916,0.57996
2024-12-11,0.58029,0.58086,0.57614,0.57847
2024-12-12,0.57865,0.58176,0.57624,0.57686
2024-12-13,0.57698,0.57785,0.57537,0.57613
2024-12-16,0.57612,0.57866,0.57596,0.57822
2024-12-17,0.57814,0.57931,0.575,0.57536
2024-12-18,0.57558,0.57589,0.56202,0.56222
2024-12-19,0.56238,0.56622,0.5608,0.56307
2024-12-20,0.56301,0.56726,0.5613,0.56545
2024-12-23,0.56496,0.56612,0.5632,0.56484
2024-12-24,0.56488,0.56605,0.56339,0.56452
2024-12-26,0.56479,0.566,0.56212,0.56237
2024-12-27,0.56291,0.56434,0.56139,0.56324
2024-12-30,0.56313,0.56646,0.56282,0.56394
2024-12-31,0.56381,0.56466,0.55879,0.55938
2025-01-02,0.55936,0.56248,0.5587,0.55952
2025-01-03,0.5592,0.5616,0.5591,0.56134
2025-01-06,0.5616,0.56848,0.56096,0.56426
2025-01-07,0.56449,0.56928,0.56324,0.56344
2025-01-08,0.56347,0.56418,0.55896,0.56094
2025-01-09,0.56108,0.56109,0.5572,0.55994
2025-01-10,0.55974,0.5603,0.55428,0.55561
2025-01-13,0.55586,0.5584,0.55415,0.55838
2025-01-14,0.55837,0.56313,0.5582,0.56044
2025-01-15,0.56038,0.56549,0.55964,0.56166
2025-01-16,0.56166,0.56332,0.55822,0.56072
2025-01-17,0.56064,0.56154,0.55634,0.55824
2025-01-20,0.55927,0.56846,0.55793,0.56718
2025-01-21,0.56737,0.56893,0.56168,0.56793
2025-01-22,0.56776,0.56878,0.56492,0.56652
2025-01-23,0.56628,0.56856,0.56466,0.56749
2025-01-24,0.56778,0.57236,0.56714,0.57101
2025-01-27,0.57005,0.57054,0.56768,0.56934
2025-01-28,0.56906,0.56916,0.56482,0.56664
2025-01-29,0.56674,0.56684,0.56343,0.56584
2025-01-30,0.56554,0.56679,0.56228,0.56347
2025-01-31,0.56336,0.56841,0.56238,0.56378
2025-02-03,0.55884,0.56413,0.55164,0.56275
2025-02-04,0.56259,0.56549,0.55819,0.5652
2025-02-05,0.56502,0.57025,0.56459,0.56875
2025-02-06,0.56738,0.56912,0.56518,0.5675
2025-02-07,0.5679,0.56955,0.56406,0.56596
2025-02-10,0.56382,0.56642,0.5638,0.5641
2025-02-11,0.56448,0.56612,0.5629,0.56545
2025-02-12,0.56554,0.56718,0.56005,0.56412
2025-02-13,0.56412,0.56796,0.5623,0.56778
2025-02-14,0.56709,0.57382,0.567,0.57308
2025-02-17,0.57202,0.57504,0.57184,0.57362
2025-02-18,0.5737,0.5738,0.5694,0.57041
2025-02-19,0.57044,0.5732,0.56777,0.57049
2025-02-20,0.57084,0.57674,0.56936,0.57626
2025-02-21,0.57625,0.57728,0.57351,0.57415
2025-02-24,0.57435,0.57702,0.57294,0.5733
2025-02-25,0.57312,0.57386,0.57063,0.57256
2025-02-26,0.57219,0.57328,0.56884,0.56955
2025-02-27,0.56966,0.57014,0.56294,0.56316
2025-02-28,0.56336,0.56351,0.55853,0.55984
2025-03-03,0.5602,0.5641,0.55934,0.56167
2025-03-04,0.56114,0.56658,0.55956,0.56645
2025-03-05,0.56617,0.57318,0.56376,0.57264
2025-03-06,0.5726,0.57597,0.572,0.57354
2025-03-07,0.57338,0.57414,0.56924,0.57094
2025-03-10,0.57191,0.57426,0.56905,0.56987
2025-03-11,0.56993,0.57268,0.56776,0.57164
2025-03-12,0.5717,0.57396,0.56978,0.57296
2025-03-13,0.57306,0.5742,0.56825,0.56966
2025-03-14,0.56986,0.57556,0.56933,0.57474
2025-03-17,0.57457,0.58261,0.5745,0.58206
2025-03-18,0.5813,0.58314,0.57982,0.582
2025-03-19,0.58198,0.58207,0.57756,0.58156
2025-03-20,0.5815,0.58272,0.5723,0.57582
2025-03-21,0.57564,0.57677,0.57248,0.57326
2025-03-24,0.57391,0.57497,0.57103,0.57283
2025-03-25,0.5725,0.57504,0.57112,0.57331
2025-03-26,0.57354,0.57627,0.57142,0.57284
2025-03-27,0.57291,0.57556,0.57118,0.574
2025-03-28,0.57374,0.5741,0.57112,0.57164
2025-03-31,0.57178,0.57226,0.56486,0.56784
2025-04-01,0.56776,0.57048,0.56628,0.57004
2025-04-02,0.5705,0.57792,0.56965,0.57455
2025-04-03,0.57488,0.58533,0.56818,0.57943
2025-04-04,0.57972,0.57988,0.55515,0.5595
2025-04-07,0.55751,0.56456,0.55066,0.55405
2025-04-08,0.5539,0.56264,0.55207,0.55337
2025-04-09,0.55338,0.56682,0.54851,0.56442
2025-04-10,0.56475,0.57656,0.56282,0.57395
2025-04-11,0.57371,0.58402,0.57359,0.58255
2025-04-14,0.58203,0.58917,0.58198,0.58771
2025-04-15,0.58724,0.59286,0.58612,0.59049