time,open,high,low,close
2002-05-06,1.5849,1.5849,1.5849,1.5849
2002-05-07,1.5849,1.58845,1.5849,1.58845
2002-05-08,1.58845,1.60955,1.58845,1.60955
2002-05-09,1.60955,1.60955,1.59785,1.59785
2002-05-10,1.59785,1.59785,1.5912,1.5912
2002-05-13,1.5912,1.596,1.5912,1.596
2002-05-14,1.596,1.6145,1.596,1.6145
2002-05-15,1.6145,1.6145,1.595,1.595
2002-05-16,1.595,1.5974,1.595,1.5974
2002-05-17,1.5974,1.5974,1.5803,1.5803
2002-05-20,1.5811,1.5811,1.5774,1.5774
2002-05-21,1.5774,1.5774,1.5773,1.5773
2002-05-22,1.5773,1.5773,1.5693,1.5693
2002-05-23,1.5693,1.5782,1.5693,1.5782
2002-05-27,1.5826,1.5826,1.58245,1.58245
2002-05-28,1.58245,1.58245,1.5739,1.5739
2002-05-29,1.5739,1.5739,1.5685,1.5685
2002-05-30,1.5685,1.5685,1.56225,1.56225
2002-05-31,1.56225,1.568,1.56225,1.568
2002-06-03,1.5697,1.5697,1.56035,1.56035
2002-06-04,1.56035,1.5652,1.56035,1.5652
2002-06-05,1.5652,1.5652,1.5651,1.5651
2002-06-06,1.5651,1.5651,1.5558,1.5558
2002-06-07,1.5558,1.5578,1.5558,1.5578
2002-06-10,1.5584,1.55885,1.5584,1.55885
2002-06-11,1.55885,1.55885,1.55535,1.55535
2002-06-12,1.55535,1.56605,1.55535,1.56605
2002-06-13,1.56605,1.56605,1.56305,1.56305
2002-06-14,1.56305,1.56305,1.5608,1.5608
2002-06-17,1.5609,1.56265,1.5609,1.56265
2002-06-18,1.56265,1.56265,1.55015,1.55015
2002-06-19,1.55015,1.55015,1.53615,1.53615
2002-06-20,1.53615,1.53615,1.52385,1.52385
2002-06-21,1.52385,1.52385,1.5106,1.5106
2002-06-24,1.5108,1.51215,1.5108,1.51215
2002-06-25,1.51215,1.51215,1.4986,1.4986
2002-06-26,1.4986,1.4986,1.49705,1.49705
2002-06-27,1.49705,1.49705,1.48755,1.48755
2002-06-28,1.48755,1.48755,1.4807,1.4807
2002-07-01,1.4814,1.4831,1.4814,1.4831
2002-07-02,1.4831,1.4868,1.4831,1.4868
2002-07-03,1.4868,1.4931,1.4868,1.4931
2002-07-04,1.4931,1.49495,1.4931,1.49495
2002-07-05,1.49495,1.5077,1.49495,1.5077
2002-07-08,1.5059,1.5059,1.48375,1.48375
2002-07-09,1.48375,1.48375,1.4821,1.4821
2002-07-10,1.4821,1.4872,1.4821,1.4872
2002-07-11,1.4872,1.4872,1.48275,1.48275
2002-07-12,1.48275,1.48275,1.4824,1.4824
2002-07-15,1.4833,1.4833,1.4619,1.4619
2002-07-16,1.4619,1.4619,1.4494,1.4494
2002-07-17,1.4494,1.4552,1.4494,1.4552
2002-07-18,1.4552,1.4552,1.4484,1.4484
2002-07-19,1.4484,1.4484,1.4423,1.4423
2002-07-22,1.4419,1.4419,1.4417,1.4417
2002-07-23,1.4417,1.46925,1.4417,1.46925
2002-07-24,1.46925,1.46925,1.45845,1.45845
2002-07-25,1.45845,1.45845,1.43935,1.43935
2002-07-26,1.43935,1.4658,1.43935,1.4658
2002-07-29,1.46635,1.4866,1.46635,1.4866
2002-07-30,1.4866,1.4866,1.4819,1.4819
2002-07-31,1.4819,1.4855,1.4819,1.4855
2002-08-01,1.4855,1.4855,1.4719,1.4719
2002-08-02,1.4719,1.4719,1.4702,1.4702
2002-08-05,1.4695,1.48295,1.4695,1.48295
2002-08-06,1.48295,1.5092,1.48295,1.5092
2002-08-07,1.5092,1.5092,1.49585,1.49585
2002-08-08,1.49585,1.5128,1.49585,1.5128
2002-08-09,1.5128,1.5128,1.5031,1.5031
2002-08-12,1.5031,1.5031,1.49365,1.49365
2002-08-13,1.49365,1.49365,1.4857,1.4857
2002-08-14,1.4857,1.4922,1.4857,1.4922
2002-08-15,1.4922,1.4922,1.4898,1.4898
2002-08-16,1.4898,1.4898,1.4886,1.4886
2002-08-19,1.4898,1.50345,1.4898,1.50345
2002-08-20,1.50345,1.50345,1.49975,1.49975
2002-08-21,1.49975,1.49975,1.4975,1.4975
2002-08-22,1.4975,1.51945,1.4975,1.51945
2002-08-23,1.51945,1.51945,1.5131,1.5131
2002-08-26,1.5124,1.51425,1.5124,1.51425
2002-08-27,1.51425,1.51425,1.49245,1.49245
2002-08-28,1.49245,1.50165,1.49245,1.50165
2002-08-29,1.50165,1.50165,1.49435,1.49435
2002-08-30,1.49435,1.4973,1.49435,1.4973
2002-09-02,1.4979,1.4979,1.49585,1.49585
2002-09-03,1.49585,1.49585,1.47085,1.47085
2002-09-04,1.47085,1.4744,1.47085,1.4744
2002-09-05,1.4744,1.4744,1.4731,1.4731
2002-09-09,1.4848,1.48915,1.4848,1.48915
2002-09-10,1.48915,1.49655,1.48915,1.49655
2002-09-12,1.49655,1.49655,1.496,1.496
2002-09-13,1.496,1.5109,1.496,1.5109
2002-09-16,1.5114,1.5155,1.5114,1.5155
2002-09-17,1.5155,1.5155,1.5082,1.5082
2002-09-18,1.5082,1.5082,1.50085,1.50085
2002-09-19,1.50085,1.50085,1.4819,1.4819
2002-09-20,1.4819,1.4913,1.4819,1.4913
2002-09-23,1.4924,1.4972,1.4924,1.4972
2002-09-24,1.4972,1.4972,1.4908,1.4908
2002-09-25,1.4908,1.4998,1.4908,1.4998
2002-09-26,1.4998,1.5027,1.4998,1.5027
2002-09-27,1.5027,1.5027,1.4943,1.4943
2002-09-30,1.4932,1.4932,1.4747,1.4747
2002-10-01,1.4747,1.4882,1.4747,1.4882
2002-10-02,1.4882,1.4882,1.4782,1.4782
2002-10-03,1.4782,1.4783,1.4782,1.4783
2002-10-04,1.4783,1.4928,1.4783,1.4928
2002-10-07,1.4919,1.4919,1.48775,1.48775
2002-10-08,1.48775,1.4981,1.48775,1.4981
2002-10-09,1.4981,1.4981,1.4791,1.4791
2002-10-10,1.4791,1.4842,1.4791,1.4842
2002-10-11,1.4842,1.4842,1.4823,1.4823
2002-10-14,1.4815,1.4815,1.48125,1.48125
2002-10-15,1.48125,1.4943,1.48125,1.4943
2002-10-16,1.4943,1.4945,1.4943,1.4945
2002-10-17,1.4945,1.5119,1.4945,1.5119
2002-10-18,1.5119,1.5119,1.5118,1.5118
2002-10-21,1.5117,1.5117,1.5111,1.5111
2002-10-22,1.5111,1.5111,1.5021,1.5021
2002-10-23,1.5021,1.5033,1.5021,1.5033
2002-10-24,1.5033,1.5033,1.5005,1.5005
2002-10-25,1.5005,1.5032,1.5005,1.5032
2002-10-28,1.5027,1.5027,1.48855,1.48855
2002-10-29,1.48855,1.48995,1.48855,1.48995
2002-10-30,1.48995,1.48995,1.488,1.488
2002-10-31,1.488,1.488,1.478,1.478
2002-11-01,1.478,1.478,1.4668,1.4668
2002-11-04,1.4675,1.4675,1.46615,1.46615
2002-11-05,1.46615,1.46615,1.46255,1.46255
2002-11-06,1.46255,1.46255,1.45865,1.45865
2002-11-07,1.45865,1.45865,1.4497,1.4497
2002-11-08,1.4497,1.4497,1.4432,1.4432
2002-11-11,1.4437,1.448,1.4437,1.448
2002-11-12,1.448,1.448,1.444,1.444
2002-11-13,1.444,1.4567,1.444,1.4567
2002-11-14,1.4567,1.4606,1.4567,1.4606
2002-11-15,1.4606,1.4606,1.4521,1.4521
2002-11-18,1.4526,1.4556,1.4526,1.4556
2002-11-19,1.4556,1.4638,1.4556,1.4638
2002-11-20,1.4638,1.4666,1.4638,1.4666
2002-11-21,1.4666,1.4678,1.4666,1.4678
2002-11-22,1.4678,1.4765,1.4678,1.4765
2002-11-25,1.4771,1.4866,1.4771,1.4866
2002-11-26,1.4866,1.4866,1.4833,1.4833
2002-11-27,1.4833,1.4893,1.4833,1.4893
2002-11-28,1.4893,1.4893,1.48385,1.48385
2002-11-29,1.48385,1.48385,1.483,1.483
2002-12-02,1.4833,1.4833,1.4774,1.4774
2002-12-03,1.4774,1.4774,1.4762,1.4762
2002-12-04,1.4762,1.4762,1.472,1.472
2002-12-05,1.472,1.472,1.4704,1.4704
2002-12-06,1.4704,1.4704,1.4573,1.4573
2002-12-09,1.4554,1.4573,1.4554,1.4573
2002-12-10,1.4573,1.4612,1.4573,1.4612
2002-12-11,1.4612,1.4617,1.4612,1.4617
2002-12-12,1.4617,1.4617,1.4503,1.4503
2002-12-13,1.4503,1.4503,1.4444,1.4444
2002-12-16,1.4426,1.4426,1.4424,1.4424
2002-12-17,1.4424,1.4424,1.4264,1.4264
2002-12-18,1.4264,1.4264,1.4257,1.4257
2002-12-19,1.4257,1.4257,1.4229,1.4229
2002-12-20,1.4229,1.4243,1.4229,1.4243
2002-12-23,1.4233,1.4233,1.41895,1.41895
2002-12-24,1.41895,1.41895,1.4092,1.4092
2002-12-25,1.4092,1.4092,1.4071,1.4071
2002-12-26,1.4071,1.4071,1.4016,1.4016
2002-12-27,1.4016,1.4016,1.3904,1.3904
2002-12-30,1.392,1.3925,1.392,1.3925
2003-01-01,1.3925,1.3925,1.3839,1.3839
2003-01-02,1.3839,1.40235,1.3839,1.40235
2003-01-03,1.40235,1.40235,1.3989,1.3989
2003-01-06,1.3976,1.3976,1.392,1.392
2003-01-07,1.392,1.3997,1.392,1.3997
2003-01-08,1.3997,1.3997,1.38865,1.38865
2003-01-09,1.38865,1.3915,1.38865,1.3915
2003-01-10,1.3915,1.3915,1.3799,1.3799
2003-01-13,1.3801,1.3859,1.3801,1.3859
2003-01-14,1.3859,1.3865,1.3859,1.3865
2003-01-15,1.3865,1.3865,1.3852,1.3852
2003-01-16,1.3852,1.3852,1.3747,1.3747
2003-01-17,1.3747,1.3747,1.3687,1.3687
2003-01-20,1.3708,1.3708,1.3679,1.3679
2003-01-21,1.3679,1.3679,1.3633,1.3633
2003-01-22,1.3633,1.3637,1.3633,1.3637
2003-01-23,1.3637,1.3637,1.3627,1.3627
2003-01-24,1.3627,1.3627,1.3532,1.3532
2003-01-27,1.3528,1.3528,1.3524,1.3524
2003-01-28,1.3524,1.3578,1.3524,1.3578
2003-01-29,1.3578,1.3578,1.3565,1.3565
2003-01-30,1.3565,1.3573,1.3565,1.3573
2003-01-31,1.3573,1.3642,1.3573,1.3642
2003-02-03,1.3612,1.3613,1.3612,1.3613
2003-02-04,1.3613,1.3613,1.3469,1.3469
2003-02-05,1.3469,1.35905,1.3469,1.35905
2003-02-06,1.35905,1.35905,1.354,1.354
2003-02-07,1.354,1.3547,1.354,1.3547
2003-02-10,1.3568,1.3659,1.3568,1.3659
2003-02-11,1.3659,1.3674,1.3659,1.3674
2003-02-12,1.3674,1.3704,1.3674,1.3704
2003-02-13,1.3704,1.3704,1.355,1.355
2003-02-14,1.355,1.3622,1.355,1.3622
2003-02-17,1.3663,1.371,1.3663,1.371
2003-02-18,1.371,1.3762,1.371,1.3762
2003-02-19,1.3762,1.3762,1.3681,1.3681
2003-02-20,1.3681,1.3681,1.3573,1.3573
2003-02-21,1.3573,1.3655,1.3573,1.3655
2003-02-24,1.3696,1.3696,1.3555,1.3555
2003-02-25,1.3555,1.357,1.3555,1.357
2003-02-26,1.357,1.357,1.3555,1.3555
2003-02-27,1.3555,1.3597,1.3555,1.3597
2003-02-28,1.3597,1.3597,1.3527,1.3527
2003-03-03,1.3551,1.3551,1.3377,1.3377
2003-03-04,1.3377,1.3395,1.3377,1.3395
2003-03-05,1.3395,1.3395,1.3312,1.3312
2003-03-06,1.3312,1.3339,1.3312,1.3339
2003-03-07,1.3339,1.3358,1.3339,1.3358
2003-03-10,1.3355,1.3355,1.325,1.325
2003-03-11,1.325,1.3292,1.325,1.3292
2003-03-12,1.3292,1.3348,1.3292,1.3348
2003-03-13,1.3348,1.3582,1.3348,1.3582
2003-03-14,1.3582,1.3666,1.3582,1.3666
2003-03-17,1.3628,1.3794,1.3628,1.3794
2003-03-18,1.3794,1.3829,1.3794,1.3829
2003-03-19,1.3829,1.3938,1.3829,1.3938
2003-03-20,1.3938,1.3938,1.38715,1.38715
2003-03-21,1.38715,1.4029,1.38715,1.4029
2003-03-24,1.3925,1.3925,1.3856,1.3856
2003-03-25,1.3856,1.3856,1.3825,1.3825
2003-03-26,1.3825,1.3825,1.3819,1.3819
2003-03-27,1.3819,1.3819,1.3819,1.3819
2003-03-28,1.3819,1.3819,1.3699,1.3699
2003-03-31,1.36765,1.36765,1.3504,1.3504
2003-04-01,1.3504,1.3541,1.3504,1.3541
2003-04-02,1.3541,1.3793,1.3541,1.3793
2003-04-03,1.3793,1.3793,1.379,1.379
2003-04-04,1.379,1.3856,1.379,1.3856
2003-04-07,1.3931,1.3931,1.3881,1.3881
2003-04-08,1.3881,1.3881,1.3875,1.3875
2003-04-09,1.3875,1.3875,1.38,1.38
2003-04-10,1.38,1.38715,1.38,1.38715
2003-04-11,1.38715,1.3929,1.38715,1.3929
2003-04-14,1.3941,1.3941,1.3898,1.3898
2003-04-15,1.3898,1.3925,1.3898,1.3925
2003-04-16,1.3925,1.3925,1.3707,1.3707
2003-04-17,1.3707,1.3818,1.3707,1.3818
2003-04-18,1.3818,1.3818,1.38165,1.38165
2003-04-21,1.38015,1.38775,1.38015,1.38775
2003-04-22,1.38775,1.38775,1.3714,1.3714
2003-04-23,1.3714,1.3733,1.3714,1.3733
2003-04-24,1.3733,1.3733,1.36135,1.36135
2003-04-25,1.36135,1.3618,1.36135,1.3618
2003-04-28,1.36055,1.3715,1.36055,1.3715
2003-04-29,1.3715,1.3715,1.36135,1.36135
2003-04-30,1.36135,1.36135,1.35555,1.35555
2003-05-01,1.35555,1.35555,1.34385,1.34385
2003-05-02,1.34385,1.3439,1.34385,1.3439
2003-05-05,1.3445,1.3445,1.34215,1.34215
2003-05-06,1.34215,1.34215,1.3252,1.3252
2003-05-07,1.3252,1.3252,1.3245,1.3245
2003-05-08,1.3245,1.3245,1.313,1.313
2003-05-09,1.313,1.3141,1.313,1.3141
2003-05-12,1.3102,1.3113,1.3102,1.3113
2003-05-13,1.3113,1.3135,1.3113,1.3135
2003-05-14,1.3135,1.3168,1.3135,1.3168
2003-05-15,1.3168,1.3249,1.3168,1.3249
2003-05-16,1.3249,1.3249,1.3074,1.3074
2003-05-19,1.29655,1.2973,1.29655,1.2973
2003-05-20,1.2973,1.2973,1.2917,1.2917
2003-05-21,1.2917,1.3003,1.2917,1.3003
2003-05-22,1.3003,1.3003,1.2944,1.2944
2003-05-23,1.2944,1.2944,1.2886,1.2886
2003-05-26,1.29065,1.29065,1.2873,1.2873
2003-05-27,1.2873,1.2877,1.2873,1.2877
2003-05-28,1.2877,1.29605,1.2877,1.29605
2003-05-29,1.29605,1.29605,1.28355,1.28355
2003-05-30,1.28355,1.2979,1.28355,1.2979
2003-06-02,1.30515,1.30515,1.3005,1.3005
2003-06-03,1.3005,1.3107,1.3005,1.3107
2003-06-04,1.3107,1.3186,1.3107,1.3186
2003-06-05,1.3186,1.3186,1.301,1.301
2003-06-06,1.301,1.3198,1.301,1.3198
2003-06-09,1.32015,1.32015,1.316,1.316
2003-06-10,1.316,1.3173,1.316,1.3173
2003-06-11,1.3173,1.3173,1.30835,1.30835
2003-06-12,1.30835,1.3096,1.30835,1.3096
2003-06-13,1.3096,1.3096,1.298,1.298
2003-06-16,1.29725,1.3052,1.29725,1.3052
2003-06-17,1.3052,1.30945,1.3052,1.30945
2003-06-18,1.30945,1.3223,1.30945,1.3223
2003-06-19,1.3223,1.3223,1.3137,1.3137
2003-06-20,1.3137,1.3284,1.3137,1.3284
2003-06-23,1.33205,1.33205,1.32375,1.32375
2003-06-24,1.32375,1.3285,1.32375,1.3285
2003-06-25,1.3285,1.3285,1.3274,1.3274
2003-06-26,1.3274,1.35135,1.3274,1.35135
2003-06-27,1.35135,1.35135,1.35,1.35
2003-06-30,1.35005,1.3513,1.35005,1.3513
2003-07-01,1.3513,1.3513,1.34315,1.34315
2003-07-02,1.34315,1.34405,1.34315,1.34405
2003-07-03,1.34405,1.349,1.34405,1.349
2003-07-04,1.349,1.349,1.3489,1.3489
2003-07-07,1.3489,1.37315,1.3489,1.37315
2003-07-08,1.37315,1.37315,1.3688,1.3688
2003-07-09,1.3688,1.3688,1.36025,1.36025
2003-07-10,1.36025,1.36105,1.36025,1.36105
2003-07-11,1.36105,1.3755,1.36105,1.3755
2003-07-14,1.37625,1.37625,1.3749,1.3749
2003-07-15,1.3749,1.3856,1.3749,1.3856
2003-07-16,1.3856,1.3856,1.37545,1.37545
2003-07-17,1.37545,1.37545,1.37055,1.37055
2003-07-18,1.37055,1.37055,1.3622,1.3622
2003-07-21,1.3618,1.3618,1.35335,1.35335
2003-07-22,1.35335,1.3619,1.35335,1.3619
2003-07-23,1.3619,1.3619,1.3461,1.3461
2003-07-24,1.3461,1.3461,1.34545,1.34545
2003-07-25,1.34545,1.34545,1.3443,1.3443
2003-07-28,1.34725,1.34725,1.3461,1.3461
2003-07-29,1.3461,1.3522,1.3461,1.3522
2003-07-30,1.3522,1.3659,1.3522,1.3659
2003-07-31,1.3659,1.37095,1.3659,1.37095
2003-08-01,1.37095,1.37095,1.3648,1.3648
2003-08-04,1.3635,1.3635,1.3466,1.3466
2003-08-05,1.3466,1.3478,1.3466,1.3478
2003-08-06,1.3478,1.35355,1.3478,1.35355
2003-08-07,1.35355,1.35355,1.35045,1.35045
2003-08-08,1.35045,1.3595,1.35045,1.3595
2003-08-11,1.3603,1.3603,1.35835,1.35835
2003-08-12,1.35835,1.3683,1.35835,1.3683
2003-08-13,1.3683,1.3683,1.36605,1.36605
2003-08-14,1.36605,1.3708,1.36605,1.3708
2003-08-15,1.3708,1.3709,1.3708,1.3709
2003-08-18,1.3717,1.3889,1.3717,1.3889
2003-08-19,1.3889,1.3889,1.3885,1.3885
2003-08-20,1.3885,1.3885,1.3877,1.3877
2003-08-21,1.3877,1.4131,1.3877,1.4131
2003-08-22,1.4131,1.4175,1.4131,1.4175
2003-08-25,1.4205,1.4205,1.41525,1.41525
2003-08-26,1.41525,1.41525,1.41255,1.41255
2003-08-27,1.41255,1.4132,1.41255,1.4132
2003-08-28,1.4132,1.4143,1.4132,1.4143
2003-08-29,1.4143,1.4143,1.4002,1.4002
2003-09-01,1.4,1.40055,1.4,1.40055
2003-09-02,1.40055,1.41885,1.40055,1.41885
2003-09-03,1.41885,1.41885,1.41495,1.41495
2003-09-04,1.41495,1.41495,1.40465,1.40465
2003-09-05,1.40465,1.40465,1.3826,1.3826
2003-09-08,1.3833,1.391,1.3833,1.391
2003-09-09,1.391,1.391,1.3786,1.3786
2003-09-10,1.3786,1.3838,1.3786,1.3838
2003-09-11,1.3838,1.3838,1.3836,1.3836
2003-09-12,1.3836,1.3836,1.3791,1.3791
2003-09-15,1.3804,1.3804,1.3803,1.3803
2003-09-16,1.3803,1.3897,1.3803,1.3897
2003-09-17,1.3897,1.3897,1.3795,1.3795
2003-09-18,1.3795,1.385,1.3795,1.385
2003-09-19,1.385,1.385,1.3681,1.3681
2003-09-22,1.3606,1.3606,1.3547,1.3547
2003-09-23,1.3547,1.359,1.3547,1.359
2003-09-24,1.359,1.359,1.35,1.35
2003-09-25,1.35,1.35,1.3436,1.3436
2003-09-26,1.3436,1.345,1.3436,1.345
2003-09-29,1.3455,1.3455,1.3252,1.3252
2003-09-30,1.3252,1.3252,1.3192,1.3192
2003-10-01,1.3192,1.3192,1.3135,1.3135
2003-10-02,1.3135,1.3172,1.3135,1.3172
2003-10-03,1.3172,1.337,1.3172,1.337
2003-10-06,1.3373,1.3373,1.3205,1.3205
2003-10-07,1.3205,1.3205,1.3166,1.3166
2003-10-08,1.3166,1.3166,1.3126,1.3126
2003-10-09,1.3126,1.3172,1.3126,1.3172
2003-10-10,1.3172,1.3172,1.3132,1.3132
2003-10-13,1.3119,1.3229,1.3119,1.3229
2003-10-14,1.3229,1.3229,1.3175,1.3175
2003-10-15,1.3175,1.3306,1.3175,1.3306
2003-10-16,1.3306,1.3358,1.3306,1.3358
2003-10-17,1.3358,1.3358,1.3281,1.3281
2003-10-20,1.326,1.3327,1.326,1.3327
2003-10-21,1.3327,1.3327,1.3307,1.3307
2003-10-22,1.3307,1.3307,1.3137,1.3137
2003-10-23,1.3137,1.3137,1.3132,1.3132
2003-10-24,1.3132,1.3132,1.3131,1.3131
2003-10-27,1.3149,1.3178,1.3149,1.3178
2003-10-28,1.3178,1.3314,1.3178,1.3314
2003-10-29,1.3314,1.3314,1.3303,1.3303
2003-10-30,1.3303,1.3328,1.3303,1.3328
2003-10-31,1.3328,1.3407,1.3328,1.3407
2003-11-03,1.3394,1.3616,1.3394,1.3616
2003-11-04,1.3616,1.3619,1.3616,1.3619
2003-11-05,1.3619,1.3692,1.3619,1.3692
2003-11-06,1.3692,1.3777,1.3692,1.3777
2003-11-07,1.3777,1.3777,1.3619,1.3619
2003-11-10,1.3641,1.3688,1.3641,1.3688
2003-11-11,1.3688,1.3688,1.3628,1.3628
2003-11-12,1.3628,1.3628,1.351,1.351
2003-11-13,1.351,1.351,1.3379,1.3379
2003-11-14,1.3379,1.3379,1.3269,1.3269
2003-11-17,1.3268,1.3268,1.3237,1.3237
2003-11-18,1.3237,1.3237,1.2946,1.2946
2003-11-19,1.2946,1.3073,1.2946,1.3073
2003-11-20,1.3073,1.3073,1.29935,1.29935
2003-11-21,1.29935,1.29935,1.298,1.298
2003-11-24,1.2983,1.321,1.2983,1.321
2003-11-25,1.321,1.321,1.3186,1.3186
2003-11-26,1.3186,1.3186,1.2927,1.2927
2003-11-27,1.2927,1.3004,1.2927,1.3004
2003-11-28,1.3004,1.3004,1.2912,1.2912
2003-12-01,1.2926,1.2976,1.2926,1.2976
2003-12-02,1.2976,1.2976,1.2888,1.2888
2003-12-03,1.2888,1.2888,1.2868,1.2868
2003-12-04,1.2868,1.2897,1.2868,1.2897
2003-12-05,1.2897,1.2897,1.2747,1.2747
2003-12-08,1.2753,1.2753,1.2668,1.2668
2003-12-09,1.2668,1.2668,1.2626,1.2626
2003-12-10,1.2626,1.2673,1.2626,1.2673
2003-12-11,1.2673,1.2694,1.2673,1.2694
2003-12-12,1.2694,1.2694,1.2616,1.2616
2003-12-15,1.27735,1.27735,1.26095,1.26095
2003-12-16,1.26095,1.26095,1.25995,1.25995
2003-12-17,1.25995,1.25995,1.25415,1.25415
2003-12-18,1.25415,1.25415,1.24845,1.24845
2003-12-19,1.24845,1.2557,1.24845,1.2557
2003-12-22,1.2527,1.2571,1.2527,1.2571
2003-12-23,1.2571,1.2591,1.2571,1.2591
2003-12-24,1.2591,1.2591,1.2475,1.2475
2003-12-25,1.2475,1.2475,1.2474,1.2474
2003-12-26,1.2474,1.2541,1.2474,1.2541
2003-12-29,1.2517,1.2517,1.24985,1.24985
2003-12-30,1.24985,1.24985,1.2424,1.2424
2003-12-31,1.2424,1.2424,1.24045,1.24045
2004-01-01,1.24045,1.2438,1.24045,1.2438
2004-01-02,1.2438,1.2438,1.2383,1.2383
2004-01-05,1.2395,1.2395,1.23465,1.23465
2004-01-06,1.23465,1.23465,1.23095,1.23095
2004-01-07,1.23095,1.23975,1.23095,1.23975
2004-01-08,1.23975,1.23975,1.22665,1.22665
2004-01-09,1.22665,1.22665,1.2202,1.2202
2004-01-12,1.2209,1.22815,1.2209,1.22815
2004-01-13,1.22815,1.22815,1.22155,1.22155
2004-01-14,1.22155,1.23345,1.22155,1.23345
2004-01-15,1.23345,1.24645,1.23345,1.24645
2004-01-16,1.24645,1.2679,1.24645,1.2679
2004-01-19,1.2658,1.27015,1.2658,1.27015
2004-01-20,1.27015,1.27015,1.24735,1.24735
2004-01-21,1.24735,1.24735,1.24095,1.24095
2004-01-22,1.24095,1.24095,1.23405,1.23405
2004-01-23,1.23405,1.2423,1.23405,1.2423
2004-01-26,1.2426,1.25705,1.2426,1.25705
2004-01-27,1.25705,1.25705,1.24045,1.24045
2004-01-28,1.24045,1.25515,1.24045,1.25515
2004-01-29,1.25515,1.25885,1.25515,1.25885
2004-01-30,1.25885,1.25885,1.2573,1.2573
2004-02-02,1.2566,1.26145,1.2566,1.26145
2004-02-03,1.26145,1.26145,1.25085,1.25085
2004-02-04,1.25085,1.25125,1.25085,1.25125
2004-02-05,1.25125,1.25125,1.25115,1.25115
2004-02-06,1.25115,1.25115,1.2342,1.2342
2004-02-09,1.2412,1.2412,1.23695,1.23695
2004-02-10,1.23695,1.23695,1.23565,1.23565
2004-02-11,1.23565,1.23565,1.22985,1.22985
2004-02-12,1.22985,1.2305,1.22985,1.2305
2004-02-13,1.2305,1.2383,1.2305,1.2383
2004-02-16,1.2366,1.2366,1.23355,1.23355
2004-02-17,1.23355,1.23355,1.22715,1.22715
2004-02-18,1.22715,1.24425,1.22715,1.24425
2004-02-19,1.24425,1.24425,1.2394,1.2394
2004-02-20,1.2394,1.2601,1.2394,1.2601
2004-02-23,1.262,1.262,1.25685,1.25685
2004-02-24,1.25685,1.25685,1.24165,1.24165
2004-02-25,1.24165,1.25975,1.24165,1.25975
2004-02-26,1.25975,1.26775,1.25975,1.26775
2004-02-27,1.26775,1.26775,1.2621,1.2621
2004-03-01,1.2624,1.26845,1.2624,1.26845
2004-03-02,1.26845,1.29535,1.26845,1.29535
2004-03-03,1.29535,1.29535,1.29415,1.29415
2004-03-04,1.29415,1.29415,1.29345,1.29345
2004-03-05,1.29345,1.29345,1.2761,1.2761
2004-03-08,1.2748,1.2748,1.27415,1.27415
2004-03-09,1.27415,1.28245,1.27415,1.28245
2004-03-10,1.28245,1.2871,1.28245,1.2871
2004-03-11,1.2871,1.2871,1.2702,1.2702
2004-03-12,1.2702,1.2834,1.2702,1.2834
2004-03-15,1.2793,1.2793,1.27525,1.27525
2004-03-16,1.27525,1.27825,1.27525,1.27825
2004-03-17,1.27825,1.27825,1.27725,1.27725
2004-03-18,1.27725,1.27725,1.2569,1.2569
2004-03-19,1.2569,1.27,1.2569,1.27
2004-03-22,1.2701,1.2701,1.25845,1.25845
2004-03-23,1.25845,1.25885,1.25845,1.25885
2004-03-24,1.25885,1.27665,1.25885,1.27665
2004-03-25,1.27665,1.27965,1.27665,1.27965
2004-03-26,1.27965,1.2846,1.27965,1.2846
2004-03-29,1.2848,1.2848,1.28415,1.28415
2004-03-30,1.28415,1.28415,1.2816,1.2816
2004-03-31,1.2816,1.2816,1.26525,1.26525
2004-04-01,1.26525,1.26525,1.26345,1.26345
2004-04-02,1.26345,1.29,1.26345,1.29
2004-04-05,1.2913,1.30395,1.2913,1.30395
2004-04-06,1.30395,1.30395,1.28945,1.28945
2004-04-07,1.28945,1.28945,1.27695,1.27695
2004-04-08,1.27695,1.28205,1.27695,1.28205
2004-04-09,1.28205,1.28205,1.2819,1.2819
2004-04-12,1.2818,1.28225,1.2818,1.28225
2004-04-13,1.28225,1.29955,1.28225,1.29955
2004-04-14,1.29955,1.29955,1.29805,1.29805
2004-04-15,1.29805,1.29805,1.29515,1.29515
2004-04-16,1.29515,1.29515,1.2949,1.2949
2004-04-19,1.291,1.291,1.2892,1.2892
2004-04-20,1.2892,1.31155,1.2892,1.31155
2004-04-21,1.31155,1.31295,1.31155,1.31295
2004-04-22,1.31295,1.31295,1.30855,1.30855
2004-04-23,1.30855,1.3148,1.30855,1.3148
2004-04-26,1.3176,1.3176,1.30715,1.30715
2004-04-27,1.30715,1.30715,1.29875,1.29875
2004-04-28,1.29875,1.30675,1.29875,1.30675
2004-04-29,1.30675,1.30675,1.29295,1.29295
2004-04-30,1.29295,1.2954,1.29295,1.2954
2004-05-03,1.2951,1.30035,1.2951,1.30035
2004-05-04,1.30035,1.30035,1.28135,1.28135
2004-05-05,1.28135,1.28135,1.27425,1.27425
2004-05-06,1.27425,1.28365,1.27425,1.28365
2004-05-07,1.28365,1.302,1.28365,1.302
2004-05-10,1.3027,1.3027,1.29835,1.29835
2004-05-11,1.29835,1.29835,1.29635,1.29635
2004-05-12,1.29635,1.29635,1.29435,1.29435
2004-05-13,1.29435,1.30195,1.29435,1.30195
2004-05-14,1.30195,1.30195,1.2958,1.2958
2004-05-17,1.2961,1.2961,1.27525,1.27525
2004-05-18,1.27525,1.28325,1.27525,1.28325
2004-05-19,1.28325,1.28325,1.27775,1.27775
2004-05-20,1.27775,1.2852,1.27775,1.2852
2004-05-21,1.2852,1.2852,1.2832,1.2832
2004-05-24,1.2826,1.2826,1.27875,1.27875
2004-05-25,1.27875,1.27875,1.27195,1.27195
2004-05-26,1.27195,1.27195,1.27195,1.27195
2004-05-27,1.27195,1.27195,1.24555,1.24555
2004-05-28,1.24555,1.2522,1.24555,1.2522
2004-05-31,1.249,1.25405,1.249,1.25405
2004-06-01,1.25405,1.25405,1.24635,1.24635
2004-06-02,1.24635,1.25015,1.24635,1.25015
2004-06-03,1.25015,1.25015,1.25005,1.25005
2004-06-04,1.25005,1.25005,1.2395,1.2395
2004-06-07,1.2385,1.2385,1.23705,1.23705
2004-06-08,1.23705,1.23785,1.23705,1.23785
2004-06-09,1.23785,1.25435,1.23785,1.25435
2004-06-10,1.25435,1.25435,1.2455,1.2455
2004-06-11,1.2455,1.2598,1.2455,1.2598
2004-06-14,1.2599,1.2599,1.25625,1.25625
2004-06-15,1.25625,1.25625,1.24955,1.24955
2004-06-16,1.24955,1.26645,1.24955,1.26645
2004-06-17,1.26645,1.26645,1.2524,1.2524
2004-06-18,1.2524,1.2524,1.2448,1.2448
2004-06-21,1.2442,1.24625,1.2442,1.24625
2004-06-22,1.24625,1.24985,1.24625,1.24985
2004-06-23,1.24985,1.25305,1.24985,1.25305
2004-06-24,1.25305,1.25305,1.24475,1.24475
2004-06-25,1.24475,1.2467,1.24475,1.2467
2004-06-28,1.2472,1.24935,1.2472,1.24935
2004-06-29,1.24935,1.2661,1.24935,1.2661
2004-06-30,1.2661,1.2661,1.24855,1.24855
2004-07-01,1.24855,1.24915,1.24855,1.24915
2004-07-02,1.24915,1.24915,1.2333,1.2333
2004-07-05,1.2313,1.2361,1.2313,1.2361
2004-07-06,1.2361,1.23695,1.2361,1.23695
2004-07-07,1.23695,1.23695,1.22675,1.22675
2004-07-08,1.22675,1.22675,1.22565,1.22565
2004-07-09,1.22565,1.22565,1.2229,1.2229
2004-07-12,1.2232,1.22485,1.2232,1.22485
2004-07-13,1.22485,1.23615,1.22485,1.23615
2004-07-14,1.23615,1.23615,1.2295,1.2295
2004-07-15,1.2295,1.2365,1.2295,1.2365
2004-07-16,1.2365,1.2365,1.2252,1.2252
2004-07-19,1.2258,1.22775,1.2258,1.22775
2004-07-20,1.22775,1.24435,1.22775,1.24435
2004-07-21,1.24435,1.24985,1.24435,1.24985
2004-07-22,1.24985,1.24985,1.24855,1.24855
2004-07-23,1.24855,1.2674,1.24855,1.2674
2004-07-26,1.266,1.266,1.26475,1.26475
2004-07-27,1.26475,1.2756,1.26475,1.2756
2004-07-28,1.2756,1.2756,1.27525,1.27525
2004-07-29,1.27525,1.28025,1.27525,1.28025
2004-07-30,1.28025,1.2818,1.28025,1.2818
2004-08-02,1.2759,1.2793,1.2759,1.2793
2004-08-03,1.2793,1.2793,1.278,1.278
2004-08-04,1.278,1.278,1.2763,1.2763
2004-08-05,1.2763,1.2763,1.27575,1.27575
2004-08-06,1.27575,1.27575,1.2507,1.2507
2004-08-09,1.2499,1.2541,1.2499,1.2541
2004-08-10,1.2541,1.262,1.2541,1.262
2004-08-11,1.262,1.262,1.2615,1.2615
2004-08-12,1.2615,1.2615,1.25615,1.25615
2004-08-13,1.25615,1.25615,1.2384,1.2384
2004-08-16,1.2386,1.2405,1.2386,1.2405
2004-08-17,1.2405,1.2435,1.2405,1.2435
2004-08-18,1.2435,1.24435,1.2435,1.24435
2004-08-19,1.24435,1.24435,1.2434,1.2434
2004-08-20,1.2434,1.2504,1.2434,1.2504
2004-08-23,1.2508,1.2697,1.2508,1.2697
2004-08-24,1.2697,1.27265,1.2697,1.27265
2004-08-25,1.27265,1.27335,1.27265,1.27335
2004-08-26,1.27335,1.27335,1.2729,1.2729
2004-08-27,1.2729,1.2822,1.2729,1.2822
2004-08-30,1.2824,1.2824,1.28005,1.28005
2004-08-31,1.28005,1.28005,1.26625,1.26625
2004-09-01,1.26625,1.26625,1.2602,1.2602
2004-09-02,1.2602,1.26135,1.2602,1.26135
2004-09-03,1.26135,1.2713,1.26135,1.2713
2004-09-06,1.2711,1.2711,1.2709,1.2709
2004-09-07,1.2709,1.2709,1.2671,1.2671
2004-09-08,1.2671,1.2671,1.2603,1.2603
2004-09-09,1.2603,1.2618,1.2603,1.2618
2004-09-10,1.2618,1.2618,1.2584,1.2584
2004-09-13,1.2572,1.25865,1.2572,1.25865
2004-09-14,1.25865,1.25865,1.25855,1.25855
2004-09-15,1.25855,1.26985,1.25855,1.26985
2004-09-16,1.26985,1.26985,1.2689,1.2689
2004-09-17,1.2689,1.2689,1.268,1.268
2004-09-20,1.2679,1.27145,1.2679,1.27145
2004-09-21,1.27145,1.27145,1.25355,1.25355
2004-09-22,1.25355,1.25965,1.25355,1.25965
2004-09-23,1.25965,1.26025,1.25965,1.26025
2004-09-24,1.26025,1.2613,1.26025,1.2613
2004-09-27,1.2604,1.26125,1.2604,1.26125
2004-09-28,1.26125,1.26125,1.25895,1.25895
2004-09-29,1.25895,1.25915,1.25895,1.25915
2004-09-30,1.25915,1.25915,1.24615,1.24615
2004-10-01,1.24615,1.2494,1.24615,1.2494
2004-10-04,1.2515,1.26445,1.2515,1.26445
2004-10-05,1.26445,1.26445,1.26205,1.26205
2004-10-06,1.26205,1.26455,1.26205,1.26455
2004-10-07,1.26455,1.26455,1.26445,1.26445
2004-10-08,1.26445,1.26445,1.251,1.251
2004-10-11,1.2489,1.2508,1.2489,1.2508
2004-10-12,1.2508,1.25555,1.2508,1.25555
2004-10-13,1.25555,1.25555,1.25145,1.25145
2004-10-14,1.25145,1.25145,1.24495,1.24495
2004-10-15,1.24495,1.24495,1.2341,1.2341
2004-10-18,1.2332,1.2332,1.23145,1.23145
2004-10-19,1.23145,1.23145,1.22945,1.22945
2004-10-20,1.22945,1.22945,1.22095,1.22095
2004-10-21,1.22095,1.22095,1.21755,1.21755
2004-10-25,1.2088,1.2088,1.19655,1.19655
2004-10-26,1.19655,1.20105,1.19655,1.20105
2004-10-27,1.20105,1.20645,1.20105,1.20645
2004-10-28,1.20645,1.20645,1.2002,1.2002
2004-11-01,1.1933,1.20165,1.1933,1.20165
2004-11-02,1.20165,1.20415,1.20165,1.20415
2004-11-03,1.20415,1.20415,1.19355,1.19355
2004-11-04,1.19355,1.19355,1.18765,1.18765
2004-11-05,1.18765,1.18765,1.1775,1.1775
2004-11-08,1.1766,1.18175,1.1766,1.18175
2004-11-09,1.18175,1.18345,1.18175,1.18345
2004-11-10,1.18345,1.18345,1.1808,1.1808
2004-11-11,1.1808,1.1808,1.17815,1.17815
2004-11-12,1.17815,1.17815,1.1715,1.1715
2004-11-15,1.1707,1.17945,1.1707,1.17945
2004-11-16,1.17945,1.17945,1.17675,1.17675
2004-11-17,1.17675,1.17675,1.16275,1.16275
2004-11-18,1.16275,1.17055,1.16275,1.17055
2004-11-19,1.17055,1.17055,1.1616,1.1616
2004-11-22,1.1604,1.16285,1.1604,1.16285
2004-11-23,1.16285,1.16285,1.15895,1.15895
2004-11-24,1.15895,1.15895,1.1459,1.1459
2004-11-25,1.1459,1.1459,1.1407,1.1407
2004-11-26,1.1407,1.1407,1.1389,1.1389
2004-11-29,1.1405,1.14235,1.1405,1.14235
2004-11-30,1.14235,1.14235,1.13965,1.13965
2004-12-01,1.13965,1.14155,1.13965,1.14155
2004-12-02,1.14155,1.15135,1.14155,1.15135
2004-12-03,1.15135,1.15135,1.1306,1.1306
2004-12-06,1.1319,1.14155,1.1319,1.14155
2004-12-07,1.14155,1.14155,1.14045,1.14045
2004-12-08,1.14045,1.14955,1.14045,1.14955
2004-12-09,1.14955,1.14995,1.14955,1.14995
2004-12-10,1.14995,1.1612,1.14995,1.1612
2004-12-13,1.1617,1.1617,1.15395,1.15395
2004-12-14,1.15395,1.15395,1.1539,1.1539
2004-12-15,1.1539,1.1539,1.14095,1.14095
2004-12-16,1.14095,1.1576,1.14095,1.1576
2004-12-17,1.1576,1.1581,1.1576,1.1581
2004-12-20,1.1547,1.1547,1.14915,1.14915
2004-12-21,1.14915,1.15305,1.14915,1.15305
2004-12-22,1.15305,1.15305,1.15285,1.15285
2004-12-23,1.15285,1.15285,1.144,1.144
2004-12-24,1.144,1.144,1.143,1.143
2004-12-27,1.1427,1.1427,1.1359,1.1359
2004-12-28,1.1359,1.1359,1.1346,1.1346
2004-12-29,1.1346,1.1346,1.13395,1.13395
2004-12-30,1.13395,1.13395,1.1317,1.1317
2004-12-31,1.1317,1.1396,1.1317,1.1396
2005-01-03,1.1405,1.15575,1.13695,1.14815
2005-01-04,1.14815,1.17125,1.1445,1.16745
2005-01-05,1.16745,1.17595,1.16475,1.16845
2005-01-06,1.16845,1.17785,1.16685,1.17495
2005-01-07,1.17495,1.18885,1.16725,1.1846
2005-01-10,1.1842,1.1855,1.17865,1.18265
2005-01-11,1.18265,1.18355,1.17335,1.18355
2005-01-12,1.18355,1.18425,1.16285,1.16845
2005-01-13,1.16845,1.17415,1.16665,1.1714
2005-01-14,1.1714,1.18705,1.1713,1.1798
2005-01-17,1.1806,1.18395,1.17745,1.18335
2005-01-18,1.18335,1.19055,1.18045,1.18575
2005-01-19,1.18575,1.19005,1.17495,1.18585
2005-01-20,1.18585,1.19275,1.18345,1.19005
2005-01-21,1.19005,1.19695,1.18375,1.1857
2005-01-24,1.1859,1.18715,1.17905,1.18325
2005-01-25,1.18325,1.19725,1.18055,1.19295
2005-01-26,1.19295,1.19425,1.18025,1.18395
2005-01-27,1.18395,1.18835,1.17805,1.18395
2005-01-28,1.18395,1.19245,1.18165,1.1866
2005-01-31,1.1877,1.19425,1.18555,1.18885
2005-02-01,1.18885,1.19555,1.18725,1.19085
2005-02-02,1.19085,1.19625,1.18575,1.19315
2005-02-03,1.19315,1.20505,1.19215,1.20205
2005-02-04,1.20205,1.2122,1.19515,1.2113
2005-02-07,1.2121,1.22625,1.21155,1.22445
2005-02-08,1.22445,1.22545,1.21855,1.22185
2005-02-09,1.22185,1.22375,1.21525,1.21685
2005-02-10,1.21685,1.2243,1.20415,1.20845
2005-02-11,1.20845,1.21195,1.20625,1.2108
2005-02-14,1.2095,1.2095,1.19625,1.19795
2005-02-15,1.19795,1.20015,1.18795,1.18975
2005-02-16,1.18975,1.19475,1.18335,1.18755
2005-02-17,1.18755,1.18965,1.18115,1.18395
2005-02-18,1.18395,1.1895,1.1822,1.183
2005-02-21,1.1853,1.18625,1.18075,1.18195
2005-02-22,1.18195,1.18395,1.15775,1.15835
2005-02-23,1.15835,1.16705,1.15725,1.16355
2005-02-24,1.16355,1.17185,1.15955,1.16915
2005-02-25,1.16915,1.17435,1.1614,1.1619
2005-02-28,1.162,1.1638,1.15785,1.16285
2005-03-01,1.16285,1.16865,1.16085,1.16505
2005-03-02,1.16505,1.17775,1.16485,1.17335
2005-03-03,1.17335,1.18255,1.17315,1.18085
2005-03-04,1.18085,1.18395,1.1667,1.1698
2005-03-07,1.1691,1.17795,1.1684,1.17495
2005-03-08,1.17495,1.17585,1.15845,1.16165
2005-03-09,1.16165,1.16485,1.15555,1.15885
2005-03-10,1.15885,1.16085,1.15165,1.15405
2005-03-11,1.15405,1.15705,1.14885,1.1502
2005-03-14,1.1502,1.16395,1.1484,1.15945
2005-03-15,1.15945,1.16725,1.15605,1.1655
2005-03-16,1.1655,1.1666,1.15045,1.15255
2005-03-17,1.15255,1.15975,1.15205,1.15675
2005-03-18,1.15675,1.16875,1.15665,1.1638
2005-03-21,1.1646,1.18085,1.1643,1.17865
2005-03-22,1.17865,1.19205,1.17435,1.18785
2005-03-23,1.18785,1.19895,1.18775,1.19615
2005-03-24,1.19615,1.20185,1.19165,1.20165
2005-03-25,1.20165,1.20305,1.1983,1.1999
2005-03-28,1.1994,1.2085,1.1994,1.2038
2005-03-29,1.2038,1.20555,1.19765,1.20195
2005-03-30,1.20195,1.20205,1.19255,1.20015
2005-03-31,1.20015,1.20045,1.18935,1.19645
2005-04-01,1.19645,1.208,1.18815,1.2026
2005-04-04,1.2044,1.21275,1.20285,1.20975
2005-04-05,1.20975,1.21465,1.20405,1.20505
2005-04-06,1.20505,1.20845,1.20095,1.20565
2005-04-07,1.20565,1.20815,1.19755,1.20695
2005-04-08,1.20695,1.21165,1.19705,1.1974
2005-04-11,1.1972,1.19945,1.18985,1.19365
2005-04-12,1.19365,1.20465,1.18995,1.19885
2005-04-13,1.19885,1.20745,1.19475,1.20005
2005-04-14,1.20005,1.21975,1.19925,1.21395
2005-04-15,1.21395,1.217,1.19895,1.2005
2005-04-18,1.2009,1.20425,1.18515,1.18775
2005-04-19,1.18775,1.19085,1.17955,1.1806
2005-04-20,1.1806,1.18915,1.17635,1.17825
2005-04-21,1.17825,1.18565,1.17445,1.18325
2005-04-22,1.18325,1.18545,1.17815,1.1811
2005-04-25,1.1813,1.19205,1.1807,1.18685
2005-04-26,1.18685,1.1913,1.1856,1.1869
2005-04-27,1.1869,1.1964,1.18565,1.1926
2005-04-28,1.1926,1.19565,1.18875,1.19295
2005-04-29,1.19295,1.19795,1.18405,1.1952
2005-05-02,1.1963,1.2011,1.19575,1.1976
2005-05-03,1.1976,1.20175,1.1946,1.1987
2005-05-04,1.1987,1.1991,1.1881,1.1921
2005-05-05,1.1921,1.19775,1.1891,1.19345
2005-05-06,1.19345,1.20865,1.19305,1.2069
2005-05-09,1.2069,1.20965,1.20495,1.20555
2005-05-10,1.20555,1.20695,1.19915,1.20095
2005-05-11,1.20095,1.21005,1.19625,1.20525
2005-05-12,1.20525,1.21745,1.20505,1.21555
2005-05-13,1.21555,1.2252,1.21525,1.2234
2005-05-16,1.2245,1.22905,1.22115,1.22145
2005-05-17,1.22145,1.22705,1.21935,1.22535
2005-05-18,1.22535,1.22715,1.21635,1.21775
2005-05-19,1.21775,1.22595,1.21515,1.22155
2005-05-20,1.22155,1.23605,1.22085,1.2339
2005-05-23,1.2345,1.2352,1.22825,1.23095
2005-05-24,1.23095,1.23255,1.22445,1.2288
2005-05-25,1.2288,1.23165,1.22475,1.22675
2005-05-26,1.22675,1.23815,1.22615,1.23605
2005-05-27,1.23605,1.23665,1.22995,1.2305
2005-05-30,1.2327,1.23955,1.2317,1.23855
2005-05-31,1.23855,1.24955,1.23705,1.24825
2005-06-01,1.24825,1.25975,1.24515,1.25765
2005-06-02,1.25765,1.25795,1.24755,1.25225
2005-06-03,1.25225,1.25635,1.24505,1.2525
2005-06-06,1.2538,1.2545,1.24645,1.24925
2005-06-07,1.24925,1.25145,1.24295,1.24555
2005-06-08,1.24555,1.25765,1.24125,1.25485
2005-06-09,1.25485,1.25945,1.25125,1.25465
2005-06-10,1.25465,1.26995,1.25215,1.2691
2005-06-13,1.2693,1.27875,1.2684,1.27075
2005-06-14,1.27075,1.27925,1.26715,1.27745
2005-06-15,1.27745,1.27935,1.26895,1.27115
2005-06-16,1.27115,1.27725,1.26555,1.27205
2005-06-17,1.27205,1.27355,1.2568,1.2578
2005-06-20,1.26385,1.27375,1.26135,1.27065
2005-06-21,1.27065,1.27835,1.26535,1.26575
2005-06-22,1.26575,1.27475,1.26235,1.27195
2005-06-23,1.27195,1.28125,1.26925,1.27925
2005-06-24,1.27925,1.28465,1.27305,1.2743
2005-06-27,1.2743,1.2745,1.26605,1.26835
2005-06-28,1.26835,1.28175,1.26715,1.28165
2005-06-29,1.28165,1.28775,1.27725,1.28245
2005-06-30,1.28245,1.28635,1.27835,1.28135
2005-07-01,1.28135,1.29805,1.28135,1.2965
2005-07-04,1.2976,1.30405,1.29635,1.30365
2005-07-05,1.30365,1.30735,1.29965,1.30415
2005-07-06,1.30415,1.30705,1.29995,1.30225
2005-07-07,1.30225,1.30495,1.2844,1.29795
2005-07-08,1.29795,1.3076,1.296,1.2995
2005-07-11,1.2993,1.30075,1.28575,1.28715
2005-07-12,1.28715,1.28915,1.27015,1.27105
2005-07-13,1.27105,1.29175,1.27045,1.28975
2005-07-14,1.28975,1.29305,1.28565,1.28995
2005-07-15,1.28995,1.29775,1.28515,1.2959
2005-07-18,1.2967,1.2983,1.29065,1.29475
2005-07-19,1.29475,1.30815,1.29335,1.29985
2005-07-20,1.29985,1.30335,1.28105,1.28685
2005-07-21,1.28685,1.29065,1.27535,1.28515
2005-07-22,1.28515,1.2977,1.28235,1.2966
2005-07-25,1.2969,1.29945,1.29345,1.29635
2005-07-26,1.29635,1.30295,1.29415,1.29945
2005-07-27,1.29945,1.3061,1.29325,1.29505
2005-07-28,1.29505,1.29985,1.28395,1.28525
2005-07-29,1.28525,1.29225,1.28245,1.2895
2005-08-01,1.2891,1.2898,1.27175,1.27945
2005-08-02,1.27945,1.28035,1.27005,1.27735
2005-08-03,1.27735,1.28155,1.26065,1.26115
2005-08-04,1.26115,1.26605,1.25655,1.25815
2005-08-05,1.25815,1.26785,1.25645,1.2621
2005-08-08,1.2633,1.26765,1.25925,1.26105
2005-08-09,1.26105,1.26295,1.25435,1.25945
2005-08-10,1.25945,1.26215,1.25185,1.25675
2005-08-11,1.25675,1.25755,1.24495,1.24565
2005-08-12,1.24565,1.25415,1.24345,1.2473
2005-08-15,1.245,1.25655,1.2449,1.25475
2005-08-16,1.25475,1.26275,1.25335,1.25405
2005-08-17,1.25405,1.26375,1.25395,1.26205
2005-08-18,1.26205,1.27395,1.25875,1.27115
2005-08-19,1.27115,1.27715,1.26965,1.2757
2005-08-22,1.2737,1.2754,1.26745,1.27035
2005-08-23,1.27035,1.27435,1.26825,1.26995
2005-08-24,1.26995,1.27865,1.26405,1.26445
2005-08-25,1.26445,1.26575,1.25405,1.25645
2005-08-26,1.25645,1.26015,1.25205,1.2588
2005-08-29,1.2578,1.2687,1.25055,1.267
2005-08-30,1.267,1.27445,1.2657,1.26965
2005-08-31,1.26965,1.27055,1.25225,1.25295
2005-09-01,1.25295,1.25605,1.23165,1.23435
2005-09-02,1.23435,1.23685,1.22495,1.2303
2005-09-05,1.229,1.23445,1.22405,1.2315
2005-09-06,1.2315,1.24045,1.23145,1.23835
2005-09-07,1.23835,1.24435,1.23105,1.24295
2005-09-08,1.24295,1.24685,1.23855,1.24485
2005-09-09,1.24485,1.24715,1.23865,1.2434
2005-09-12,1.244,1.25955,1.2427,1.25775
2005-09-13,1.25775,1.26395,1.25455,1.26145
2005-09-14,1.26145,1.26245,1.25335,1.25785
2005-09-15,1.25785,1.2695,1.25735,1.26755
2005-09-16,1.26755,1.27245,1.26005,1.2697
2005-09-19,1.2742,1.28115,1.27345,1.27845
2005-09-20,1.27845,1.28235,1.27455,1.28205
2005-09-21,1.28205,1.28225,1.26805,1.27075
2005-09-22,1.27075,1.28095,1.26565,1.27845
2005-09-23,1.27845,1.2927,1.27765,1.2924
2005-09-26,1.2929,1.29635,1.28815,1.28945
2005-09-27,1.28945,1.29975,1.28825,1.29585
2005-09-28,1.29585,1.29825,1.29125,1.29255
2005-09-29,1.29255,1.29785,1.28845,1.29405
2005-09-30,1.29405,1.29795,1.28555,1.2939
2005-10-03,1.2928,1.30425,1.29235,1.30155
2005-10-04,1.30155,1.30375,1.29885,1.30165
2005-10-05,1.30165,1.30235,1.29205,1.29305
2005-10-06,1.29305,1.29325,1.26745,1.27065
2005-10-07,1.27065,1.28315,1.26935,1.2778
2005-10-10,1.2802,1.28705,1.27495,1.28335
2005-10-11,1.28335,1.29195,1.28265,1.28965
2005-10-12,1.28965,1.29495,1.28335,1.28745
2005-10-13,1.28745,1.30185,1.28625,1.28915
2005-10-14,1.28915,1.29455,1.27805,1.285
2005-10-17,1.284,1.29365,1.27965,1.29235
2005-10-18,1.29235,1.30625,1.29205,1.29865
2005-10-19,1.29865,1.30745,1.29325,1.29475
2005-10-20,1.29475,1.29875,1.28705,1.28775
2005-10-21,1.28775,1.29625,1.28055,1.292
2005-10-24,1.2938,1.29525,1.28355,1.28705
2005-10-25,1.28705,1.29405,1.27455,1.27675
2005-10-26,1.27675,1.28385,1.27275,1.28305
2005-10-27,1.28305,1.28505,1.26975,1.27325
2005-10-28,1.27325,1.28285,1.26975,1.2805
2005-10-31,1.2811,1.29255,1.27825,1.28845
2005-11-01,1.28845,1.29235,1.28585,1.28825
2005-11-02,1.28825,1.28925,1.27595,1.27785
2005-11-03,1.27785,1.29365,1.27735,1.29185
2005-11-04,1.29185,1.30845,1.28655,1.3075
2005-11-07,1.3086,1.31095,1.30355,1.30605
2005-11-08,1.30605,1.31765,1.30595,1.31085
2005-11-09,1.31085,1.31665,1.30845,1.31085
2005-11-10,1.31085,1.31595,1.30425,1.31555
2005-11-11,1.31555,1.31665,1.3109,1.3109
2005-11-14,1.3123,1.32145,1.30645,1.31815
2005-11-15,1.31815,1.32435,1.31565,1.31685
2005-11-16,1.31685,1.32865,1.31555,1.32565
2005-11-17,1.32565,1.32875,1.31545,1.31735
2005-11-18,1.31735,1.32745,1.31335,1.3142
2005-11-21,1.3147,1.32065,1.30815,1.31985
2005-11-22,1.31985,1.32435,1.30955,1.31095
2005-11-23,1.31095,1.31705,1.30585,1.31115
2005-11-24,1.31115,1.3175,1.31115,1.31535
2005-11-25,1.31535,1.32125,1.31335,1.3187
2005-11-28,1.3202,1.32375,1.29945,1.30525
2005-11-29,1.30525,1.31915,1.30435,1.31365
2005-11-30,1.31365,1.31785,1.31195,1.31515
2005-12-01,1.31515,1.32225,1.31255,1.31765
2005-12-02,1.31765,1.3231,1.31435,1.3168
2005-12-05,1.3188,1.32135,1.30375,1.30695
2005-12-06,1.30695,1.31105,1.30375,1.30705
2005-12-07,1.30705,1.31595,1.30445,1.31335
2005-12-08,1.31335,1.31535,1.29705,1.30015
2005-12-09,1.30015,1.30695,1.29955,1.3028
2005-12-12,1.3063,1.3066,1.28605,1.29005
2005-12-13,1.29005,1.29665,1.28675,1.29305
2005-12-14,1.29305,1.29455,1.27775,1.28185
2005-12-15,1.28185,1.29165,1.27955,1.28895
2005-12-16,1.28895,1.29315,1.28385,1.2902
2005-12-19,1.2888,1.29515,1.2876,1.29235
2005-12-20,1.29235,1.31165,1.29165,1.30895
2005-12-21,1.30895,1.31705,1.30325,1.31315
2005-12-22,1.31315,1.31715,1.30785,1.31225
2005-12-23,1.31225,1.316,1.3092,1.3122
2005-12-26,1.3122,1.3154,1.3117,1.314
2005-12-27,1.314,1.31785,1.31075,1.31765
2005-12-28,1.31765,1.3191,1.3051,1.3171
2005-12-29,1.3171,1.3181,1.3115,1.3149
2005-12-30,1.3149,1.3197,1.3095,1.3138
2006-01-02,1.3138,1.3159,1.3105,1.3142
2006-01-03,1.3142,1.3159,1.28905,1.29025
2006-01-04,1.29025,1.29125,1.27375,1.27685
2006-01-05,1.27685,1.28285,1.27515,1.27585
2006-01-06,1.27585,1.27935,1.26765,1.2702
2006-01-09,1.2705,1.27995,1.26905,1.27575
2006-01-10,1.27575,1.28335,1.27485,1.28055
2006-01-11,1.28055,1.28445,1.27195,1.27585
2006-01-12,1.27585,1.28925,1.27245,1.28535
2006-01-13,1.28535,1.28705,1.2757,1.2767
2006-01-16,1.2755,1.28055,1.2729,1.27875
2006-01-17,1.27875,1.28635,1.27645,1.28045
2006-01-18,1.28045,1.28435,1.27275,1.27985
2006-01-19,1.27985,1.28925,1.27895,1.28425
2006-01-20,1.28425,1.28945,1.27585,1.2765
2006-01-23,1.2759,1.2761,1.25635,1.25695
2006-01-24,1.25695,1.26385,1.25585,1.26115
2006-01-25,1.26115,1.26545,1.25755,1.26525
2006-01-26,1.26525,1.27145,1.26265,1.26985
2006-01-27,1.26985,1.28525,1.2683,1.2847
2006-01-30,1.2827,1.29005,1.2815,1.28715
2006-01-31,1.28715,1.28855,1.27425,1.27815
2006-02-01,1.27815,1.29185,1.27735,1.28935
2006-02-02,1.28935,1.29225,1.28375,1.28625
2006-02-03,1.28625,1.29955,1.28415,1.2945
2006-02-06,1.2925,1.30405,1.2915,1.30105
2006-02-07,1.30105,1.30305,1.29565,1.29765
2006-02-08,1.29765,1.30415,1.29525,1.29935
2006-02-09,1.29935,1.30355,1.29505,1.29965
2006-02-10,1.29965,1.30865,1.29265,1.3069
2006-02-13,1.3075,1.31075,1.30525,1.30835
2006-02-14,1.30835,1.31405,1.30505,1.30795
2006-02-15,1.30795,1.31235,1.30325,1.31055
2006-02-16,1.31055,1.3157,1.30955,1.30995
2006-02-17,1.30995,1.31765,1.30845,1.3101
2006-02-20,1.3111,1.3118,1.30595,1.30775
2006-02-21,1.30775,1.31165,1.30645,1.30815
2006-02-22,1.30815,1.31555,1.30695,1.31075
2006-02-23,1.31075,1.31415,1.30225,1.30945
2006-02-24,1.30945,1.3186,1.30755,1.3171
2006-02-27,1.3176,1.32295,1.31705,1.32265
2006-02-28,1.32265,1.32395,1.30935,1.31175
2006-03-01,1.31175,1.31775,1.30405,1.31275
2006-03-02,1.31275,1.31385,1.29725,1.29815
2006-03-03,1.29815,1.3027,1.29545,1.2968
2006-03-06,1.2968,1.30115,1.2898,1.29855
2006-03-07,1.29855,1.31515,1.29785,1.31355
2006-03-08,1.31355,1.31485,1.30705,1.30815
2006-03-09,1.30815,1.31525,1.30675,1.31385
2006-03-10,1.31385,1.32295,1.31235,1.3177
2006-03-13,1.3167,1.31735,1.31135,1.31195
2006-03-14,1.31195,1.31305,1.30065,1.30285
2006-03-15,1.30285,1.30385,1.29455,1.29565
2006-03-16,1.29565,1.29995,1.28735,1.28965
2006-03-17,1.28965,1.29545,1.28775,1.2896
2006-03-20,1.2909,1.29405,1.28905,1.29145
2006-03-21,1.29145,1.30405,1.29075,1.30105
2006-03-22,1.30105,1.30585,1.29905,1.30485
2006-03-23,1.30485,1.31935,1.30425,1.31665
2006-03-24,1.31665,1.31955,1.30895,1.3112
2006-03-27,1.3102,1.31175,1.30635,1.30885
2006-03-28,1.30885,1.31205,1.29765,1.30985
2006-03-29,1.30985,1.31285,1.30685,1.31045
2006-03-30,1.31045,1.31065,1.29585,1.29675
2006-03-31,1.29675,1.30835,1.29595,1.3043
2006-04-03,1.3044,1.31385,1.30295,1.30455
2006-04-04,1.30455,1.30625,1.28755,1.29055
2006-04-05,1.29055,1.29215,1.28145,1.28365
2006-04-06,1.28365,1.29285,1.28065,1.28995
2006-04-07,1.28995,1.30355,1.28865,1.3015
2006-04-10,1.301,1.30615,1.29775,1.30255
2006-04-11,1.30255,1.30465,1.29665,1.29795
2006-04-12,1.29795,1.30415,1.29345,1.29895
2006-04-13,1.29895,1.30185,1.29545,1.2978
2006-04-14,1.2978,1.2994,1.29685,1.2983
2006-04-17,1.2973,1.2974,1.27535,1.27985
2006-04-18,1.27985,1.28195,1.26755,1.26885
2006-04-19,1.26885,1.27615,1.26535,1.26705
2006-04-20,1.26705,1.28175,1.26655,1.27865
2006-04-21,1.27865,1.28265,1.27285,1.2756
2006-04-24,1.2719,1.27485,1.26575,1.26815
2006-04-25,1.26815,1.27315,1.26415,1.26805
2006-04-26,1.26805,1.27425,1.26695,1.27035
2006-04-27,1.27035,1.27485,1.25785,1.25925
2006-04-28,1.25925,1.26115,1.2376,1.2388
2006-05-01,1.2388,1.24415,1.22875,1.24075
2006-05-02,1.24075,1.24495,1.23265,1.23755
2006-05-03,1.23755,1.23995,1.22965,1.23645
2006-05-04,1.23645,1.24235,1.22505,1.22905
2006-05-05,1.22905,1.23175,1.22145,1.2262
2006-05-08,1.2255,1.22985,1.21825,1.22775
2006-05-09,1.22775,1.23195,1.21825,1.22065
2006-05-10,1.22065,1.2223,1.2127,1.2185
2006-05-11,1.2185,1.23065,1.20885,1.21365
2006-05-12,1.21365,1.21435,1.19635,1.1976
2006-05-15,1.1962,1.21345,1.1924,1.21155
2006-05-16,1.21155,1.21665,1.2057,1.20685
2006-05-17,1.20685,1.21895,1.20055,1.21455
2006-05-18,1.21455,1.21695,1.20525,1.20615
2006-05-19,1.20615,1.22415,1.20305,1.2165
2006-05-22,1.217,1.22325,1.20175,1.20375
2006-05-23,1.20375,1.21255,1.20275,1.20865
2006-05-24,1.20865,1.22055,1.20265,1.21765
2006-05-25,1.21765,1.22035,1.21455,1.21755
2006-05-26,1.21755,1.23005,1.21405,1.2256
2006-05-29,1.2261,1.2286,1.22225,1.22485
2006-05-30,1.22485,1.22565,1.20675,1.21125
2006-05-31,1.21125,1.21925,1.20695,1.21905
2006-06-01,1.21905,1.22935,1.21725,1.22155
2006-06-02,1.22155,1.22285,1.20515,1.2082
2006-06-05,1.2063,1.20825,1.20175,1.20795
2006-06-06,1.20795,1.21805,1.20425,1.21535
2006-06-07,1.21535,1.22425,1.21395,1.22185
2006-06-08,1.22185,1.23645,1.21835,1.23205
2006-06-09,1.23205,1.2367,1.2273,1.2311
2006-06-12,1.2338,1.23695,1.22935,1.23395
2006-06-13,1.23395,1.24075,1.23035,1.23975
2006-06-14,1.23975,1.23985,1.22675,1.23155
2006-06-15,1.23155,1.23435,1.22605,1.23085
2006-06-16,1.23085,1.23465,1.22685,1.2315
2006-06-19,1.2312,1.24345,1.2305,1.24045
2006-06-20,1.24045,1.24395,1.23465,1.23915
2006-06-21,1.23915,1.23935,1.23165,1.23405
2006-06-22,1.23405,1.24465,1.23175,1.24295
2006-06-23,1.24295,1.25315,1.24185,1.2493
2006-06-26,1.248,1.2496,1.24095,1.24295
2006-06-27,1.24295,1.24735,1.24015,1.24355
2006-06-28,1.24355,1.24915,1.24225,1.24565
2006-06-29,1.24565,1.25015,1.23575,1.23645
2006-06-30,1.23645,1.23755,1.2219,1.223
2006-07-03,1.2247,1.22765,1.22195,1.22405
2006-07-04,1.22405,1.22645,1.22275,1.2246
2006-07-05,1.2246,1.23575,1.2203,1.23235
2006-07-06,1.23235,1.23305,1.22655,1.22785
2006-07-07,1.22785,1.22975,1.21855,1.2233
2006-07-10,1.2221,1.23245,1.222,1.23085
2006-07-11,1.23085,1.23315,1.22545,1.22575
2006-07-12,1.22575,1.23715,1.22505,1.23355
2006-07-13,1.23355,1.23465,1.22755,1.22985
2006-07-14,1.22985,1.2377,1.22845,1.2343
2006-07-17,1.2333,1.24935,1.2328,1.24825
2006-07-18,1.24825,1.25565,1.24455,1.25285
2006-07-19,1.25285,1.25955,1.24525,1.24875
2006-07-20,1.24875,1.24895,1.24165,1.24435
2006-07-21,1.24435,1.24475,1.23595,1.2366
2006-07-24,1.2358,1.24855,1.2357,1.24545
2006-07-25,1.24545,1.25455,1.24225,1.25365
2006-07-26,1.25365,1.25425,1.24045,1.24045
2006-07-27,1.24045,1.24185,1.23075,1.23845
2006-07-28,1.23845,1.24225,1.23105,1.2326
2006-07-31,1.2316,1.23495,1.22825,1.23125
2006-08-01,1.23125,1.23675,1.22565,1.22595
2006-08-02,1.22595,1.23235,1.22555,1.23105
2006-08-03,1.23105,1.23565,1.22665,1.23135
2006-08-04,1.23135,1.23475,1.2193,1.2234
2006-08-07,1.223,1.22715,1.2205,1.22555
2006-08-08,1.22555,1.22865,1.22035,1.22575
2006-08-09,1.22575,1.23325,1.22065,1.22655
2006-08-10,1.22655,1.23835,1.21955,1.23395
2006-08-11,1.23395,1.24355,1.23345,1.243
2006-08-14,1.2411,1.24375,1.23755,1.24215
2006-08-15,1.24215,1.24445,1.23405,1.23715
2006-08-16,1.23715,1.23815,1.22605,1.22985
2006-08-17,1.22985,1.23455,1.22365,1.23305
2006-08-18,1.23305,1.23815,1.22945,1.2333
2006-08-21,1.2331,1.2332,1.21865,1.22445
2006-08-22,1.22445,1.23635,1.22395,1.23395
2006-08-23,1.23395,1.23705,1.22945,1.23535
2006-08-24,1.23535,1.24005,1.23085,1.23885
2006-08-25,1.23885,1.24235,1.23565,1.2398
2006-08-28,1.2389,1.2398,1.23225,1.23695
2006-08-29,1.23695,1.23785,1.22725,1.22895
2006-08-30,1.22895,1.23085,1.22645,1.22775
2006-08-31,1.22775,1.23475,1.22305,1.23055
2006-09-01,1.23055,1.23885,1.22865,1.2304
2006-09-04,1.2297,1.23085,1.22785,1.22825
2006-09-05,1.22825,1.23655,1.22805,1.23385
2006-09-06,1.23385,1.24005,1.23245,1.23535
2006-09-07,1.23535,1.24635,1.23285,1.24275
2006-09-08,1.24275,1.25055,1.24215,1.2477
2006-09-11,1.2476,1.25005,1.23945,1.24465
2006-09-12,1.24465,1.25185,1.24025,1.25055
2006-09-13,1.25055,1.25495,1.24795,1.25115
2006-09-14,1.25115,1.2528,1.24345,1.25175
2006-09-15,1.25175,1.26215,1.25125,1.2554
2006-09-18,1.2569,1.2585,1.25015,1.25065
2006-09-19,1.25065,1.25735,1.24845,1.25165
2006-09-20,1.25165,1.25355,1.24635,1.25205
2006-09-21,1.25205,1.2542,1.24155,1.24265
2006-09-22,1.24265,1.24325,1.23225,1.236
2006-09-25,1.2358,1.23955,1.22915,1.23895
2006-09-26,1.23895,1.24665,1.23685,1.24325
2006-09-27,1.24325,1.24735,1.2416,1.24435
2006-09-28,1.24435,1.24905,1.24215,1.24705
2006-09-29,1.24705,1.25685,1.24585,1.2505
2006-10-02,1.2505,1.25265,1.24065,1.24315
2006-10-03,1.24315,1.24655,1.24215,1.24535
2006-10-04,1.24535,1.25445,1.24485,1.24875
2006-10-05,1.24875,1.25495,1.24805,1.25185
2006-10-06,1.25185,1.26325,1.2491,1.2603
2006-10-09,1.2606,1.26205,1.25915,1.26195
2006-10-10,1.26195,1.27075,1.26005,1.26985
2006-10-11,1.26985,1.27435,1.26895,1.27275
2006-10-12,1.27275,1.27325,1.26765,1.26885
2006-10-13,1.26885,1.27715,1.26665,1.273
2006-10-16,1.2735,1.27545,1.26935,1.27075
2006-10-17,1.27075,1.27125,1.26415,1.26825
2006-10-18,1.26825,1.27405,1.26575,1.27025
2006-10-19,1.27025,1.27065,1.25495,1.25765
2006-10-20,1.25765,1.26045,1.25575,1.259
2006-10-23,1.2577,1.26895,1.2576,1.26665
2006-10-24,1.26665,1.27045,1.26445,1.26695
2006-10-25,1.26695,1.26765,1.26255,1.26505
2006-10-26,1.26505,1.26545,1.25235,1.25345
2006-10-27,1.25345,1.25715,1.24695,1.2487
2006-10-30,1.2489,1.25085,1.24715,1.24855
2006-10-31,1.24855,1.25305,1.24145,1.24415
2006-11-01,1.24415,1.24615,1.24055,1.24565
2006-11-02,1.24565,1.24785,1.24335,1.24525
2006-11-03,1.24525,1.25705,1.24465,1.2538
2006-11-06,1.2537,1.25795,1.2528,1.25575
2006-11-07,1.25575,1.25585,1.24395,1.24945
2006-11-08,1.24945,1.25235,1.24505,1.25115
2006-11-09,1.25115,1.25195,1.24045,1.24325
2006-11-10,1.24325,1.24335,1.23475,1.2417
2006-11-13,1.2396,1.24595,1.23585,1.24475
2006-11-14,1.24475,1.24705,1.23875,1.24365
2006-11-15,1.24365,1.25215,1.24325,1.24585
2006-11-16,1.24585,1.24935,1.2443,1.24795
2006-11-17,1.24795,1.25365,1.24235,1.2441
2006-11-20,1.2439,1.24495,1.23975,1.24385
2006-11-21,1.24385,1.24515,1.23965,1.24125
2006-11-22,1.24125,1.24145,1.22555,1.22625
2006-11-23,1.22625,1.22805,1.22085,1.22475
2006-11-24,1.22475,1.22475,1.20735,1.2094
2006-11-27,1.2029,1.21105,1.2029,1.20665
2006-11-28,1.20665,1.20915,1.20165,1.20285
2006-11-29,1.20285,1.21155,1.20135,1.20975
2006-11-30,1.20975,1.21055,1.19595,1.19785
2006-12-01,1.19785,1.20085,1.19005,1.1931
2006-12-04,1.1933,1.19895,1.1904,1.19305
2006-12-05,1.19305,1.19675,1.18815,1.19245
2006-12-06,1.19245,1.19885,1.19085,1.19575
2006-12-07,1.19575,1.19705,1.19155,1.19525
2006-12-08,1.19525,1.20585,1.18835,1.2052
2006-12-11,1.2068,1.21005,1.20015,1.20285
2006-12-12,1.20285,1.2055,1.19865,1.19945
2006-12-13,1.19945,1.20835,1.19905,1.20625
2006-12-14,1.20625,1.21605,1.20265,1.21475
2006-12-15,1.21475,1.22305,1.21165,1.2215
2006-12-18,1.2216,1.22695,1.21865,1.22245
2006-12-19,1.22245,1.22315,1.21195,1.21425
2006-12-20,1.21425,1.21935,1.21125,1.21795
2006-12-21,1.21795,1.22025,1.21385,1.21635
2006-12-22,1.21635,1.22255,1.21185,1.2203
2006-12-25,1.2204,1.2215,1.2181,1.2183
2006-12-26,1.2183,1.2237,1.2183,1.22325
2006-12-27,1.22325,1.22685,1.21625,1.22685
2006-12-28,1.22685,1.22735,1.21675,1.22195
2006-12-29,1.22195,1.22295,1.2181,1.2193
2007-01-01,1.2193,1.2197,1.2188,1.2188
2007-01-02,1.2188,1.219,1.21115,1.21375
2007-01-03,1.21375,1.22945,1.21225,1.22595
2007-01-04,1.22595,1.23355,1.22405,1.23295
2007-01-05,1.23295,1.23945,1.22745,1.2367
2007-01-08,1.235,1.24125,1.23335,1.23635
2007-01-09,1.23635,1.24325,1.23385,1.24125
2007-01-10,1.24125,1.24785,1.24035,1.24635
2007-01-11,1.24635,1.25075,1.24095,1.24945
2007-01-12,1.24945,1.25295,1.24475,1.2472
2007-01-15,1.2474,1.24985,1.24455,1.24865
2007-01-16,1.24865,1.24995,1.24185,1.24815
2007-01-17,1.24815,1.25155,1.24535,1.24735
2007-01-18,1.24735,1.25465,1.24325,1.24695
2007-01-19,1.24695,1.25295,1.24525,1.2487
2007-01-22,1.248,1.25265,1.24715,1.24905
2007-01-23,1.24905,1.25185,1.23775,1.24265
2007-01-24,1.24265,1.24975,1.24145,1.24765
2007-01-25,1.24765,1.24975,1.24225,1.24855
2007-01-26,1.24855,1.2576,1.24765,1.2536
2007-01-29,1.2532,1.25615,1.25115,1.25345
2007-01-30,1.25345,1.25455,1.24975,1.25115
2007-01-31,1.25115,1.25715,1.24285,1.24395
2007-02-01,1.24395,1.24605,1.23915,1.24365
2007-02-02,1.24365,1.24945,1.2373,1.248
2007-02-05,1.2482,1.25195,1.24685,1.24845
2007-02-06,1.24845,1.24975,1.23875,1.23995
2007-02-07,1.23995,1.24255,1.23815,1.24155
2007-02-08,1.24155,1.25115,1.24035,1.24595
2007-02-09,1.24595,1.25215,1.24565,1.2476
2007-02-12,1.2489,1.25515,1.24595,1.25345
2007-02-13,1.25345,1.25385,1.24425,1.24685
2007-02-14,1.24685,1.24755,1.23695,1.23975
2007-02-15,1.23975,1.24075,1.23325,1.23455
2007-02-16,1.23455,1.23835,1.23345,1.235
2007-02-19,1.2328,1.23515,1.2317,1.23255
2007-02-20,1.23255,1.23935,1.2312,1.23655
2007-02-21,1.23655,1.24125,1.23395,1.23785
2007-02-22,1.23785,1.24365,1.23735,1.23795
2007-02-23,1.23795,1.24115,1.22925,1.2323
2007-02-26,1.2325,1.23325,1.22895,1.23015
2007-02-27,1.23015,1.23085,1.21455,1.21735
2007-02-28,1.21735,1.22465,1.21695,1.21965
2007-03-01,1.21965,1.22365,1.21485,1.22175
2007-03-02,1.22175,1.22625,1.21465,1.2166
2007-03-05,1.2166,1.22435,1.21105,1.22075
2007-03-06,1.22075,1.22565,1.21935,1.22335
2007-03-07,1.22335,1.22495,1.21665,1.21745
2007-03-08,1.21745,1.22945,1.21595,1.22745
2007-03-09,1.22745,1.23575,1.22575,1.2347
2007-03-12,1.2311,1.23525,1.22355,1.22455
2007-03-13,1.22455,1.22615,1.21675,1.21775
2007-03-14,1.21775,1.21985,1.21025,1.21675
2007-03-15,1.21675,1.22155,1.21355,1.21765
2007-03-16,1.21765,1.21765,1.20305,1.207
2007-03-19,1.2059,1.21465,1.2048,1.21215
2007-03-20,1.21215,1.21615,1.21085,1.21185
2007-03-21,1.21185,1.21675,1.20865,1.20975
2007-03-22,1.20975,1.21815,1.20765,1.21435
2007-03-23,1.21435,1.2193,1.21135,1.219
2007-03-26,1.2192,1.22285,1.21175,1.21575
2007-03-27,1.21575,1.21695,1.21185,1.21315
2007-03-28,1.21315,1.21795,1.20855,1.21625
2007-03-29,1.21625,1.21875,1.21355,1.21765
2007-03-30,1.21765,1.22405,1.20835,1.21552
2007-04-02,1.21365,1.21747,1.21192,1.2154
2007-04-03,1.2154,1.22334,1.21475,1.22265
2007-04-04,1.22265,1.2234,1.21735,1.21995
2007-04-05,1.21995,1.2212,1.21245,1.21506
2007-04-06,1.21506,1.22272,1.21475,1.22185
2007-04-09,1.222,1.22863,1.22185,1.2271
2007-04-10,1.2271,1.22734,1.21453,1.21655
2007-04-11,1.21655,1.22266,1.21634,1.22091
2007-04-12,1.22091,1.22475,1.21325,1.21703
2007-04-13,1.21703,1.21877,1.20695,1.21484
2007-04-16,1.21292,1.21485,1.21155,1.21426
2007-04-17,1.21426,1.21515,1.20665,1.20873
2007-04-18,1.20873,1.20925,1.20265,1.20388
2007-04-19,1.20388,1.20627,1.2002,1.20442
2007-04-20,1.20442,1.20909,1.2037,1.20852
2007-04-23,1.20807,1.2128,1.2058,1.20974
2007-04-24,1.20974,1.2106,1.20092,1.2016
2007-04-25,1.2016,1.20582,1.1997,1.20464
2007-04-26,1.20464,1.21005,1.2031,1.20877
2007-04-27,1.20877,1.21052,1.20061,1.2057
2007-04-30,1.205,1.2105,1.2031,1.20742
2007-05-01,1.20742,1.21632,1.20515,1.21462
2007-05-02,1.21462,1.21893,1.21173,1.21385
2007-05-03,1.21385,1.21725,1.20943,1.21599
2007-05-04,1.21599,1.216635,1.20994,1.21176
2007-05-07,1.21022,1.21183,1.2081,1.21129
2007-05-08,1.21129,1.21968,1.21047,1.21831
2007-05-09,1.21831,1.21922,1.21426,1.21882
2007-05-10,1.21882,1.22232,1.21599,1.21997
2007-05-11,1.21997,1.22135,1.21683,1.21906
2007-05-14,1.2176,1.22081,1.21697,1.21917
2007-05-15,1.21917,1.220455,1.212725,1.21553
2007-05-16,1.21553,1.224815,1.213945,1.22358
2007-05-17,1.22358,1.228275,1.219605,1.22723
2007-05-18,1.22723,1.22812,1.224415,1.22736
2007-05-21,1.22657,1.233265,1.22652,1.23062
2007-05-22,1.23062,1.232965,1.228285,1.22997
2007-05-23,1.22997,1.231235,1.224125,1.22766
2007-05-24,1.22766,1.231475,1.226455,1.22787
2007-05-25,1.22787,1.22949,1.225675,1.22842
2007-05-28,1.22751,1.22883,1.2266,1.22875
2007-05-29,1.22875,1.23084,1.220065,1.22555
2007-05-30,1.22555,1.227855,1.223765,1.22568
2007-05-31,1.22568,1.227125,1.223245,1.22537
2007-06-01,1.22537,1.232855,1.22483,1.22985
2007-06-04,1.22996,1.23083,1.221695,1.22369
2007-06-05,1.22369,1.22428,1.216205,1.21788
2007-06-06,1.21788,1.21901,1.214765,1.21627
2007-06-07,1.21627,1.226805,1.21578,1.22407
2007-06-08,1.22407,1.236685,1.22376,1.23508
2007-06-11,1.23485,1.240055,1.23485,1.23816
2007-06-12,1.23816,1.243195,1.23745,1.24248
2007-06-13,1.24248,1.246925,1.2417,1.24463
2007-06-14,1.24463,1.247015,1.24335,1.24627
2007-06-15,1.24627,1.24675,1.241165,1.2413
2007-06-18,1.2419,1.242505,1.238925,1.24216
2007-06-19,1.24216,1.242765,1.23924,1.24075
2007-06-20,1.24075,1.2409,1.235525,1.23737
2007-06-21,1.23737,1.242785,1.23712,1.24163
2007-06-22,1.24163,1.24233,1.228435,1.22925
2007-06-25,1.22891,1.231355,1.227165,1.22848
2007-06-26,1.22848,1.230955,1.2262,1.22813
2007-06-27,1.22813,1.230435,1.227475,1.22939
2007-06-28,1.22939,1.234205,1.22685,1.23121
2007-06-29,1.23121,1.23342,1.220905,1.22149
2007-07-02,1.22095,1.22271,1.209625,1.2109
2007-07-03,1.2109,1.217755,1.20923,1.2158
2007-07-04,1.2158,1.217085,1.21449,1.21645
2007-07-05,1.21645,1.219885,1.210115,1.21725
2007-07-06,1.21725,1.223325,1.216305,1.21801
2007-07-09,1.2176,1.21935,1.215465,1.21668
2007-07-10,1.21668,1.21944,1.2021,1.2021
2007-07-11,1.2021,1.20683,1.199325,1.20643
2007-07-12,1.20643,1.20683,1.200555,1.20305
2007-07-13,1.20305,1.205515,1.198555,1.20265
2007-07-16,1.2021,1.20385,1.199455,1.20355
2007-07-17,1.20355,1.20385,1.197605,1.202825
2007-07-18,1.202825,1.205065,1.19617,1.20095
2007-07-19,1.20095,1.205245,1.19876,1.20357
2007-07-20,1.20357,1.206685,1.198285,1.20089
2007-07-23,1.20105,1.208005,1.1983,1.20595
2007-07-24,1.20595,1.207705,1.201235,1.20295
2007-07-25,1.20295,1.216525,1.20214,1.2134
2007-07-26,1.2134,1.21505,1.202225,1.20386
2007-07-27,1.20386,1.213255,1.20255,1.2084
2007-07-30,1.20885,1.2101,1.200755,1.20288
2007-07-31,1.20288,1.206535,1.20064,1.20121
2007-08-01,1.20121,1.20517,1.19796,1.20446
2007-08-02,1.20446,1.208425,1.20248,1.2046
2007-08-03,1.2046,1.207225,1.186855,1.19077
2007-08-06,1.18595,1.192575,1.18179,1.19168
2007-08-07,1.19168,1.198425,1.189355,1.19735
2007-08-08,1.19735,1.199565,1.191455,1.1966
2007-08-09,1.1966,1.199455,1.192055,1.19645
2007-08-10,1.19645,1.201935,1.193055,1.1988
2007-08-13,1.19885,1.206555,1.19744,1.20537
2007-08-14,1.20537,1.211965,1.20295,1.21116
2007-08-15,1.21116,1.219795,1.2105,1.2191
2007-08-16,1.2191,1.22146,1.21325,1.21635
2007-08-17,1.21635,1.218,1.1994,1.20816
2007-08-20,1.2065,1.209005,1.205,1.205895
2007-08-21,1.205895,1.20733,1.201265,1.20627
2007-08-22,1.20627,1.211215,1.204205,1.20644
2007-08-23,1.20644,1.210655,1.204895,1.20738
2007-08-24,1.20738,1.20793,1.199355,1.20069
2007-08-27,1.20075,1.204655,1.20025,1.2029
2007-08-28,1.2029,1.20411,1.196095,1.20065
2007-08-29,1.20065,1.20385,1.198305,1.19975
2007-08-30,1.19975,1.206755,1.19855,1.20483
2007-08-31,1.20483,1.20902,1.198875,1.20842
2007-09-03,1.20832,1.210005,1.20621,1.2083
2007-09-04,1.2083,1.215165,1.20755,1.2127
2007-09-05,1.2127,1.213835,1.202285,1.20414
2007-09-06,1.20414,1.2063,1.199295,1.20142
2007-09-07,1.20142,1.20267,1.186105,1.18866
2007-09-10,1.18775,1.188005,1.184155,1.18655
2007-09-11,1.18655,1.190035,1.183885,1.18893
2007-09-12,1.18893,1.18981,1.181885,1.184995
2007-09-13,1.184995,1.188985,1.18025,1.18608
2007-09-14,1.18608,1.192575,1.184055,1.18974
2007-09-17,1.1898,1.19,1.184855,1.18702
2007-09-18,1.18702,1.189535,1.1806,1.18151
2007-09-19,1.18151,1.187785,1.17967,1.18427
2007-09-20,1.18427,1.1846,1.168705,1.17258
2007-09-21,1.17258,1.177275,1.16781,1.1726
2007-09-24,1.17195,1.175805,1.16875,1.17267
2007-09-25,1.17267,1.174655,1.164015,1.16649
2007-09-26,1.16649,1.172085,1.16469,1.17065
2007-09-27,1.17065,1.174185,1.167775,1.17387
2007-09-28,1.17387,1.17407,1.162665,1.16384
2007-10-01,1.16265,1.172055,1.16245,1.16853
2007-10-02,1.16853,1.177995,1.16774,1.17494
2007-10-03,1.17494,1.180955,1.171235,1.18037
2007-10-04,1.18037,1.181405,1.173805,1.17455
2007-10-05,1.17455,1.185505,1.17424,1.17849
2007-10-08,1.17695,1.187095,1.17617,1.18643
2007-10-09,1.18643,1.189435,1.182525,1.18332
2007-10-10,1.18332,1.184595,1.178625,1.18315
2007-10-11,1.18315,1.18465,1.177025,1.182
2007-10-12,1.182,1.187905,1.180505,1.1847
2007-10-15,1.18485,1.185955,1.177755,1.18089
2007-10-16,1.18089,1.184555,1.17885,1.18257
2007-10-17,1.18257,1.18355,1.177855,1.18019
2007-10-18,1.18019,1.18056,1.166255,1.16979
2007-10-19,1.16979,1.173675,1.16575,1.16611
2007-10-22,1.16329,1.178655,1.16012,1.17779
2007-10-23,1.17779,1.17852,1.170265,1.17326
2007-10-24,1.17326,1.177535,1.170965,1.172
2007-10-25,1.172,1.17354,1.163545,1.16585
2007-10-26,1.16585,1.1665,1.162055,1.16414
2007-10-29,1.1624,1.167155,1.160655,1.16453
2007-10-30,1.16453,1.16717,1.158245,1.1588
2007-10-31,1.1588,1.162745,1.155815,1.15822
2007-11-01,1.15822,1.164025,1.155705,1.15835
2007-11-02,1.15835,1.159,1.149245,1.15445
2007-11-05,1.15332,1.155855,1.15105,1.15387
2007-11-06,1.15387,1.15428,1.142245,1.14467
2007-11-07,1.14467,1.145,1.125775,1.13344
2007-11-08,1.13344,1.1352,1.125315,1.12778
2007-11-09,1.12778,1.12789,1.118865,1.12235
2007-11-12,1.12235,1.130035,1.12185,1.12857
2007-11-13,1.12857,1.12982,1.122755,1.12762
2007-11-14,1.12762,1.12762,1.117665,1.12415
2007-11-15,1.12415,1.126185,1.1201,1.12273
2007-11-16,1.12273,1.124755,1.116005,1.11765
2007-11-19,1.11705,1.120225,1.115075,1.11513
2007-11-20,1.11513,1.11742,1.10555,1.10569
2007-11-21,1.10569,1.107985,1.10158,1.10178
2007-11-22,1.10178,1.104035,1.100445,1.10118
2007-11-23,1.10118,1.104945,1.08864,1.1022
2007-11-26,1.1036,1.10723,1.095535,1.09699
2007-11-27,1.09699,1.107115,1.095525,1.10544
2007-11-28,1.10544,1.119555,1.1043,1.11075
2007-11-29,1.11075,1.120895,1.11033,1.1179
2007-11-30,1.1179,1.13277,1.11612,1.13205
2007-12-03,1.1308,1.131,1.125115,1.1273
2007-12-04,1.1273,1.131955,1.116105,1.11668
2007-12-05,1.11668,1.128715,1.11538,1.12749
2007-12-06,1.12749,1.135315,1.12656,1.12968
2007-12-07,1.12968,1.133305,1.127735,1.12865
2007-12-10,1.12803,1.130155,1.123455,1.12811
2007-12-11,1.12811,1.136245,1.12535,1.13091
2007-12-12,1.13091,1.140335,1.12749,1.13462
2007-12-13,1.13462,1.144985,1.12979,1.141
2007-12-14,1.141,1.154755,1.1401,1.15283
2007-12-17,1.15605,1.157405,1.147865,1.1491
2007-12-18,1.1491,1.153615,1.14848,1.15169
2007-12-19,1.15169,1.158775,1.15118,1.15536
2007-12-20,1.15536,1.159235,1.15436,1.15815
2007-12-21,1.15815,1.15953,1.1514,1.15481
2007-12-24,1.15595,1.158015,1.153865,1.15686
2007-12-25,1.15686,1.15864,1.15651,1.1584
2007-12-26,1.1584,1.15893,1.14936,1.15154
2007-12-27,1.15154,1.15251,1.1374,1.13912
2007-12-28,1.13912,1.14153,1.12596,1.12615
2007-12-31,1.12816,1.1372,1.12265,1.13351
2008-01-01,1.13351,1.1351,1.13295,1.1332
2008-01-02,1.1332,1.13331,1.114955,1.11965
2008-01-03,1.11965,1.12038,1.110635,1.11093
2008-01-04,1.11093,1.116365,1.101995,1.10844
2008-01-07,1.10757,1.119145,1.10687,1.11652
2008-01-08,1.11652,1.11918,1.111915,1.11258
2008-01-09,1.11258,1.11713,1.11049,1.11659
2008-01-10,1.11659,1.11738,1.10059,1.10358
2008-01-11,1.10358,1.10504,1.09774,1.10152
2008-01-14,1.10095,1.10135,1.088625,1.09313
2008-01-15,1.09313,1.094585,1.085505,1.09283
2008-01-16,1.09283,1.10242,1.08375,1.10054
2008-01-17,1.10054,1.108715,1.095365,1.10105
2008-01-18,1.10105,1.106475,1.09795,1.09848
2008-01-21,1.0997,1.111175,1.0994,1.1081
2008-01-22,1.1081,1.11221,1.09485,1.09492
2008-01-23,1.09492,1.099105,1.087115,1.09155
2008-01-24,1.09155,1.09385,1.084695,1.08793
2008-01-25,1.08793,1.099025,1.0863,1.09676
2008-01-28,1.09586,1.09669,1.087355,1.0894
2008-01-29,1.0894,1.096175,1.08826,1.09384
2008-01-30,1.09384,1.095045,1.08146,1.08328
2008-01-31,1.08328,1.085995,1.075895,1.08144
2008-02-01,1.08144,1.09016,1.073275,1.08955
2008-02-04,1.0887,1.092475,1.086435,1.08825
2008-02-05,1.08825,1.105745,1.0875,1.09958
2008-02-06,1.09958,1.100375,1.095155,1.09815
2008-02-07,1.09815,1.110155,1.093375,1.10421
2008-02-08,1.10421,1.108155,1.100955,1.10322
2008-02-11,1.1022,1.104655,1.094725,1.10231
2008-02-12,1.10231,1.104185,1.098055,1.1021
2008-02-13,1.1021,1.110655,1.101,1.10825
2008-02-14,1.10825,1.109695,1.096405,1.09765
2008-02-15,1.09765,1.098675,1.088385,1.09333
2008-02-18,1.09348,1.104625,1.0932,1.10207
2008-02-19,1.10207,1.1026,1.091005,1.09414
2008-02-20,1.09414,1.102545,1.09362,1.09953
2008-02-21,1.09953,1.103355,1.086625,1.089725
2008-02-22,1.089725,1.09177,1.083575,1.08526
2008-02-25,1.08509,1.092975,1.08507,1.08937
2008-02-26,1.08937,1.091875,1.07476,1.07565
2008-02-27,1.07565,1.07651,1.061115,1.06332
2008-02-28,1.06332,1.064505,1.048545,1.052
2008-02-29,1.052,1.05272,1.04021,1.04103
2008-03-03,1.03974,1.045675,1.03085,1.04221
2008-03-04,1.04221,1.04306,1.033665,1.03779
2008-03-05,1.03779,1.042885,1.033515,1.03676
2008-03-06,1.03676,1.03829,1.021405,1.0227
2008-03-07,1.0227,1.028545,1.013345,1.0253
2008-03-10,1.0233,1.025715,1.017275,1.01932
2008-03-11,1.01932,1.034915,1.014865,1.03337
2008-03-12,1.03337,1.03535,1.012815,1.014685
2008-03-13,1.014685,1.01689,1.004575,1.01005
2008-03-14,1.01005,1.014425,0.997095,0.99836
2008-03-17,0.99715,0.99722,0.9637,0.98454
2008-03-18,0.98454,1.003505,0.97885,1.00241
2008-03-19,1.00241,1.0055,0.98689,0.99795
2008-03-20,0.99795,1.01685,0.99542,1.00942
2008-03-21,1.00942,1.01018,1.00485,1.0092
2008-03-24,1.00923,1.025,1.0092,1.0204
2008-03-25,1.0204,1.02225,1.00399,1.00525
2008-03-26,1.00525,1.01154,0.98843,0.98881
2008-03-27,0.98881,0.998885,0.98822,0.99408
2008-03-28,0.99408,0.999905,0.99148,0.99515
2008-03-31,0.994,0.99954,0.987215,0.99309
2008-04-01,0.99309,1.014085,0.99309,1.0124
2008-04-02,1.0124,1.01652,1.006965,1.008695
2008-04-03,1.008695,1.021925,1.007305,1.01025
2008-04-04,1.01025,1.01308,1.001545,1.00585
2008-04-07,1.00575,1.0173,1.00565,1.01306
2008-04-08,1.01306,1.015705,1.00665,1.01406
2008-04-09,1.01406,1.017,0.997585,1.0019
2008-04-10,1.0019,1.008795,0.988865,1.00818
2008-04-11,1.00818,1.00918,0.996665,1.0012
2008-04-14,1.00528,1.00712,0.992675,0.99872
2008-04-15,0.99872,1.008705,0.995685,1.00644
2008-04-16,1.00644,1.01122,0.993995,1.0004
2008-04-17,1.0004,1.009345,0.995925,1.00621
2008-04-18,1.00621,1.028395,1.00382,1.0182
2008-04-21,1.01832,1.02065,1.006455,1.0088
2008-04-22,1.0088,1.013205,0.999785,1.00327
2008-04-23,1.00327,1.01703,1.00223,1.01517
2008-04-24,1.01517,1.038475,1.01403,1.03557
2008-04-25,1.03557,1.043095,1.030145,1.03438
2008-04-28,1.03552,1.036805,1.030005,1.03384
2008-04-29,1.03384,1.039925,1.031625,1.03769
2008-04-30,1.03769,1.044405,1.032905,1.03451
2008-05-01,1.03451,1.050905,1.03348,1.04841
2008-05-02,1.04841,1.060915,1.046515,1.05723
2008-05-05,1.05558,1.059655,1.051025,1.053605
2008-05-06,1.053605,1.055195,1.042775,1.05209
2008-05-07,1.05209,1.059375,1.05118,1.0553
2008-05-08,1.0553,1.06257,1.048195,1.05117
2008-05-09,1.05117,1.05162,1.038995,1.04118
2008-05-12,1.04182,1.05114,1.04073,1.04373
2008-05-13,1.04373,1.055755,1.04185,1.05282
2008-05-14,1.05282,1.060125,1.05136,1.05468
2008-05-15,1.05468,1.05941,1.04864,1.05712
2008-05-16,1.05712,1.058895,1.043255,1.0477
2008-05-19,1.04555,1.057295,1.041535,1.05338
2008-05-20,1.05338,1.05498,1.035705,1.0376
2008-05-21,1.0376,1.039225,1.025125,1.02522
2008-05-22,1.02522,1.035345,1.02339,1.03052
2008-05-23,1.03052,1.033545,1.021555,1.02407
2008-05-26,1.02445,1.027585,1.0232,1.02447
2008-05-27,1.02447,1.034725,1.0224,1.0338
2008-05-28,1.0338,1.042415,1.026085,1.03807
2008-05-29,1.03807,1.052465,1.0366,1.04941
2008-05-30,1.04941,1.052855,1.041455,1.04232
2008-06-02,1.04138,1.044895,1.032615,1.03739
2008-06-03,1.03739,1.04893,1.027495,1.04215
2008-06-04,1.04215,1.04455,1.036225,1.04228
2008-06-05,1.04228,1.052235,1.035225,1.03795
2008-06-06,1.03795,1.040895,1.01849,1.01866
2008-06-09,1.01839,1.029655,1.014795,1.02744
2008-06-10,1.02744,1.043855,1.02694,1.04181
2008-06-11,1.04181,1.04474,1.030975,1.03163
2008-06-12,1.03163,1.048855,1.03036,1.04164
2008-06-13,1.04164,1.054115,1.03872,1.04706
2008-06-16,1.04511,1.052105,1.037995,1.04475
2008-06-17,1.04475,1.04612,1.03765,1.0416
2008-06-18,1.0416,1.046835,1.03563,1.03626
2008-06-19,1.03626,1.047485,1.03206,1.04544
2008-06-20,1.04544,1.04569,1.030515,1.03594
2008-06-23,1.03459,1.049485,1.03336,1.0455
2008-06-24,1.0455,1.04725,1.034975,1.04179
2008-06-25,1.04179,1.04457,1.034225,1.03505
2008-06-26,1.03505,1.039225,1.022105,1.02384
2008-06-27,1.02384,1.02699,1.016595,1.0185
2008-06-30,1.01891,1.021755,1.013125,1.02096
2008-07-01,1.02096,1.02288,1.013915,1.01974
2008-07-02,1.01974,1.023275,1.013145,1.01404
2008-07-03,1.01404,1.028465,1.011245,1.02631
2008-07-04,1.02631,1.027845,1.023245,1.02531
2008-07-07,1.02513,1.034345,1.022635,1.02707
2008-07-08,1.02707,1.034915,1.021895,1.03367
2008-07-09,1.03367,1.035385,1.02775,1.02817
2008-07-10,1.02817,1.033855,1.025415,1.02793
2008-07-11,1.02793,1.03049,1.013735,1.01621
2008-07-14,1.01376,1.025175,1.01356,1.01614
2008-07-15,1.01614,1.01779,1.001165,1.00924
2008-07-16,1.00924,1.018735,1.003005,1.01726
2008-07-17,1.01726,1.025885,1.01348,1.01931
2008-07-18,1.01931,1.025215,1.01737,1.02282
2008-07-21,1.02283,1.024215,1.01702,1.01763
2008-07-22,1.01763,1.033485,1.013715,1.03095
2008-07-23,1.03095,1.040045,1.02901,1.03757
2008-07-24,1.03757,1.040455,1.035135,1.03712
2008-07-25,1.03712,1.040785,1.031625,1.03629
2008-07-28,1.03629,1.03887,1.03252,1.03458
2008-07-29,1.03458,1.0479,1.031755,1.04682
2008-07-30,1.04682,1.052195,1.044065,1.048485
2008-07-31,1.048485,1.049685,1.040385,1.047065
2008-08-01,1.047065,1.05169,1.04602,1.04962
2008-08-04,1.04925,1.050705,1.043465,1.048295
2008-08-05,1.048295,1.055945,1.048145,1.054435
2008-08-06,1.054435,1.061055,1.050245,1.06008
2008-08-07,1.06008,1.063845,1.052345,1.06249
2008-08-08,1.06249,1.083665,1.0609,1.08234
2008-08-11,1.0851,1.088245,1.074275,1.08596
2008-08-12,1.08596,1.092615,1.08301,1.08677
2008-08-13,1.08677,1.092285,1.082585,1.08529
2008-08-14,1.08529,1.09814,1.08367,1.092825
2008-08-15,1.092825,1.100885,1.09278,1.09601
2008-08-18,1.097,1.100425,1.091225,1.097395
2008-08-19,1.097395,1.103325,1.090225,1.092135
2008-08-20,1.092135,1.104125,1.089635,1.099015
2008-08-21,1.099015,1.100085,1.084365,1.085915
2008-08-22,1.085915,1.099925,1.085425,1.09849
2008-08-25,1.09884,1.10327,1.092375,1.095915
2008-08-26,1.095915,1.108635,1.095425,1.09949
2008-08-27,1.09949,1.102545,1.091635,1.097585
2008-08-28,1.097585,1.101305,1.088375,1.098645
2008-08-29,1.098645,1.103975,1.092435,1.10142
2008-09-01,1.09881,1.104775,1.095015,1.10124
2008-09-02,1.10124,1.113105,1.101055,1.10654
2008-09-03,1.10654,1.117135,1.104125,1.10618
2008-09-04,1.10618,1.113125,1.100995,1.10906
2008-09-05,1.10906,1.11897,1.106695,1.11865
2008-09-08,1.12071,1.137335,1.1128,1.13157
2008-09-09,1.13157,1.13647,1.12138,1.12696
2008-09-10,1.12696,1.13739,1.12423,1.13664
2008-09-11,1.13664,1.14194,1.13358,1.13789
2008-09-12,1.13789,1.14016,1.12916,1.13018
2008-09-15,1.11674,1.12791,1.10563,1.11597
2008-09-16,1.11597,1.12515,1.10476,1.12258
2008-09-17,1.12258,1.12501,1.0992,1.10291
2008-09-18,1.10291,1.11105,1.08998,1.10458
2008-09-19,1.10458,1.128105,1.10079,1.10551
2008-09-22,1.10511,1.10542,1.068925,1.07443
2008-09-23,1.07443,1.08898,1.072305,1.08639
2008-09-24,1.08639,1.09191,1.08046,1.09166
2008-09-25,1.09166,1.094355,1.08013,1.09091
2008-09-26,1.09091,1.0917,1.08299,1.09054
2008-09-29,1.09339,1.10892,1.08158,1.08949
2008-09-30,1.08949,1.12481,1.0887,1.12214
2008-10-01,1.12214,1.12929,1.11455,1.12559
2008-10-02,1.12559,1.141365,1.12398,1.13561
2008-10-03,1.13561,1.140265,1.12175,1.12923
2008-10-06,1.13533,1.148805,1.12818,1.1481
2008-10-07,1.1481,1.14889,1.13606,1.13923
2008-10-08,1.13923,1.14445,1.121115,1.12623
2008-10-09,1.12623,1.134265,1.12283,1.12939
2008-10-10,1.12939,1.14114,1.11281,1.13903
2008-10-13,1.12847,1.144125,1.124615,1.13734
2008-10-14,1.13734,1.13839,1.127015,1.13725
2008-10-15,1.13725,1.14064,1.129795,1.13183
2008-10-16,1.13183,1.14902,1.128335,1.13805
2008-10-17,1.13805,1.13965,1.129245,1.13715
2008-10-20,1.13565,1.15233,1.13235,1.14937
2008-10-21,1.14937,1.1592,1.14712,1.15103
2008-10-22,1.15103,1.17136,1.15071,1.16316
2008-10-23,1.16316,1.169985,1.15876,1.15877
2008-10-24,1.15877,1.17505,1.14822,1.16702
2008-10-27,1.16999,1.17126,1.151645,1.15537
2008-10-28,1.15537,1.16569,1.15372,1.15958
2008-10-29,1.15958,1.15985,1.12525,1.13097
2008-10-30,1.13097,1.147985,1.12031,1.1393
2008-10-31,1.1393,1.16864,1.13553,1.15858
2008-11-03,1.15768,1.17493,1.14749,1.17476
2008-11-04,1.17476,1.18025,1.15695,1.16271
2008-11-05,1.16271,1.17461,1.155155,1.15807
2008-11-06,1.15807,1.17971,1.15698,1.17829
2008-11-07,1.17829,1.1798,1.16806,1.17864
2008-11-10,1.17335,1.180405,1.171385,1.17889
2008-11-11,1.17889,1.1879,1.172475,1.1877
2008-11-12,1.1877,1.18977,1.176195,1.18683
2008-11-13,1.18683,1.200305,1.182485,1.1875
2008-11-14,1.1875,1.19931,1.18392,1.19533
2008-11-17,1.2003,1.20078,1.188855,1.19855
2008-11-18,1.19855,1.20485,1.196795,1.2033
2008-11-19,1.2033,1.214735,1.19429,1.21411
2008-11-20,1.21411,1.22849,1.21005,1.2251
2008-11-21,1.2251,1.22973,1.217325,1.22285
2008-11-24,1.22225,1.22284,1.19155,1.19358
2008-11-25,1.19358,1.206195,1.18315,1.18388
2008-11-26,1.18388,1.208015,1.18366,1.20375
2008-11-27,1.20375,1.20433,1.195475,1.20016
2008-11-28,1.20016,1.22023,1.196135,1.2133
2008-12-01,1.21293,1.21542,1.201955,1.20588
2008-12-02,1.20588,1.209635,1.199495,1.20637
2008-12-03,1.20637,1.216945,1.20512,1.20934
2008-12-04,1.20934,1.218935,1.19252,1.19541
2008-12-05,1.19541,1.22512,1.19296,1.22036
2008-12-08,1.21996,1.22061,1.201805,1.20316
2008-12-09,1.20316,1.217755,1.200705,1.20549
2008-12-10,1.20549,1.208535,1.19265,1.198685
2008-12-11,1.198685,1.200235,1.17908,1.18372
2008-12-12,1.18372,1.18707,1.17373,1.17711
2008-12-15,1.17693,1.17693,1.156445,1.15955
2008-12-16,1.15955,1.15975,1.11446,1.12439
2008-12-17,1.12439,1.12509,1.07154,1.07194
2008-12-18,1.07194,1.08693,1.040955,1.08364
2008-12-19,1.08364,1.11369,1.07427,1.1038
2008-12-22,1.10198,1.10523,1.088095,1.09386
2008-12-23,1.09386,1.09474,1.08313,1.08862
2008-12-24,1.08862,1.08939,1.07114,1.07323
2008-12-25,1.07323,1.07904,1.07307,1.07877
2008-12-26,1.07877,1.07969,1.06703,1.0707
2008-12-29,1.06808,1.06812,1.03703,1.06229
2008-12-30,1.06229,1.06381,1.04868,1.06015
2008-12-31,1.06015,1.07441,1.05408,1.06924
2009-01-01,1.06924,1.06924,1.0612,1.06156
2009-01-02,1.06156,1.084705,1.06114,1.0796
2009-01-05,1.07964,1.112525,1.06966,1.108935
2009-01-06,1.108935,1.12796,1.10741,1.11404
2009-01-07,1.11404,1.121145,1.08688,1.10133
2009-01-08,1.10133,1.10847,1.086375,1.09287
2009-01-09,1.09287,1.11891,1.088815,1.11318
2009-01-12,1.11219,1.124095,1.109775,1.11467
2009-01-13,1.11467,1.125465,1.11368,1.11901
2009-01-14,1.11901,1.124185,1.112315,1.11604
2009-01-15,1.11604,1.128975,1.113585,1.12458
2009-01-16,1.12458,1.125045,1.110995,1.11894
2009-01-19,1.11484,1.134765,1.11233,1.13456
2009-01-20,1.13456,1.151995,1.13171,1.14647
2009-01-21,1.14647,1.161615,1.138165,1.15327
2009-01-22,1.15327,1.15966,1.1509,1.15273
2009-01-23,1.15273,1.171595,1.15056,1.15336
2009-01-26,1.15504,1.16446,1.134525,1.13737
2009-01-27,1.13737,1.143565,1.131375,1.14261
2009-01-28,1.14261,1.156735,1.132955,1.15145
2009-01-29,1.15145,1.158225,1.140815,1.15324
2009-01-30,1.15324,1.166045,1.15154,1.16024
2009-02-02,1.16286,1.16848,1.157805,1.161345
2009-02-03,1.161345,1.16671,1.14008,1.142395
2009-02-04,1.142395,1.163805,1.14123,1.15841
2009-02-05,1.15841,1.172385,1.157375,1.17055
2009-02-06,1.17055,1.17447,1.15919,1.1613
2009-02-09,1.16022,1.167925,1.150275,1.16406
2009-02-10,1.16406,1.17817,1.15061,1.15653
2009-02-11,1.15653,1.163255,1.151125,1.158255
2009-02-12,1.158255,1.17156,1.15605,1.16328
2009-02-13,1.16328,1.166135,1.15594,1.16056
2009-02-16,1.16487,1.170755,1.158025,1.15963
2009-02-17,1.15963,1.17797,1.15905,1.16939
2009-02-18,1.16939,1.182745,1.16515,1.17828
2009-02-19,1.17828,1.180025,1.170285,1.17354
2009-02-20,1.17354,1.188545,1.14612,1.15623
2009-02-23,1.15928,1.16979,1.146055,1.16865
2009-02-24,1.16865,1.17139,1.153325,1.16011
2009-02-25,1.16011,1.174555,1.154955,1.1701
2009-02-26,1.1701,1.17315,1.159645,1.164405
2009-02-27,1.164405,1.176225,1.161315,1.17012
2009-03-02,1.17107,1.179635,1.17002,1.17584
2009-03-03,1.17584,1.17885,1.168325,1.17579
2009-03-04,1.17579,1.18495,1.16742,1.1678
2009-03-05,1.1678,1.180965,1.16463,1.17101
2009-03-06,1.17101,1.17174,1.14864,1.15818
2009-03-09,1.15833,1.168225,1.153465,1.15832
2009-03-10,1.15832,1.165135,1.143245,1.16076
2009-03-11,1.16076,1.16768,1.15209,1.15308
2009-03-12,1.15308,1.196915,1.14969,1.18482
2009-03-13,1.18482,1.193505,1.183505,1.18519
2009-03-16,1.1887,1.19126,1.180495,1.18489
2009-03-17,1.18489,1.190385,1.181295,1.18212
2009-03-18,1.18212,1.183255,1.13818,1.1413
2009-03-19,1.1413,1.145935,1.11595,1.12369
2009-03-20,1.12369,1.12992,1.11701,1.12741
2009-03-23,1.12493,1.134345,1.117075,1.12485
2009-03-24,1.12485,1.132555,1.12092,1.13175
2009-03-25,1.13175,1.132895,1.116935,1.12145
2009-03-26,1.12145,1.128945,1.118385,1.12714
2009-03-27,1.12714,1.14813,1.12244,1.14421
2009-03-30,1.14725,1.154975,1.14401,1.14856
2009-03-31,1.14856,1.151555,1.135755,1.13939
2009-04-01,1.13939,1.150595,1.13696,1.14527
2009-04-02,1.14527,1.148725,1.130655,1.13392
2009-04-03,1.13392,1.139075,1.12975,1.13106
2009-04-06,1.13015,1.140765,1.124155,1.136315
2009-04-07,1.136315,1.148365,1.13464,1.14248
2009-04-08,1.14248,1.151855,1.141455,1.1468
2009-04-09,1.1468,1.16054,1.14268,1.15613
2009-04-10,1.15613,1.1624,1.15431,1.15454
2009-04-13,1.15473,1.16091,1.13051,1.13321
2009-04-14,1.13321,1.144795,1.132225,1.13863
2009-04-15,1.13863,1.148875,1.13636,1.14287
2009-04-16,1.14287,1.152065,1.139895,1.14647
2009-04-17,1.14647,1.168935,1.145795,1.16532
2009-04-20,1.16546,1.17425,1.16543,1.16879
2009-04-21,1.16879,1.17193,1.163675,1.16757
2009-04-22,1.16757,1.1722,1.159765,1.16365
2009-04-23,1.16365,1.16764,1.15024,1.15046
2009-04-24,1.15046,1.152705,1.134985,1.13907
2009-04-27,1.13877,1.160375,1.13623,1.15559
2009-04-28,1.15559,1.15975,1.142065,1.14266
2009-04-29,1.14266,1.14471,1.129955,1.13623
2009-04-30,1.13623,1.14339,1.12715,1.14055
2009-05-01,1.14055,1.1417,1.133525,1.13564
2009-05-04,1.13592,1.142155,1.125225,1.12656
2009-05-05,1.12656,1.13612,1.12454,1.1323
2009-05-06,1.1323,1.13867,1.12849,1.13134
2009-05-07,1.13134,1.14255,1.125345,1.13046
2009-05-08,1.13046,1.133745,1.10508,1.10603
2009-05-11,1.10441,1.110705,1.10213,1.10943
2009-05-12,1.10943,1.110635,1.100415,1.10549
2009-05-13,1.10549,1.110055,1.097755,1.10668
2009-05-14,1.10668,1.112355,1.102725,1.10429
2009-05-15,1.10429,1.12478,1.103715,1.12147
2009-05-18,1.12243,1.12663,1.11398,1.1142
2009-05-19,1.1142,1.11654,1.106975,1.10938
2009-05-20,1.10938,1.11294,1.09682,1.10026
2009-05-21,1.10026,1.105525,1.0917,1.09355
2009-05-22,1.09355,1.09364,1.0811,1.08537
2009-05-25,1.08381,1.0872,1.08151,1.08251
2009-05-26,1.08251,1.09275,1.081255,1.08388
2009-05-27,1.08388,1.093805,1.08106,1.093415
2009-05-28,1.093415,1.09548,1.080395,1.08429
2009-05-29,1.08429,1.086055,1.065645,1.06694
2009-06-01,1.06688,1.072575,1.06189,1.07023
2009-06-02,1.07023,1.07445,1.059225,1.06176
2009-06-03,1.06176,1.074735,1.06023,1.0701
2009-06-04,1.0701,1.07672,1.064115,1.06896
2009-06-05,1.06896,1.090875,1.06622,1.08569
2009-06-08,1.08629,1.09867,1.08359,1.09146
2009-06-09,1.09146,1.09535,1.076265,1.07855
2009-06-10,1.07855,1.085685,1.07206,1.08032
2009-06-11,1.08032,1.08402,1.064985,1.07035
2009-06-12,1.07035,1.0847,1.06873,1.07911
2009-06-15,1.08026,1.095095,1.07833,1.091375
2009-06-16,1.091375,1.095675,1.082275,1.08843
2009-06-17,1.08843,1.09242,1.07641,1.08
2009-06-18,1.08,1.089795,1.07621,1.08626
2009-06-19,1.08626,1.08935,1.07656,1.08142
2009-06-22,1.08037,1.08971,1.07933,1.08633
2009-06-23,1.08633,1.08823,1.06431,1.06671
2009-06-24,1.06671,1.102265,1.06322,1.09809
2009-06-25,1.09809,1.10184,1.092175,1.094125
2009-06-26,1.094125,1.09481,1.07966,1.08372
2009-06-29,1.08272,1.09117,1.0809,1.08241
2009-06-30,1.08241,1.08909,1.0778,1.08636
2009-07-01,1.08636,1.0886,1.070725,1.07529
2009-07-02,1.07529,1.08698,1.07416,1.08453
2009-07-03,1.08453,1.09019,1.08306,1.08661
2009-07-06,1.08806,1.0956,1.08375,1.084435
2009-07-07,1.084435,1.09147,1.08014,1.08875
2009-07-08,1.08875,1.09421,1.08771,1.09022
2009-07-09,1.09022,1.09167,1.075185,1.07863
2009-07-10,1.07863,1.09245,1.07794,1.08652
2009-07-13,1.0851,1.089,1.08089,1.083045
2009-07-14,1.083045,1.09396,1.080685,1.08889
2009-07-15,1.08889,1.08954,1.0723,1.07435
2009-07-16,1.07435,1.07902,1.07042,1.07302
2009-07-17,1.07302,1.08173,1.07288,1.07685
2009-07-20,1.07734,1.07748,1.06567,1.06794
2009-07-21,1.06794,1.07165,1.06232,1.065815
2009-07-22,1.065815,1.07142,1.06308,1.065735
2009-07-23,1.065735,1.07709,1.06335,1.07516
2009-07-24,1.07516,1.07597,1.06739,1.07208
2009-07-27,1.07,1.07422,1.06548,1.0709
2009-07-28,1.0709,1.07969,1.06579,1.07549
2009-07-29,1.07549,1.09074,1.07329,1.08711
2009-07-30,1.08711,1.09345,1.08421,1.087595
2009-07-31,1.087595,1.08913,1.06596,1.06839
2009-08-03,1.06772,1.07326,1.05629,1.05937
2009-08-04,1.05937,1.06465,1.05776,1.05999
2009-08-05,1.05999,1.06608,1.05857,1.06194
2009-08-06,1.06194,1.06807,1.06033,1.06557
2009-08-07,1.06557,1.08439,1.05787,1.0811
2009-08-10,1.08208,1.08836,1.07981,1.08545
2009-08-11,1.08545,1.086495,1.07912,1.0819
2009-08-12,1.0819,1.08469,1.0733,1.07816
2009-08-13,1.07816,1.07908,1.06754,1.069725
2009-08-14,1.069725,1.07517,1.06716,1.07192
2009-08-17,1.07372,1.08347,1.07288,1.07796
2009-08-18,1.07796,1.0802,1.074295,1.07567
2009-08-19,1.07567,1.07818,1.06246,1.06612
2009-08-20,1.06612,1.06851,1.06201,1.06299
2009-08-21,1.06299,1.0655,1.05543,1.05844
2009-08-24,1.05776,1.06307,1.05646,1.06131
2009-08-25,1.06131,1.06404,1.05657,1.06159
2009-08-26,1.06159,1.07139,1.05812,1.06773
2009-08-27,1.06773,1.07052,1.053105,1.05948
2009-08-28,1.05948,1.061875,1.05404,1.05974
2009-08-31,1.0595,1.06357,1.05564,1.05896
2009-09-01,1.05896,1.07059,1.05449,1.06544
2009-09-02,1.06544,1.06863,1.05819,1.06096
2009-09-03,1.06096,1.06367,1.05473,1.06266
2009-09-04,1.06266,1.06988,1.05789,1.0607
2009-09-07,1.06062,1.06097,1.05561,1.0599
2009-09-08,1.0599,1.06029,1.04323,1.04742
2009-09-09,1.04742,1.04887,1.03851,1.04105
2009-09-10,1.04105,1.04641,1.03604,1.03852
2009-09-11,1.03852,1.039915,1.03404,1.0384
2009-09-14,1.036,1.042345,1.03287,1.034545
2009-09-15,1.034545,1.04191,1.03237,1.03488
2009-09-16,1.03488,1.03685,1.02977,1.032035
2009-09-17,1.032035,1.035915,1.02754,1.02827
2009-09-18,1.02827,1.03468,1.02768,1.0296
2009-09-21,1.02992,1.03892,1.02897,1.03227
2009-09-22,1.03227,1.03274,1.02162,1.023515
2009-09-23,1.023515,1.02748,1.01867,1.02677
2009-09-24,1.02677,1.0323,1.02095,1.029665
2009-09-25,1.029665,1.03417,1.02438,1.02748
2009-09-28,1.02721,1.03749,1.02514,1.032425
2009-09-29,1.032425,1.04054,1.0313,1.036185
2009-09-30,1.036185,1.045,1.02839,1.036185
2009-10-01,1.036185,1.04526,1.03385,1.04072
2009-10-02,1.04072,1.0436,1.03098,1.0352
2009-10-05,1.03271,1.03582,1.030725,1.03222
2009-10-06,1.03222,1.03242,1.02372,1.02684
2009-10-07,1.02684,1.03598,1.02584,1.03279
2009-10-08,1.03279,1.033445,1.02309,1.025805
2009-10-09,1.025805,1.0352,1.025805,1.03132
2009-10-12,1.03142,1.03526,1.02338,1.02692
2009-10-13,1.02692,1.02776,1.01941,1.02158
2009-10-14,1.02158,1.02284,1.01294,1.01499
2009-10-15,1.01499,1.01964,1.01186,1.01463
2009-10-16,1.01463,1.02238,1.01297,1.01821
2009-10-19,1.01913,1.022875,1.01133,1.01137
2009-10-20,1.01137,1.01683,1.00829,1.01158
2009-10-21,1.01158,1.01544,1.00365,1.00602
2009-10-22,1.00602,1.01234,1.004095,1.004545
2009-10-23,1.004545,1.0102,1.00333,1.00881
2009-10-26,1.00904,1.02023,1.005245,1.0181
2009-10-27,1.0181,1.02509,1.014905,1.02183
2009-10-28,1.02183,1.02785,1.019215,1.02709
2009-10-29,1.02709,1.02869,1.01686,1.019105
2009-10-30,1.019105,1.02758,1.01574,1.02637
2009-11-02,1.02573,1.02796,1.01659,1.02161
2009-11-03,1.02161,1.03379,1.01952,1.02592
2009-11-04,1.02592,1.027815,1.012925,1.016245
2009-11-05,1.016245,1.01934,1.013295,1.01618
2009-11-06,1.01618,1.02027,1.01268,1.01728
2009-11-09,1.01465,1.017295,1.00554,1.00771
2009-11-10,1.00771,1.01091,1.00608,1.007555
2009-11-11,1.007555,1.0099,1.00356,1.007875
2009-11-12,1.007875,1.01937,1.005935,1.017365
2009-11-13,1.017365,1.01857,1.01017,1.01261
2009-11-16,1.01209,1.01445,1.00476,1.00759
2009-11-17,1.00759,1.02088,1.00607,1.0161
2009-11-18,1.0161,1.01695,1.007755,1.009885
2009-11-19,1.009885,1.019545,1.009705,1.01293
2009-11-20,1.01293,1.022375,1.012355,1.01805
2009-11-23,1.01839,1.01996,1.007245,1.010025
2009-11-24,1.010025,1.01524,1.00771,1.00877
2009-11-25,1.00877,1.009575,0.995615,0.99645
2009-11-26,0.99645,1.00704,0.991245,1.00279
2009-11-27,1.00279,1.01759,1.002545,1.00574
2009-11-30,1.00422,1.00759,0.99939,1.00533
2009-12-01,1.00533,1.007535,0.9971,0.99952
2009-12-02,0.99952,1.00273,0.99795,1.00204
2009-12-03,1.00204,1.00209,0.99615,1.00119
2009-12-04,1.00119,1.01913,0.99852,1.01663
2009-12-07,1.01674,1.02444,1.01372,1.01957
2009-12-08,1.01957,1.028695,1.016485,1.02707
2009-12-09,1.02707,1.03009,1.02194,1.02687
2009-12-10,1.02687,1.03029,1.023815,1.02605
2009-12-11,1.02605,1.036865,1.023565,1.0346
2009-12-14,1.03441,1.03626,1.029565,1.03163
2009-12-15,1.03163,1.042925,1.03115,1.04033
2009-12-16,1.04033,1.042535,1.03464,1.03851
2009-12-17,1.03851,1.050835,1.03827,1.04765
2009-12-18,1.04765,1.049695,1.038795,1.04265
2009-12-21,1.03962,1.04819,1.03863,1.04613
2009-12-22,1.04613,1.05035,1.04425,1.04899
2009-12-23,1.04899,1.049855,1.036005,1.03893
2009-12-24,1.03893,1.04002,1.03218,1.0374
2009-12-25,1.0374,1.03782,1.03495,1.03497
2009-12-28,1.03537,1.03891,1.03286,1.03475
2009-12-29,1.03475,1.03856,1.02793,1.03675
2009-12-30,1.03675,1.042225,1.035175,1.03663
2009-12-31,1.03663,1.03861,1.02862,1.03519
2010-01-04,1.03699,1.041995,1.02629,1.02981
2010-01-05,1.02981,1.03613,1.02535,1.03351
2010-01-06,1.03351,1.037995,1.024975,1.02765
2010-01-07,1.02765,1.03717,1.024275,1.03411
2010-01-08,1.03411,1.03853,1.02174,1.02395
2010-01-11,1.02241,1.02416,1.013135,1.01655
2010-01-12,1.01655,1.020905,1.01456,1.01859
2010-01-13,1.01859,1.021935,1.013835,1.01819
2010-01-14,1.01819,1.02349,1.016075,1.01869
2010-01-15,1.01869,1.028695,1.018035,1.02545
2010-01-18,1.02772,1.0292,1.02365,1.02482
2010-01-19,1.02482,1.035515,1.022835,1.03268
2010-01-20,1.03268,1.046255,1.03185,1.044
2010-01-21,1.044,1.049605,1.040375,1.04274
2010-01-22,1.04274,1.04459,1.03754,1.04143
2010-01-25,1.04022,1.042425,1.036835,1.03973
2010-01-26,1.03973,1.04925,1.037925,1.04636
2010-01-27,1.04636,1.052535,1.044735,1.05016
2010-01-28,1.05016,1.055565,1.04769,1.05218
2010-01-29,1.05218,1.06432,1.04829,1.06079
2010-02-01,1.060465,1.062565,1.05544,1.05637
2010-02-02,1.05637,1.06074,1.05418,1.05494
2010-02-03,1.05494,1.06005,1.04981,1.05947
2010-02-04,1.05947,1.067575,1.058065,1.06691
2010-02-05,1.06691,1.07961,1.064695,1.07244
2010-02-08,1.074755,1.07735,1.068415,1.07342
2010-02-09,1.07342,1.074745,1.060945,1.06367
2010-02-10,1.06367,1.07208,1.061895,1.06765
2010-02-11,1.06765,1.078345,1.06274,1.07043
2010-02-12,1.07043,1.082805,1.070055,1.07546
2010-02-15,1.07668,1.080395,1.07543,1.07765
2010-02-16,1.07765,1.078955,1.06537,1.06601
2010-02-17,1.06601,1.08,1.064755,1.07837
2010-02-18,1.07837,1.08568,1.074915,1.083765
2010-02-19,1.083765,1.089835,1.07501,1.07562
2010-02-22,1.07437,1.0789,1.07398,1.07622
2010-02-23,1.07622,1.08482,1.07157,1.08396
2010-02-24,1.08396,1.08427,1.07381,1.08102
2010-02-25,1.08102,1.08794,1.07847,1.08012
2010-02-26,1.08012,1.081665,1.06948,1.07338
2010-03-01,1.0739,1.08711,1.07201,1.07932
2010-03-02,1.07932,1.08896,1.0744,1.07479
2010-03-03,1.07479,1.07636,1.06493,1.06791
2010-03-04,1.06791,1.079565,1.06696,1.0772
2010-03-05,1.0772,1.08102,1.073555,1.07407
2010-03-08,1.07335,1.07487,1.06758,1.07327
2010-03-09,1.07327,1.08047,1.07273,1.0751
2010-03-10,1.0751,1.07947,1.068615,1.06988
2010-03-11,1.06988,1.073155,1.068155,1.06835
2010-03-12,1.06835,1.06966,1.05772,1.0579
2010-03-15,1.05742,1.06426,1.05739,1.06193
2010-03-16,1.06193,1.06271,1.05339,1.05468
2010-03-17,1.05468,1.056525,1.050775,1.05406
2010-03-18,1.05406,1.064655,1.05333,1.05805
2010-03-19,1.05805,1.063515,1.054035,1.06146
2010-03-22,1.06119,1.066185,1.056275,1.05814
2010-03-23,1.05814,1.06388,1.05472,1.05743
2010-03-24,1.05743,1.0739,1.05594,1.07286
2010-03-25,1.07286,1.075145,1.067365,1.07436
2010-03-26,1.07436,1.074585,1.06361,1.06517
2010-03-29,1.05888,1.06909,1.05832,1.06234
2010-03-30,1.06234,1.06807,1.05881,1.06658
2010-03-31,1.06658,1.06841,1.048905,1.05398
2010-04-01,1.05398,1.061135,1.043495,1.05407
2010-04-02,1.05407,1.06441,1.05375,1.06097
2010-04-05,1.06155,1.06446,1.05849,1.06228
2010-04-06,1.06228,1.072215,1.06141,1.06887
2010-04-07,1.06887,1.074515,1.06805,1.07387
2010-04-08,1.07387,1.078585,1.07158,1.07292
2010-04-09,1.07292,1.07627,1.065555,1.06582
2010-04-12,1.05353,1.061655,1.05294,1.05916
2010-04-13,1.05916,1.06035,1.05346,1.05368
2010-04-14,1.05368,1.056085,1.05026,1.05186
2010-04-15,1.05186,1.061255,1.05076,1.0564
2010-04-16,1.0564,1.06342,1.05577,1.06141
2010-04-19,1.06361,1.069065,1.0616,1.06305
2010-04-20,1.06305,1.0691,1.060275,1.06862
2010-04-21,1.06862,1.0725,1.06597,1.07046
2010-04-22,1.07046,1.08041,1.06742,1.07807
2010-04-23,1.07807,1.08507,1.0716,1.07236
2010-04-26,1.07495,1.078745,1.07142,1.07297
2010-04-27,1.07297,1.08833,1.07001,1.0879
2010-04-28,1.0879,1.092455,1.081505,1.0845
2010-04-29,1.0845,1.08689,1.080755,1.08385
2010-04-30,1.08385,1.08469,1.074745,1.0776
2010-05-03,1.07361,1.088975,1.07317,1.0858
2010-05-04,1.0858,1.10348,1.08417,1.10298
2010-05-05,1.10298,1.118775,1.102335,1.1181
2010-05-06,1.1181,1.12465,1.10176,1.11404
2010-05-07,1.11404,1.11772,1.10502,1.10821
2010-05-10,1.10057,1.11172,1.092365,1.10987
2010-05-11,1.10987,1.11335,1.10367,1.11178
2010-05-12,1.11178,1.11396,1.10594,1.11147
2010-05-13,1.11147,1.11881,1.107765,1.11757
2010-05-14,1.11757,1.13371,1.11515,1.13357
2010-05-17,1.13475,1.1446,1.12978,1.1312
2010-05-18,1.1312,1.1516,1.12683,1.14772
2010-05-19,1.14772,1.158655,1.14193,1.15053
2010-05-20,1.15053,1.15751,1.14526,1.15072
2010-05-21,1.15072,1.15823,1.14506,1.14945
2010-05-24,1.15058,1.161105,1.14908,1.15906
2010-05-25,1.15906,1.169605,1.156085,1.15706
2010-05-26,1.15706,1.16238,1.15152,1.16038
2010-05-27,1.16038,1.165555,1.14857,1.15104
2010-05-28,1.15104,1.15969,1.14813,1.15914
2010-05-31,1.15897,1.15942,1.15352,1.15481
2010-06-01,1.15481,1.17315,1.14695,1.15698
2010-06-02,1.15698,1.16026,1.15283,1.15485
2010-06-03,1.15485,1.15737,1.14971,1.1565
2010-06-04,1.1565,1.16444,1.14195,1.16284
2010-06-07,1.16453,1.16741,1.15856,1.16314
2010-06-08,1.16314,1.16421,1.14859,1.1526
2010-06-09,1.1526,1.15556,1.1416,1.14841
2010-06-10,1.14841,1.15041,1.1398,1.14195
2010-06-11,1.14195,1.154665,1.140605,1.14967
2010-06-14,1.14808,1.149,1.13511,1.14203
2010-06-15,1.14203,1.148005,1.129355,1.13308
2010-06-16,1.13308,1.13395,1.125065,1.1311
2010-06-17,1.1311,1.133025,1.10959,1.11197
2010-06-18,1.11197,1.11316,1.10822,1.10856
2010-06-21,1.10444,1.11377,1.09934,1.11228
2010-06-22,1.11228,1.11233,1.10364,1.10741
2010-06-23,1.10741,1.113835,1.10207,1.10522
2010-06-24,1.10522,1.106735,1.098405,1.10296
2010-06-25,1.10296,1.10478,1.09213,1.09303
2010-06-28,1.09322,1.09434,1.08168,1.08677
2010-06-29,1.08677,1.09028,1.08017,1.08201
2010-06-30,1.08201,1.085565,1.07523,1.07738
2010-07-01,1.07738,1.07898,1.05786,1.05918
2010-07-02,1.05918,1.069745,1.05831,1.06279
2010-07-05,1.06348,1.06743,1.06197,1.06461
2010-07-06,1.06461,1.06673,1.0562,1.05918
2010-07-07,1.05918,1.06375,1.05094,1.05175
2010-07-08,1.05175,1.056425,1.04819,1.04922
2010-07-09,1.04922,1.059295,1.04892,1.05772
2010-07-12,1.05763,1.067595,1.054775,1.06049
2010-07-13,1.06049,1.0646,1.05151,1.05467
2010-07-14,1.05467,1.06178,1.05253,1.05259
2010-07-15,1.05259,1.054705,1.040145,1.04086
2010-07-16,1.04086,1.054255,1.040025,1.05071
2010-07-19,1.04897,1.05601,1.04464,1.05505
2010-07-20,1.05505,1.055725,1.045365,1.05282
2010-07-21,1.05282,1.05429,1.048525,1.05154
2010-07-22,1.05154,1.05154,1.039445,1.0429
2010-07-23,1.0429,1.056405,1.04078,1.0547
2010-07-26,1.05476,1.055565,1.046085,1.04857
2010-07-27,1.04857,1.064035,1.04814,1.06062
2010-07-28,1.06062,1.062405,1.05379,1.05672
2010-07-29,1.05672,1.05809,1.037455,1.04098
2010-07-30,1.04098,1.046585,1.036195,1.04121
2010-08-02,1.04034,1.047625,1.034795,1.03896
2010-08-03,1.03896,1.04144,1.034865,1.03923
2010-08-04,1.03923,1.055515,1.037965,1.05309
2010-08-05,1.05309,1.05428,1.041325,1.04623
2010-08-06,1.04623,1.050905,1.03322,1.03903
2010-08-09,1.03761,1.049875,1.03742,1.04932
2010-08-10,1.04932,1.06183,1.04612,1.04856
2010-08-11,1.04856,1.06019,1.047535,1.06008
2010-08-12,1.06008,1.06273,1.046595,1.04996
2010-08-13,1.04996,1.054825,1.048265,1.05102
2010-08-16,1.05086,1.05348,1.035125,1.03939
2010-08-17,1.03939,1.04481,1.036315,1.04344
2010-08-18,1.04344,1.04528,1.038595,1.04254
2010-08-19,1.04254,1.04657,1.025795,1.03209
2010-08-20,1.03209,1.039275,1.02872,1.03395
2010-08-23,1.03495,1.041305,1.03022,1.04083
2010-08-24,1.04083,1.045065,1.0287,1.03286
2010-08-25,1.03286,1.03412,1.024835,1.0305
2010-08-26,1.0305,1.03184,1.02226,1.02401
2010-08-27,1.02401,1.03053,1.022095,1.02792
2010-08-30,1.02773,1.03094,1.023785,1.02608
2010-08-31,1.02608,1.02639,1.0136,1.01508
2010-09-01,1.01508,1.018205,1.006545,1.01586
2010-09-02,1.01586,1.01853,1.009595,1.01262
2010-09-03,1.01262,1.02387,1.01104,1.01647
2010-09-06,1.01647,1.01837,1.01098,1.012425
2010-09-07,1.012425,1.014755,1.007875,1.01142
2010-09-08,1.01142,1.01401,1.006135,1.01142
2010-09-09,1.01142,1.016725,1.010045,1.01509
2010-09-10,1.01509,1.0278,1.01366,1.01978
2010-09-13,1.02002,1.020775,1.007165,1.00741
2010-09-14,1.00741,1.00875,0.993315,0.99612
2010-09-15,0.99612,1.0049,0.99476,1.00326
2010-09-16,1.00326,1.017105,0.999865,1.01573
2010-09-17,1.01573,1.018245,1.007025,1.00983
2010-09-20,1.00929,1.01193,1.003025,1.00497
2010-09-21,1.00497,1.00754,0.99618,0.99635
2010-09-22,0.99635,0.99827,0.98384,0.98615
2010-09-23,0.98615,0.98996,0.98052,0.98552
2010-09-24,0.98552,0.98821,0.977975,0.98305
2010-09-27,0.9822,0.98716,0.98168,0.9853
2010-09-28,0.9853,0.987855,0.973825,0.97576
2010-09-29,0.97576,0.98152,0.97336,0.97704
2010-09-30,0.97704,0.983995,0.970865,0.98257
2010-10-01,0.98257,0.98443,0.97217,0.97371
2010-10-04,0.97372,0.97903,0.970465,0.9715
2010-10-05,0.9715,0.97395,0.96455,0.96621
2010-10-06,0.96621,0.96847,0.959955,0.9616
2010-10-07,0.9616,0.970145,0.95554,0.96623
2010-10-08,0.96623,0.969775,0.95918,0.96263
2010-10-11,0.96068,0.9664,0.95867,0.96488
2010-10-12,0.96488,0.972875,0.955535,0.95681
2010-10-13,0.95681,0.96418,0.954525,0.95833
2010-10-14,0.95833,0.958865,0.94634,0.95298
2010-10-15,0.95298,0.960195,0.94857,0.9589
2010-10-18,0.95807,0.96497,0.95421,0.95949
2010-10-19,0.95949,0.97572,0.95782,0.97181
2010-10-20,0.97181,0.97189,0.957255,0.96178
2010-10-21,0.96178,0.96823,0.96121,0.96781
2010-10-22,0.96781,0.98049,0.9661,0.97705
2010-10-25,0.97466,0.978435,0.96633,0.97098
2010-10-26,0.97098,0.988215,0.970305,0.98435
2010-10-27,0.98435,0.992945,0.983905,0.99041
2010-10-28,0.99041,0.99071,0.98044,0.98341
2010-10-29,0.98341,0.99107,0.9822,0.98235
2010-11-01,0.98243,0.99715,0.98132,0.99189
2010-11-02,0.99189,0.9933,0.97585,0.97946
2010-11-03,0.97946,0.982375,0.96927,0.97075
2010-11-04,0.97075,0.97374,0.95692,0.95842
2010-11-05,0.95842,0.964165,0.95482,0.96135
2010-11-08,0.96183,0.96817,0.9603,0.96605
2010-11-09,0.96605,0.969625,0.958705,0.96815
2010-11-10,0.96815,0.97676,0.96741,0.97079
2010-11-11,0.97079,0.97864,0.96712,0.97514
2010-11-12,0.97514,0.98138,0.9724,0.98091
2010-11-15,0.97871,0.98718,0.97633,0.98463
2010-11-16,0.98463,0.997665,0.98291,0.99596
2010-11-17,0.99596,0.99764,0.98827,0.99154
2010-11-18,0.99154,0.99985,0.98553,0.99586
2010-11-19,0.99586,0.999735,0.987645,0.99228
2010-11-22,0.99228,0.994135,0.987775,0.98958
2010-11-23,0.98958,0.997535,0.984925,0.9974
2010-11-24,0.9974,0.998925,0.989905,0.99591
2010-11-25,0.99591,1.002045,0.9944,1.00061
2010-11-26,1.00061,1.00548,0.998445,1.00326
2010-11-29,1.00288,1.004645,0.99887,1.00009
2010-11-30,1.00009,1.0044,0.99266,1.00352
2010-12-01,1.00352,1.006605,0.998735,1.00244
2010-12-02,1.00244,1.00541,0.988815,0.99285
2010-12-03,0.99285,0.99505,0.97268,0.9736
2010-12-06,0.97561,0.98743,0.972645,0.98164
2010-12-07,0.98164,0.98848,0.97573,0.98765
2010-12-08,0.98765,0.99158,0.984935,0.98614
2010-12-09,0.98614,0.98954,0.980995,0.98351
2010-12-10,0.98351,0.984165,0.979535,0.98109
2010-12-13,0.98412,0.985105,0.96491,0.96778
2010-12-14,0.96778,0.96908,0.95623,0.95956
2010-12-15,0.95956,0.969595,0.95752,0.96814
2010-12-16,0.96814,0.9734,0.96417,0.96439
2010-12-17,0.96439,0.971995,0.95591,0.96881
2010-12-20,0.96826,0.972055,0.963205,0.96487
2010-12-21,0.96487,0.96555,0.9563,0.958135
2010-12-22,0.958135,0.959125,0.950335,0.95211
2010-12-23,0.95211,0.96657,0.949795,0.95876
2010-12-24,0.95876,0.96355,0.955235,0.96226
2010-12-27,0.96153,0.964645,0.95758,0.959745
2010-12-28,0.959745,0.96064,0.94345,0.95273
2010-12-29,0.95273,0.953325,0.945515,0.94571
2010-12-30,0.94571,0.9461,0.93509,0.93514
2010-12-31,0.93514,0.939785,0.93006,0.93452
2011-01-03,0.93475,0.93837,0.93212,0.93344
2011-01-04,0.93344,0.95172,0.932735,0.94856
2011-01-05,0.94856,0.96855,0.946935,0.96591
2011-01-06,0.96591,0.97081,0.96108,0.96554
2011-01-07,0.96554,0.969045,0.96049,0.96725
2011-01-10,0.96869,0.97269,0.96312,0.96746
2011-01-11,0.96746,0.978435,0.966105,0.97374
2011-01-12,0.97374,0.975605,0.9662,0.96668
2011-01-13,0.96668,0.97641,0.961305,0.963865
2011-01-14,0.963865,0.968705,0.960495,0.9635
2011-01-17,0.96267,0.967685,0.96267,0.96461
2011-01-18,0.96461,0.9657,0.95514,0.96338
2011-01-19,0.96338,0.964755,0.95209,0.9548
2011-01-20,0.9548,0.968495,0.95277,0.9674
2011-01-21,0.9674,0.96876,0.9573,0.95837
2011-01-24,0.95612,0.9623,0.947115,0.94921
2011-01-25,0.94921,0.952275,0.940355,0.9424
2011-01-26,0.9424,0.946535,0.940055,0.941465
2011-01-27,0.941465,0.948205,0.93905,0.9455
2011-01-28,0.9455,0.947135,0.94033,0.94191
2011-01-31,0.94128,0.94492,0.93693,0.94401
2011-02-01,0.94401,0.945615,0.933735,0.935335
2011-02-02,0.935335,0.94424,0.932905,0.94012
2011-02-03,0.94012,0.952515,0.939585,0.94555
2011-02-04,0.94555,0.959405,0.94505,0.95515
2011-02-07,0.95779,0.95983,0.95308,0.95548
2011-02-08,0.95548,0.96432,0.95241,0.96327
2011-02-09,0.96327,0.96609,0.95524,0.95779
2011-02-10,0.95779,0.97028,0.95751,0.96908
2011-02-11,0.96908,0.977525,0.96793,0.97311
2011-02-14,0.97461,0.97461,0.96922,0.969995
2011-02-15,0.969995,0.972935,0.965025,0.96705
2011-02-16,0.96705,0.97389,0.955355,0.95943
2011-02-17,0.95943,0.960215,0.947835,0.94966
2011-02-18,0.94966,0.95393,0.94371,0.94449
2011-02-21,0.94338,0.9489,0.94338,0.94683
2011-02-22,0.94683,0.9506,0.936665,0.9388
2011-02-23,0.9388,0.93923,0.930835,0.93307
2011-02-24,0.93307,0.933545,0.92342,0.92641
2011-02-25,0.92641,0.931885,0.92359,0.92823
2011-02-28,0.92835,0.93066,0.92593,0.92883
2011-03-01,0.92883,0.93221,0.92747,0.92848
2011-03-02,0.92848,0.929125,0.92025,0.92355
2011-03-03,0.92355,0.93268,0.923305,0.93163
2011-03-04,0.93163,0.933055,0.922415,0.92461
2011-03-07,0.92542,0.927575,0.923645,0.92666
2011-03-08,0.92666,0.9364,0.92622,0.9352
2011-03-09,0.9352,0.93693,0.92689,0.92954
2011-03-10,0.92954,0.936285,0.92816,0.93197
2011-03-11,0.93197,0.935895,0.926875,0.92966
2011-03-14,0.92749,0.931665,0.922995,0.924365
2011-03-15,0.924365,0.92516,0.914125,0.91653
2011-03-16,0.91653,0.91982,0.907185,0.90807
2011-03-17,0.90807,0.90819,0.89193,0.89854
2011-03-18,0.89854,0.9091,0.8964,0.90057
2011-03-21,0.89967,0.9075,0.89963,0.90456
2011-03-22,0.90456,0.90575,0.90136,0.90341
2011-03-23,0.90341,0.90886,0.897905,0.908495
2011-03-24,0.908495,0.912385,0.90297,0.90853
2011-03-25,0.90853,0.92149,0.907555,0.91993
2011-03-28,0.92184,0.92343,0.91523,0.91681
2011-03-29,0.91681,0.922435,0.91406,0.92012
2011-03-30,0.92012,0.92749,0.91761,0.9184
2011-03-31,0.9184,0.91972,0.912665,0.91903
2011-04-01,0.91903,0.93404,0.91819,0.92388
2011-04-04,0.92427,0.92622,0.91922,0.923095
2011-04-05,0.923095,0.92734,0.92057,0.92535
2011-04-06,0.92535,0.92957,0.91306,0.91895
2011-04-07,0.91895,0.92003,0.915325,0.91639
2011-04-08,0.91639,0.916945,0.90594,0.90644
2011-04-11,0.90728,0.91048,0.90471,0.90663
2011-04-12,0.90663,0.90753,0.89425,0.89698
2011-04-13,0.89698,0.89916,0.89291,0.89638
2011-04-14,0.89638,0.897,0.88967,0.89247
2011-04-15,0.89247,0.895955,0.89159,0.89225
2011-04-18,0.89284,0.90003,0.89058,0.896445
2011-04-19,0.896445,0.900775,0.89461,0.89986
2011-04-20,0.89986,0.90139,0.88753,0.88799
2011-04-21,0.88799,0.8893,0.878095,0.88614
2011-04-22,0.88614,0.887875,0.884715,0.88633
2011-04-25,0.88553,0.8874,0.877265,0.88112
2011-04-26,0.88112,0.88531,0.87456,0.87519
2011-04-27,0.87519,0.88342,0.86711,0.87462
2011-04-28,0.87462,0.87601,0.86892,0.87363
2011-04-29,0.87363,0.87485,0.862665,0.8653
2011-05-02,0.86524,0.86968,0.86258,0.86531
2011-05-03,0.86531,0.867355,0.85962,0.86132
2011-05-04,0.86132,0.86482,0.85541,0.86175
2011-05-05,0.86175,0.871335,0.8557,0.87059
2011-05-06,0.87059,0.87983,0.867705,0.87915
2011-05-09,0.87882,0.87882,0.87099,0.87177
2011-05-10,0.87177,0.882315,0.870845,0.8798
2011-05-11,0.8798,0.888405,0.87842,0.88772
2011-05-12,0.88772,0.89043,0.882645,0.8841
2011-05-13,0.8841,0.894615,0.879795,0.89284
2011-05-16,0.89302,0.8939,0.879965,0.88458
2011-05-17,0.88458,0.88828,0.87979,0.88013
2011-05-18,0.88013,0.88443,0.878395,0.88094
2011-05-19,0.88094,0.88789,0.87662,0.88077
2011-05-20,0.88077,0.88557,0.87476,0.87765
2011-05-23,0.87932,0.88489,0.87563,0.8838
2011-05-24,0.8838,0.889315,0.87829,0.88007
2011-05-25,0.88007,0.881425,0.87095,0.872625
2011-05-26,0.872625,0.87335,0.86506,0.86555
2011-05-27,0.86555,0.8663,0.84648,0.84938
2011-05-30,0.84911,0.85309,0.84905,0.85228
2011-05-31,0.85228,0.85464,0.846645,0.853955
2011-06-01,0.853955,0.854335,0.83834,0.84196
2011-06-02,0.84196,0.84531,0.84025,0.84248
2011-06-03,0.84248,0.84463,0.83316,0.83378
2011-06-06,0.83528,0.838635,0.83278,0.83469
2011-06-07,0.83469,0.839095,0.832715,0.836235
2011-06-08,0.836235,0.83805,0.83472,0.83599
2011-06-09,0.83599,0.844625,0.83552,0.84141
2011-06-10,0.84141,0.84402,0.839725,0.84307
2011-06-13,0.84326,0.846805,0.8354,0.83725
2011-06-14,0.83725,0.84575,0.83482,0.845405
2011-06-15,0.845405,0.855115,0.84436,0.85296
2011-06-16,0.85296,0.85501,0.84729,0.84761
2011-06-17,0.84761,0.851,0.84428,0.8486
2011-06-20,0.84936,0.85169,0.84071,0.84627
2011-06-21,0.84627,0.84631,0.840095,0.84054
2011-06-22,0.84054,0.84329,0.83405,0.83925
2011-06-23,0.83925,0.84387,0.8365,0.83876
2011-06-24,0.83876,0.839515,0.83202,0.8331
2011-06-27,0.83294,0.83848,0.831935,0.83521
2011-06-28,0.83521,0.83585,0.82758,0.83185
2011-06-29,0.83185,0.83684,0.829755,0.83417
2011-06-30,0.83417,0.84641,0.83059,0.84049
2011-07-01,0.84049,0.852665,0.84006,0.84647
2011-07-04,0.84854,0.850305,0.846355,0.84801
2011-07-05,0.84801,0.850685,0.83844,0.84059
2011-07-06,0.84059,0.844305,0.83639,0.83941
2011-07-07,0.83941,0.84953,0.837995,0.84427
2011-07-08,0.84427,0.852025,0.83601,0.83669
2011-07-11,0.83856,0.83879,0.83307,0.83583
2011-07-12,0.83583,0.839825,0.8283,0.83049
2011-07-13,0.83049,0.83306,0.817435,0.81776
2011-07-14,0.81776,0.81995,0.80823,0.81601
2011-07-15,0.81601,0.81918,0.81213,0.81506
2011-07-18,0.80937,0.819385,0.80867,0.81762
2011-07-19,0.81762,0.82778,0.815215,0.82406
2011-07-20,0.82406,0.82555,0.817845,0.81971
2011-07-21,0.81971,0.82373,0.8138,0.81509
2011-07-22,0.81509,0.82476,0.81442,0.81907
2011-07-25,0.81193,0.81559,0.80212,0.80601
2011-07-26,0.80601,0.806925,0.79982,0.80129
2011-07-27,0.80129,0.80465,0.79965,0.80164
2011-07-28,0.80164,0.804635,0.79903,0.80119
2011-07-29,0.80119,0.80323,0.78513,0.78581
2011-08-01,0.79224,0.79535,0.772985,0.78354
2011-08-02,0.78354,0.78566,0.76231,0.76231
2011-08-03,0.76231,0.778825,0.76097,0.77032
2011-08-04,0.77032,0.78013,0.76274,0.76375
2011-08-05,0.76375,0.774045,0.75797,0.7672
2011-08-08,0.75888,0.76519,0.74834,0.75505
2011-08-09,0.75505,0.759265,0.70696,0.72087
2011-08-10,0.72087,0.733415,0.718165,0.72657
2011-08-11,0.72657,0.768765,0.723865,0.761265
2011-08-12,0.761265,0.7786,0.75493,0.77773
2011-08-15,0.78345,0.799725,0.778855,0.78422
2011-08-16,0.78422,0.79619,0.777015,0.79619
2011-08-17,0.79619,0.801685,0.782505,0.79015
2011-08-18,0.79015,0.798965,0.785815,0.794135
2011-08-19,0.794135,0.79608,0.780735,0.78497
2011-08-22,0.79072,0.79075,0.78396,0.79025
2011-08-23,0.79025,0.79324,0.78529,0.79234
2011-08-24,0.79234,0.79607,0.78755,0.79591
2011-08-25,0.79591,0.798895,0.79107,0.79302
2011-08-26,0.79302,0.815815,0.789325,0.80637
2011-08-29,0.80725,0.82416,0.80702,0.81583
2011-08-30,0.81583,0.823245,0.812115,0.82006
2011-08-31,0.82006,0.82091,0.799415,0.80595
2011-09-01,0.80595,0.80888,0.792685,0.79549
2011-09-02,0.79549,0.79602,0.77121,0.78839
2011-09-05,0.7872,0.791305,0.78216,0.78714
2011-09-06,0.78714,0.86264,0.784075,0.86203
2011-09-07,0.86203,0.86258,0.85398,0.85747
2011-09-08,0.85747,0.876955,0.85742,0.87555
2011-09-09,0.87555,0.88642,0.87065,0.88376
2011-09-12,0.888,0.89281,0.87999,0.88024
2011-09-13,0.88024,0.88796,0.875855,0.88035
2011-09-14,0.88035,0.885395,0.87295,0.87594
2011-09-15,0.87594,0.879785,0.8648,0.86941
2011-09-16,0.86941,0.877725,0.86873,0.87565
2011-09-19,0.88092,0.887535,0.87956,0.88209
2011-09-20,0.88209,0.89221,0.87909,0.88771
2011-09-21,0.88771,0.90104,0.88567,0.89999
2011-09-22,0.89999,0.91827,0.89765,0.90871
2011-09-23,0.90871,0.90893,0.89965,0.90481
2011-09-26,0.90449,0.91433,0.90064,0.90148
2011-09-27,0.90148,0.90571,0.89256,0.89596
2011-09-28,0.89596,0.90041,0.89266,0.90019
2011-09-29,0.90019,0.902165,0.89188,0.89712
2011-09-30,0.89712,0.908605,0.89663,0.9081
2011-10-03,0.91079,0.92171,0.907825,0.92159
2011-10-04,0.92159,0.92622,0.91475,0.91644
2011-10-05,0.91644,0.925035,0.91541,0.92313
2011-10-06,0.92313,0.93155,0.91863,0.92056
2011-10-07,0.92056,0.92878,0.91468,0.92709
2011-10-10,0.92741,0.92759,0.900295,0.903665
2011-10-11,0.903665,0.91222,0.90254,0.90871
2011-10-12,0.90871,0.91112,0.89184,0.89507
2011-10-13,0.89507,0.903905,0.892855,0.89815
2011-10-14,0.89815,0.900985,0.890405,0.89166
2011-10-17,0.89225,0.89974,0.88819,0.89929
2011-10-18,0.89929,0.90482,0.89463,0.89867
2011-10-19,0.89867,0.90386,0.89504,0.90283
2011-10-20,0.90283,0.908275,0.892965,0.89382
2011-10-21,0.89382,0.895195,0.88062,0.88257
2011-10-24,0.88469,0.887795,0.87922,0.88082
2011-10-25,0.88082,0.884685,0.877205,0.87791
2011-10-26,0.87791,0.88592,0.87292,0.88105
2011-10-27,0.88105,0.88249,0.856825,0.86002
2011-10-28,0.86002,0.86516,0.8596,0.86329
2011-10-31,0.86285,0.87871,0.86111,0.87691
2011-11-01,0.87691,0.896035,0.876455,0.8871
2011-11-02,0.8871,0.89062,0.87948,0.8841
2011-11-03,0.8841,0.889375,0.876095,0.8778
2011-11-04,0.8778,0.890535,0.877,0.88474
2011-11-07,0.8874,0.9031,0.88696,0.90059
2011-11-08,0.90059,0.90675,0.89228,0.89494
2011-11-09,0.89494,0.91105,0.892255,0.90954
2011-11-10,0.90954,0.91519,0.90189,0.90614
2011-11-11,0.90614,0.90835,0.895355,0.89985
2011-11-14,0.89871,0.90926,0.89619,0.90829
2011-11-15,0.90829,0.91984,0.9079,0.914985
2011-11-16,0.914985,0.92229,0.913955,0.91943
2011-11-17,0.91943,0.92366,0.91525,0.92203
2011-11-18,0.92203,0.922375,0.908555,0.91661
2011-11-21,0.91765,0.92094,0.91411,0.91734
2011-11-22,0.91734,0.91864,0.91081,0.914155
2011-11-23,0.914155,0.921385,0.912815,0.92002
2011-11-24,0.92002,0.921655,0.9154,0.91956
2011-11-25,0.91956,0.933025,0.919115,0.92965
2011-11-28,0.92783,0.930745,0.91761,0.92238
2011-11-29,0.92238,0.924425,0.913985,0.92087
2011-11-30,0.92087,0.92518,0.906645,0.91321
2011-12-01,0.91321,0.91924,0.907145,0.91574
2011-12-02,0.91574,0.924225,0.91122,0.9213
2011-12-05,0.92086,0.92317,0.91655,0.92074
2011-12-06,0.92074,0.929675,0.92015,0.92602
2011-12-07,0.92602,0.928835,0.922785,0.92361
2011-12-08,0.92361,0.92906,0.917685,0.9261
2011-12-09,0.9261,0.92849,0.91821,0.92312
2011-12-12,0.92539,0.938805,0.924905,0.93718
2011-12-13,0.93718,0.94785,0.934255,0.94569
2011-12-14,0.94569,0.95381,0.94298,0.95352
2011-12-15,0.95352,0.95477,0.93891,0.94003
2011-12-16,0.94003,0.941475,0.935205,0.93612
2011-12-19,0.93657,0.940015,0.934805,0.93737
2011-12-20,0.93737,0.938105,0.926795,0.93171
2011-12-21,0.93171,0.93934,0.92438,0.93568
2011-12-22,0.93568,0.939985,0.93071,0.93613
2011-12-23,0.93613,0.938855,0.933525,0.9365
2011-12-26,0.9365,0.9382,0.9343,0.93606
2011-12-27,0.93606,0.938275,0.933375,0.9341
2011-12-28,0.9341,0.944175,0.93209,0.94265
2011-12-29,0.94265,0.946985,0.93928,0.94013
2011-12-30,0.94013,0.94276,0.934225,0.93802
2012-01-02,0.9389,0.94141,0.93684,0.93978
2012-01-03,0.93978,0.94006,0.93056,0.93213
2012-01-04,0.93213,0.944855,0.93154,0.94172
2012-01-05,0.94172,0.95379,0.94124,0.9525
2012-01-06,0.9525,0.95788,0.950625,0.95517
2012-01-09,0.95756,0.95952,0.949065,0.94961
2012-01-10,0.94961,0.95115,0.94657,0.94915
2012-01-11,0.94915,0.9567,0.948325,0.95411
2012-01-12,0.95411,0.95456,0.9412,0.94457
2012-01-13,0.94457,0.957475,0.94073,0.95211
2012-01-16,0.95534,0.95662,0.9526,0.9542
2012-01-17,0.9542,0.95745,0.944805,0.94945
2012-01-18,0.94945,0.94967,0.938355,0.93949
2012-01-19,0.93949,0.941265,0.93178,0.93207
2012-01-20,0.93207,0.937055,0.930695,0.93454
2012-01-23,0.93765,0.93796,0.925225,0.92759
2012-01-24,0.92759,0.931145,0.923515,0.92762
2012-01-25,0.92762,0.933915,0.92046,0.92161
2012-01-26,0.92161,0.92289,0.915685,0.92046
2012-01-27,0.92046,0.92285,0.91152,0.91281
2012-01-30,0.91224,0.92095,0.91213,0.91704
2012-01-31,0.91704,0.9228,0.91232,0.92015
2012-02-01,0.92015,0.92498,0.911525,0.91534
2012-02-02,0.91534,0.920775,0.91312,0.91673
2012-02-03,0.91673,0.9234,0.912735,0.91816
2012-02-06,0.920325,0.926295,0.917905,0.91866
2012-02-07,0.91866,0.92272,0.91099,0.91171
2012-02-08,0.91171,0.914975,0.91073,0.91243
2012-02-09,0.91243,0.915235,0.908915,0.91176
2012-02-10,0.91176,0.920025,0.910315,0.91661
2012-02-13,0.91546,0.916635,0.91033,0.91651
2012-02-14,0.91651,0.922985,0.914345,0.91941
2012-02-15,0.91941,0.925145,0.915595,0.92361
2012-02-16,0.92361,0.93005,0.9176,0.91926
2012-02-17,0.91926,0.920695,0.916025,0.91994
2012-02-20,0.91751,0.91796,0.908715,0.9116
2012-02-21,0.9116,0.91492,0.90835,0.91244
2012-02-22,0.91244,0.91386,0.90975,0.91012
2012-02-23,0.91012,0.91142,0.90098,0.90142
2012-02-24,0.90142,0.902795,0.893095,0.89608
2012-02-27,0.89491,0.901125,0.89387,0.89936
2012-02-28,0.89936,0.900185,0.894565,0.89554
2012-02-29,0.89554,0.90526,0.89364,0.90449
2012-03-01,0.90449,0.907225,0.90221,0.90605
2012-03-02,0.90605,0.91495,0.90469,0.91409
2012-03-05,0.91444,0.916235,0.910635,0.9122
2012-03-06,0.9122,0.91966,0.911505,0.91892
2012-03-07,0.91892,0.920195,0.915725,0.91669
2012-03-08,0.91669,0.91758,0.90718,0.9082
2012-03-09,0.9082,0.92071,0.90802,0.91876
2012-03-12,0.92007,0.921885,0.91626,0.91652
2012-03-13,0.91652,0.92495,0.914075,0.9231
2012-03-14,0.9231,0.93315,0.92295,0.93053
2012-03-15,0.93053,0.93351,0.920225,0.923
2012-03-16,0.923,0.92537,0.91512,0.9157
2012-03-19,0.91577,0.9178,0.90921,0.91125
2012-03-20,0.91125,0.91535,0.91004,0.91169
2012-03-21,0.91169,0.914865,0.907785,0.91226
2012-03-22,0.91226,0.91788,0.90957,0.9133
2012-03-23,0.9133,0.91397,0.90673,0.90804
2012-03-26,0.90788,0.91367,0.902295,0.90295
2012-03-27,0.90295,0.90536,0.90165,0.90521
2012-03-28,0.90521,0.908195,0.901665,0.90517
2012-03-29,0.90517,0.90937,0.90332,0.90624
2012-03-30,0.90624,0.90675,0.90094,0.9024
2012-04-02,0.90114,0.90712,0.900245,0.90372
2012-04-03,0.90372,0.91148,0.90042,0.90984
2012-04-04,0.90984,0.918295,0.90949,0.91582
2012-04-05,0.91582,0.922255,0.914355,0.91978
2012-04-06,0.91978,0.92069,0.91613,0.91694
2012-04-09,0.91673,0.921745,0.915145,0.91724
2012-04-10,0.91724,0.921055,0.91466,0.91849
2012-04-11,0.91849,0.91946,0.912945,0.91741
2012-04-12,0.91741,0.9179,0.909185,0.9112
2012-04-13,0.9112,0.920195,0.91041,0.91952
2012-04-16,0.92028,0.925175,0.914035,0.91454
2012-04-17,0.91454,0.91822,0.9125,0.91529
2012-04-18,0.91529,0.921045,0.914435,0.91587
2012-04-19,0.91587,0.919545,0.912815,0.91513
2012-04-20,0.91513,0.91552,0.90841,0.90901
2012-04-23,0.91142,0.917215,0.909595,0.91345
2012-04-24,0.91345,0.91424,0.909135,0.91047
2012-04-25,0.91047,0.9122,0.907895,0.90925
2012-04-26,0.90925,0.91029,0.90585,0.90894
2012-04-27,0.90894,0.913345,0.905245,0.90634
2012-04-30,0.90755,0.90969,0.9056,0.90747
2012-05-01,0.90747,0.909965,0.904335,0.90788
2012-05-02,0.90788,0.91577,0.907545,0.91308
2012-05-03,0.91308,0.91741,0.91152,0.91353
2012-05-04,0.91353,0.918425,0.911545,0.91816
2012-05-07,0.92302,0.92718,0.91956,0.92059
2012-05-08,0.92059,0.925155,0.919605,0.92356
2012-05-09,0.92356,0.930185,0.92346,0.92896
2012-05-10,0.92896,0.929285,0.92567,0.92856
2012-05-11,0.92856,0.93067,0.927135,0.92991
2012-05-14,0.93101,0.93676,0.9309,0.93673
2012-05-15,0.93673,0.944115,0.933475,0.9435
2012-05-16,0.9435,0.94707,0.94142,0.94456
2012-05-17,0.94456,0.948155,0.9421,0.9459
2012-05-18,0.9459,0.950035,0.93877,0.93979
2012-05-21,0.94085,0.94382,0.93678,0.9372
2012-05-22,0.9372,0.948795,0.9371,0.947
2012-05-23,0.947,0.95728,0.94666,0.95455
2012-05-24,0.95455,0.95954,0.953305,0.95854
2012-05-25,0.95854,0.96115,0.954125,0.95942
2012-05-28,0.95619,0.95958,0.95292,0.9584
2012-05-29,0.9584,0.96376,0.95595,0.96062
2012-05-30,0.96062,0.97144,0.96008,0.97104
2012-05-31,0.97104,0.973625,0.966635,0.97098
2012-06-01,0.97098,0.97718,0.963955,0.96603
2012-06-04,0.96723,0.96962,0.95981,0.96093
2012-06-05,0.96093,0.96767,0.95777,0.96439
2012-06-06,0.96439,0.96535,0.9541,0.95443
2012-06-07,0.95443,0.95781,0.951415,0.95613
2012-06-08,0.95613,0.96578,0.95516,0.95959
2012-06-11,0.95058,0.96224,0.94801,0.96209
2012-06-12,0.96209,0.965035,0.958505,0.96059
2012-06-13,0.96059,0.9628,0.9522,0.95638
2012-06-14,0.95638,0.957415,0.95054,0.95067
2012-06-15,0.95067,0.953775,0.94827,0.95021
2012-06-18,0.94589,0.9564,0.94227,0.955
2012-06-19,0.955,0.95551,0.943315,0.94672
2012-06-20,0.94672,0.95017,0.94244,0.94512
2012-06-21,0.94512,0.958365,0.94482,0.95759
2012-06-22,0.95759,0.95921,0.954365,0.95531
2012-06-25,0.95714,0.962935,0.95643,0.9605
2012-06-26,0.9605,0.965245,0.9585,0.96142
2012-06-27,0.96142,0.965035,0.96021,0.96324
2012-06-28,0.96324,0.967885,0.95916,0.96514
2012-06-29,0.96514,0.96599,0.94636,0.94847
2012-07-02,0.94762,0.95592,0.94755,0.95473
2012-07-03,0.95473,0.956385,0.95128,0.95287
2012-07-04,0.95287,0.960455,0.95236,0.95864
2012-07-05,0.95864,0.971555,0.95811,0.96948
2012-07-06,0.96948,0.97947,0.968535,0.9775
2012-07-09,0.97943,0.98001,0.97453,0.9754
2012-07-10,0.9754,0.98152,0.97379,0.98032
2012-07-11,0.98032,0.983185,0.976735,0.98121
2012-07-12,0.98121,0.987015,0.980365,0.98405
2012-07-13,0.98405,0.98731,0.97989,0.98041
2012-07-16,0.97903,0.98635,0.9773,0.97859
2012-07-17,0.97859,0.98524,0.97515,0.97706
2012-07-18,0.97706,0.98298,0.9761,0.97788
2012-07-19,0.97788,0.98206,0.974605,0.97798
2012-07-20,0.97798,0.98878,0.97782,0.98804
2012-07-23,0.99096,0.995165,0.98884,0.9911
2012-07-24,0.9911,0.99723,0.98949,0.99582
2012-07-25,0.99582,0.99635,0.986835,0.98785
2012-07-26,0.98785,0.99106,0.974165,0.97778
2012-07-27,0.97778,0.98089,0.969555,0.97499
2012-07-30,0.97663,0.98235,0.975645,0.97971
2012-07-31,0.97971,0.980525,0.974125,0.97647
2012-08-01,0.97647,0.983385,0.973765,0.98291
2012-08-02,0.98291,0.98987,0.96918,0.98606
2012-08-03,0.98606,0.98731,0.96952,0.97023
2012-08-06,0.96902,0.97425,0.965725,0.96883
2012-08-07,0.96883,0.970645,0.965825,0.968885
2012-08-08,0.968885,0.974485,0.96863,0.971445
2012-08-09,0.971445,0.97902,0.96983,0.975945
2012-08-10,0.975945,0.980975,0.974965,0.97694
2012-08-13,0.977065,0.97948,0.970675,0.97383
2012-08-14,0.97383,0.9751,0.969755,0.974775
2012-08-15,0.974775,0.979235,0.97318,0.977225
2012-08-16,0.977225,0.979935,0.9707,0.972125
2012-08-17,0.972125,0.97733,0.97003,0.97387
2012-08-20,0.97229,0.976795,0.971095,0.97304
2012-08-21,0.97304,0.97352,0.96194,0.962845
2012-08-22,0.962845,0.965985,0.957795,0.958735
2012-08-23,0.958735,0.959015,0.95388,0.955855
2012-08-24,0.955855,0.96216,0.95542,0.95971
2012-08-27,0.95982,0.96153,0.95808,0.960935
2012-08-28,0.960935,0.96354,0.9548,0.95576
2012-08-29,0.95576,0.95932,0.95525,0.958345
2012-08-30,0.958345,0.96176,0.9559,0.96025
2012-08-31,0.96025,0.96122,0.950265,0.95498
2012-09-03,0.95527,0.95606,0.95219,0.95366
2012-09-04,0.95366,0.95657,0.95089,0.95594
2012-09-05,0.95594,0.960795,0.952995,0.95573
2012-09-06,0.95573,0.95972,0.951945,0.95362
2012-09-07,0.95362,0.95806,0.943475,0.94412
2012-09-10,0.94362,0.94839,0.94362,0.94629
2012-09-11,0.94629,0.94679,0.93789,0.9389
2012-09-12,0.9389,0.940475,0.934155,0.93722
2012-09-13,0.93722,0.94201,0.934735,0.93526
2012-09-14,0.93526,0.93567,0.923875,0.92688
2012-09-17,0.92646,0.929615,0.92467,0.92751
2012-09-18,0.92751,0.92972,0.92457,0.92858
2012-09-19,0.92858,0.930735,0.92587,0.92738
2012-09-20,0.92738,0.935615,0.92629,0.93323
2012-09-21,0.93323,0.934415,0.928535,0.93307
2012-09-24,0.93312,0.939205,0.9323,0.93573
2012-09-25,0.93573,0.93848,0.932835,0.93777
2012-09-26,0.93777,0.94176,0.93683,0.93959
2012-09-27,0.93959,0.94176,0.93612,0.93724
2012-09-28,0.93724,0.94151,0.933585,0.93981
2012-10-01,0.94072,0.94383,0.93522,0.93816
2012-10-02,0.93816,0.93886,0.93326,0.93633
2012-10-03,0.93633,0.93986,0.93556,0.9386
2012-10-04,0.9386,0.93884,0.929555,0.93045
2012-10-05,0.93045,0.93236,0.92762,0.9295
2012-10-08,0.92982,0.93576,0.92981,0.93347
2012-10-09,0.93347,0.94164,0.93235,0.94027
2012-10-10,0.94027,0.94318,0.93751,0.93942
2012-10-11,0.93942,0.94187,0.93366,0.93516
2012-10-12,0.93516,0.93568,0.93065,0.9334
2012-10-15,0.93332,0.93718,0.93166,0.93315
2012-10-16,0.93315,0.93372,0.92566,0.92609
2012-10-17,0.92609,0.92623,0.92149,0.92233
2012-10-18,0.92233,0.925665,0.92159,0.92476
2012-10-19,0.92476,0.92897,0.924005,0.92802
2012-10-22,0.92844,0.928845,0.924925,0.9269
2012-10-23,0.9269,0.93432,0.92608,0.93264
2012-10-24,0.93264,0.93619,0.93146,0.93247
2012-10-25,0.93247,0.93566,0.92908,0.93538
2012-10-26,0.93538,0.93866,0.93336,0.93482
2012-10-29,0.93458,0.93807,0.9341,0.93678
2012-10-30,0.93678,0.937515,0.930065,0.9323
2012-10-31,0.9323,0.93331,0.92766,0.93151
2012-11-01,0.93151,0.93421,0.92957,0.9319
2012-11-02,0.9319,0.941485,0.931385,0.94038
2012-11-05,0.94155,0.94491,0.93997,0.94358
2012-11-06,0.94358,0.9456,0.942025,0.94283
2012-11-07,0.94283,0.94714,0.93813,0.9448
2012-11-08,0.9448,0.948195,0.944095,0.94583
2012-11-09,0.94583,0.949885,0.94291,0.94882
2012-11-12,0.94842,0.94956,0.946815,0.94825
2012-11-13,0.94825,0.95128,0.94657,0.94738
2012-11-14,0.94738,0.94773,0.9423,0.94505
2012-11-15,0.94505,0.94631,0.94036,0.94213
2012-11-16,0.94213,0.949135,0.941925,0.94546
2012-11-19,0.94497,0.945655,0.939485,0.93994
2012-11-20,0.93994,0.942935,0.939195,0.94003
2012-11-21,0.94003,0.94583,0.9382,0.93867
2012-11-22,0.93867,0.939,0.933805,0.93512
2012-11-23,0.93512,0.93589,0.92661,0.92801
2012-11-26,0.9286,0.93002,0.92748,0.92766
2012-11-27,0.92766,0.93251,0.925325,0.93041
2012-11-28,0.93041,0.934085,0.92912,0.9292
2012-11-29,0.9292,0.93038,0.925345,0.92742
2012-11-30,0.92742,0.92924,0.92458,0.92819
2012-12-03,0.92819,0.92833,0.924145,0.92568
2012-12-04,0.92568,0.929385,0.924525,0.92642
2012-12-05,0.92642,0.929935,0.92503,0.92635
2012-12-06,0.92635,0.934,0.925655,0.93235
2012-12-07,0.93235,0.938325,0.93203,0.93473
2012-12-10,0.93473,0.9371,0.93269,0.93356
2012-12-11,0.93356,0.936915,0.9317,0.93225
2012-12-12,0.93225,0.93272,0.924375,0.92634
2012-12-13,0.92634,0.927555,0.922595,0.923565
2012-12-14,0.923565,0.92477,0.916695,0.9177
2012-12-17,0.916625,0.919485,0.915835,0.917585
2012-12-18,0.917585,0.918625,0.912385,0.91301
2012-12-19,0.91301,0.913745,0.90879,0.91336
2012-12-20,0.91336,0.915485,0.908395,0.9116
2012-12-21,0.9116,0.91794,0.91077,0.91548
2012-12-24,0.91652,0.91718,0.91261,0.91542
2012-12-26,0.91542,0.91568,0.911175,0.91329
2012-12-27,0.91329,0.91573,0.909615,0.913305
2012-12-28,0.913305,0.918185,0.911785,0.913615
2012-12-31,0.913655,0.91669,0.91208,0.91471
2013-01-02,0.91471,0.919955,0.90763,0.91782
2013-01-03,0.91782,0.92688,0.917325,0.926745
2013-01-04,0.926745,0.93034,0.923185,0.924675
2013-01-07,0.924595,0.928705,0.92112,0.92127
2013-01-08,0.92127,0.92571,0.920145,0.92411
2013-01-09,0.92411,0.92735,0.92321,0.925335
2013-01-10,0.925335,0.92691,0.913405,0.91423
2013-01-11,0.91423,0.91786,0.91107,0.91352
2013-01-14,0.91252,0.92295,0.91202,0.92196
2013-01-15,0.92196,0.9333,0.921145,0.93192
2013-01-16,0.93192,0.93297,0.928635,0.930985
2013-01-17,0.930985,0.936045,0.92983,0.932605
2013-01-18,0.932605,0.938925,0.930425,0.934155
2013-01-21,0.935075,0.935305,0.930775,0.932515
2013-01-22,0.932515,0.9347,0.92752,0.92929
2013-01-23,0.92929,0.931585,0.92775,0.929465
2013-01-24,0.929465,0.932495,0.92801,0.92886
2013-01-25,0.92886,0.93073,0.922225,0.926275
2013-01-28,0.927085,0.92927,0.925785,0.926285
2013-01-29,0.926285,0.926815,0.91936,0.92136
2013-01-30,0.92136,0.9227,0.90938,0.91088
2013-01-31,0.91088,0.91207,0.907585,0.90996
2013-02-01,0.90996,0.91093,0.90223,0.908145
2013-02-04,0.90839,0.91174,0.907265,0.90827
2013-02-05,0.90827,0.911605,0.90731,0.908345
2013-02-06,0.908345,0.91497,0.905705,0.910195
2013-02-07,0.910195,0.920135,0.906535,0.91836
2013-02-08,0.91836,0.919595,0.91539,0.917635
2013-02-11,0.917635,0.92043,0.915695,0.92027
2013-02-12,0.92027,0.921495,0.915015,0.917055
2013-02-13,0.917055,0.919635,0.915275,0.916865
2013-02-14,0.916865,0.924625,0.916865,0.921085
2013-02-15,0.921085,0.924135,0.920185,0.921865
2013-02-18,0.921865,0.925855,0.921005,0.92342
2013-02-19,0.92342,0.924935,0.92156,0.92259
2013-02-20,0.92259,0.928615,0.918485,0.92705
2013-02-21,0.92705,0.93331,0.926885,0.93096
2013-02-22,0.93096,0.9329,0.928355,0.9296
2013-02-25,0.9296,0.93389,0.92319,0.932095
2013-02-26,0.932095,0.93353,0.928655,0.931925
2013-02-27,0.931925,0.933315,0.92855,0.92955
2013-02-28,0.92955,0.937385,0.928055,0.936755
2013-03-01,0.936755,0.946325,0.93518,0.94285
2013-03-04,0.94285,0.94407,0.94078,0.940895
2013-03-05,0.940895,0.943375,0.93936,0.940885
2013-03-06,0.940885,0.948945,0.94029,0.948755
2013-03-07,0.948755,0.948915,0.941005,0.942665
2013-03-08,0.942665,0.9553,0.94177,0.95136
2013-03-11,0.95136,0.952975,0.946605,0.9471
2013-03-12,0.9471,0.950495,0.94364,0.94709
2013-03-13,0.94709,0.9533,0.943005,0.95245
2013-03-14,0.95245,0.956705,0.94516,0.94713
2013-03-15,0.94713,0.947715,0.937945,0.93866
2013-03-18,0.93866,0.948765,0.93866,0.94604
2013-03-19,0.94604,0.949185,0.94258,0.946925
2013-03-20,0.946925,0.948145,0.941155,0.945195
2013-03-21,0.945195,0.948245,0.94388,0.94647
2013-03-22,0.94647,0.94749,0.939665,0.94081
2013-03-25,0.94081,0.949725,0.9354,0.948505
2013-03-26,0.948505,0.950495,0.94725,0.94816
2013-03-27,0.94816,0.9554,0.947755,0.95395
2013-03-28,0.95395,0.95484,0.946625,0.94984
2013-03-29,0.94984,0.951155,0.948205,0.949425
2013-04-01,0.949425,0.95271,0.94562,0.94658
2013-04-02,0.94658,0.94975,0.944465,0.94885
2013-04-03,0.94885,0.95207,0.944225,0.945125
2013-04-04,0.945125,0.952665,0.938265,0.93978
2013-04-05,0.93978,0.94336,0.93132,0.93473
2013-04-08,0.93473,0.936155,0.93288,0.935155
2013-04-09,0.935155,0.93668,0.9308,0.932545
2013-04-10,0.932545,0.933685,0.929525,0.93266
2013-04-11,0.93266,0.93404,0.92791,0.93084
2013-04-12,0.93084,0.93327,0.926555,0.92744
2013-04-15,0.92744,0.93281,0.926885,0.931275
2013-04-16,0.931275,0.93273,0.92082,0.922545
2013-04-17,0.922545,0.93392,0.920655,0.932855
2013-04-18,0.932855,0.93352,0.92898,0.93261
2013-04-19,0.93261,0.93435,0.927695,0.93401
2013-04-22,0.93401,0.93713,0.93151,0.934185
2013-04-23,0.934185,0.94568,0.93277,0.945335
2013-04-24,0.945335,0.94988,0.94439,0.94687
2013-04-25,0.94687,0.94845,0.942275,0.944785
2013-04-26,0.944785,0.94571,0.94027,0.94279
2013-04-29,0.94279,0.943075,0.935505,0.936485
2013-04-30,0.936485,0.93845,0.92789,0.92943
2013-05-01,0.92943,0.93096,0.92473,0.927385
2013-05-02,0.927385,0.93628,0.926575,0.9349
2013-05-03,0.9349,0.93998,0.93058,0.935355
2013-05-06,0.935355,0.93976,0.93387,0.93836
2013-05-07,0.93836,0.9437,0.93672,0.94034
2013-05-08,0.94034,0.941155,0.93374,0.935525
2013-05-09,0.935525,0.94992,0.933355,0.948065
2013-05-10,0.948065,0.96282,0.94767,0.957
2013-05-13,0.957,0.959615,0.95473,0.957625
2013-05-14,0.957625,0.96746,0.952135,0.96711
2013-05-15,0.96711,0.974795,0.964325,0.964835
2013-05-16,0.964835,0.970865,0.95784,0.964785
2013-05-17,0.964785,0.97613,0.96371,0.97261
2013-05-20,0.97261,0.97261,0.96483,0.96722
2013-05-21,0.96722,0.975105,0.96552,0.97006
2013-05-22,0.97006,0.983895,0.96797,0.978315
2013-05-23,0.978315,0.98182,0.96339,0.968795
2013-05-24,0.968795,0.971735,0.959095,0.96143
2013-05-27,0.96143,0.96481,0.95927,0.96306
2013-05-28,0.96306,0.978115,0.962415,0.976875
2013-05-29,0.976875,0.979045,0.960035,0.961485
2013-05-30,0.961485,0.9651,0.95267,0.95307
2013-05-31,0.95307,0.962495,0.95118,0.95507
2013-06-03,0.95507,0.96248,0.94089,0.94719
2013-06-04,0.94719,0.95206,0.94535,0.946815
2013-06-05,0.946815,0.94943,0.93954,0.94218
2013-06-06,0.94218,0.943955,0.922655,0.929245
2013-06-07,0.929245,0.93745,0.92498,0.93597
2013-06-10,0.93597,0.94188,0.931855,0.93374
2013-06-11,0.93374,0.93501,0.9222,0.92472
2013-06-12,0.92472,0.928705,0.917375,0.920855
2013-06-13,0.920855,0.92592,0.913075,0.92191
2013-06-14,0.92191,0.92703,0.919635,0.92112
2013-06-17,0.92112,0.9272,0.92112,0.92265
2013-06-18,0.92265,0.92626,0.91757,0.920195
2013-06-19,0.920195,0.932265,0.918075,0.928225
2013-06-20,0.928225,0.93612,0.925165,0.927515
2013-06-21,0.927515,0.936855,0.92427,0.93444
2013-06-24,0.93444,0.93814,0.931275,0.933325
2013-06-25,0.933325,0.940815,0.931925,0.93833
2013-06-26,0.93833,0.944375,0.93729,0.94306
2013-06-27,0.94306,0.948805,0.940665,0.945255
2013-06-28,0.945255,0.947525,0.941165,0.94486
2013-07-01,0.94486,0.95044,0.94395,0.94521
2013-07-02,0.94521,0.952955,0.944535,0.950595
2013-07-03,0.950595,0.95234,0.94465,0.94649
2013-07-04,0.94649,0.95847,0.94592,0.95662
2013-07-05,0.95662,0.96609,0.95609,0.96392
2013-07-08,0.96392,0.96669,0.96256,0.963595
2013-07-09,0.963595,0.97514,0.96334,0.97265
2013-07-10,0.97265,0.974525,0.9581,0.9584
2013-07-11,0.9584,0.95967,0.940545,0.947035
2013-07-12,0.947035,0.95142,0.943855,0.94642
2013-07-15,0.94642,0.953455,0.945305,0.94838
2013-07-16,0.94838,0.94967,0.93793,0.93908
2013-07-17,0.93908,0.94461,0.9358,0.941025
2013-07-18,0.941025,0.9478,0.94057,0.944645
2013-07-19,0.944645,0.946245,0.939705,0.94096
2013-07-22,0.94096,0.941555,0.93224,0.936265
2013-07-23,0.936265,0.940695,0.93423,0.93492
2013-07-24,0.93492,0.938865,0.934055,0.937525
2013-07-25,0.937525,0.939505,0.92838,0.92973
2013-07-26,0.92973,0.93055,0.92635,0.92849
2013-07-29,0.92849,0.932245,0.927015,0.93109
2013-07-30,0.93109,0.932475,0.927345,0.92981
2013-07-31,0.92981,0.93372,0.922845,0.92621
2013-08-01,0.92621,0.93727,0.92537,0.936905
2013-08-02,0.936905,0.93899,0.92746,0.92925
2013-08-05,0.92925,0.933305,0.92692,0.927345
2013-08-06,0.927345,0.92963,0.92384,0.92593
2013-08-07,0.92593,0.92888,0.92076,0.921615
2013-08-08,0.921615,0.92297,0.917435,0.920265
2013-08-09,0.920265,0.922965,0.9191,0.92234
2013-08-12,0.92234,0.928465,0.921725,0.92584
2013-08-13,0.92584,0.934895,0.9257,0.933065
2013-08-14,0.933065,0.937765,0.93241,0.93551
2013-08-15,0.93551,0.93967,0.924755,0.92614
2013-08-16,0.92614,0.92882,0.92171,0.926515
2013-08-19,0.926515,0.92852,0.92286,0.92418
2013-08-20,0.92418,0.925115,0.91473,0.91734
2013-08-21,0.91734,0.92355,0.91624,0.922345
2013-08-22,0.922345,0.929,0.922,0.923265
2013-08-23,0.923265,0.926365,0.918995,0.92165
2013-08-26,0.92165,0.92467,0.92059,0.922995
2013-08-27,0.922995,0.92301,0.917135,0.917625
2013-08-28,0.917625,0.923525,0.917075,0.92216
2013-08-29,0.92216,0.93213,0.921815,0.93093
2013-08-30,0.93093,0.933255,0.92892,0.9299
2013-09-02,0.9299,0.93491,0.9299,0.934495
2013-09-03,0.934495,0.93828,0.93418,0.936565
2013-09-04,0.936565,0.93827,0.93481,0.935335
2013-09-05,0.935335,0.9455,0.935205,0.94498
2013-09-06,0.94498,0.94555,0.934625,0.93759
2013-09-09,0.93759,0.93923,0.930155,0.932405
2013-09-10,0.932405,0.93669,0.931685,0.934815
2013-09-11,0.934815,0.937135,0.92851,0.930445
2013-09-12,0.930445,0.933575,0.927195,0.930645
2013-09-13,0.930645,0.934135,0.92807,0.929605
2013-09-16,0.929605,0.929605,0.92332,0.927335
2013-09-17,0.927335,0.92793,0.925305,0.92594
2013-09-18,0.92594,0.92687,0.91098,0.911935
2013-09-19,0.911935,0.913835,0.909035,0.910555
2013-09-20,0.910555,0.91271,0.908925,0.91031
2013-09-23,0.91031,0.913,0.908455,0.91086
2013-09-24,0.91086,0.91334,0.90994,0.912815
2013-09-25,0.912815,0.91379,0.907855,0.90923
2013-09-26,0.90923,0.91172,0.908765,0.910375
2013-09-27,0.910375,0.91113,0.902125,0.90596
2013-09-30,0.90596,0.906875,0.90253,0.90488
2013-10-01,0.90488,0.90754,0.899275,0.90546
2013-10-02,0.90546,0.907765,0.89947,0.902785
2013-10-03,0.902785,0.90337,0.896765,0.899455
2013-10-04,0.899455,0.908215,0.897855,0.907165
2013-10-07,0.907165,0.907165,0.901595,0.90291
2013-10-08,0.90291,0.906605,0.90231,0.903925
2013-10-09,0.903925,0.912795,0.901555,0.909975
2013-10-10,0.909975,0.913145,0.90827,0.911715
2013-10-11,0.911715,0.913205,0.907,0.91166
2013-10-14,0.91166,0.9122,0.90642,0.91027
2013-10-15,0.91027,0.91782,0.909315,0.912505
2013-10-16,0.912505,0.917545,0.90983,0.913415
2013-10-17,0.913415,0.91468,0.90083,0.902415
2013-10-18,0.902415,0.903725,0.900465,0.901775
2013-10-21,0.901775,0.904485,0.900625,0.90199
2013-10-22,0.90199,0.903965,0.89402,0.894795
2013-10-23,0.894795,0.896635,0.89113,0.892305
2013-10-24,0.892305,0.893025,0.889025,0.8923
2013-10-25,0.8923,0.89655,0.88933,0.89257
2013-10-28,0.89257,0.89632,0.892235,0.89574
2013-10-29,0.89574,0.90027,0.89438,0.898915
2013-10-30,0.898915,0.90245,0.89508,0.899235
2013-10-31,0.899235,0.90764,0.898995,0.906935
2013-11-01,0.906935,0.913825,0.906585,0.9123
2013-11-04,0.9123,0.915215,0.909105,0.90987
2013-11-05,0.90987,0.91479,0.90946,0.91358
2013-11-06,0.91358,0.91396,0.909825,0.912175
2013-11-07,0.912175,0.925,0.910925,0.915785
2013-11-08,0.915785,0.924675,0.91533,0.92135
2013-11-11,0.92135,0.923215,0.918935,0.919395
2013-11-12,0.919395,0.922635,0.91555,0.917505
2013-11-13,0.917505,0.92006,0.91257,0.913465
2013-11-14,0.913465,0.91886,0.91254,0.91633
2013-11-15,0.91633,0.91916,0.913015,0.914965
2013-11-18,0.914965,0.916165,0.90957,0.9129
2013-11-19,0.9129,0.914465,0.910305,0.910985
2013-11-20,0.910985,0.91917,0.90801,0.91621
2013-11-21,0.91621,0.91888,0.91279,0.91289
2013-11-22,0.91289,0.915015,0.906695,0.906815
2013-11-25,0.906815,0.91316,0.90614,0.911835
2013-11-26,0.911835,0.91192,0.90617,0.9065
2013-11-27,0.9065,0.909275,0.904065,0.907565
2013-11-28,0.907565,0.908685,0.904155,0.905545
2013-11-29,0.905545,0.907095,0.90288,0.90613
2013-12-02,0.90613,0.91106,0.904335,0.90866
2013-12-03,0.90866,0.910065,0.90208,0.904415
2013-12-04,0.904415,0.90765,0.90132,0.902365
2013-12-05,0.902365,0.90504,0.89568,0.896685
2013-12-06,0.896685,0.89844,0.891255,0.89176
2013-12-09,0.89176,0.893435,0.889525,0.890435
2013-12-10,0.890435,0.890885,0.88509,0.88748
2013-12-11,0.88748,0.8887,0.884,0.88652
2013-12-12,0.88652,0.89094,0.88481,0.88921
2013-12-13,0.88921,0.89181,0.88815,0.88935
2013-12-16,0.88935,0.89081,0.884685,0.88719
2013-12-17,0.88719,0.88953,0.883265,0.88492
2013-12-18,0.88492,0.894925,0.884,0.89399
2013-12-19,0.89399,0.898705,0.893455,0.89802
2013-12-20,0.89802,0.90015,0.893215,0.8963
2013-12-23,0.8963,0.896755,0.89235,0.89386
2013-12-24,0.89386,0.89726,0.89027,0.89584
2013-12-26,0.89584,0.897,0.89498,0.896555
2013-12-27,0.896555,0.896635,0.87995,0.89131
2013-12-30,0.89131,0.89316,0.88604,0.88772
2013-12-31,0.88772,0.891945,0.88666,0.88876
2014-01-02,0.88876,0.902885,0.88876,0.89899
2014-01-03,0.89899,0.905815,0.898945,0.90532
2014-01-06,0.90532,0.907045,0.902015,0.904115
2014-01-07,0.904115,0.90993,0.90363,0.909075
2014-01-08,0.909075,0.912705,0.907665,0.91124
2014-01-09,0.91124,0.91243,0.906285,0.906935
2014-01-10,0.906935,0.9093,0.900465,0.90252
2014-01-13,0.90252,0.90477,0.898665,0.898995
2014-01-14,0.898995,0.903315,0.898675,0.9025
2014-01-15,0.9025,0.91079,0.902355,0.90886
2014-01-16,0.90886,0.9104,0.90319,0.90488
2014-01-17,0.90488,0.91202,0.904405,0.910115
2014-01-20,0.910115,0.91327,0.90897,0.90993
2014-01-21,0.90993,0.91563,0.90846,0.910375
2014-01-22,0.910375,0.912265,0.90887,0.91165
2014-01-23,0.91165,0.913395,0.89638,0.897435
2014-01-24,0.897435,0.899155,0.890325,0.89448
2014-01-27,0.89448,0.89848,0.893225,0.89655
2014-01-28,0.89655,0.901005,0.895455,0.89721
2014-01-29,0.89721,0.90097,0.893525,0.89448
2014-01-30,0.89448,0.90478,0.89436,0.902865
2014-01-31,0.902865,0.907985,0.90079,0.90625
2014-02-03,0.90625,0.90815,0.900405,0.900945
2014-02-04,0.900945,0.90621,0.90075,0.903735
2014-02-05,0.903735,0.905715,0.9004,0.903525
2014-02-06,0.903525,0.90642,0.896835,0.901045
2014-02-07,0.901045,0.902215,0.89579,0.89783
2014-02-10,0.89783,0.89942,0.89597,0.896785
2014-02-11,0.896785,0.898835,0.893955,0.89835
2014-02-12,0.89835,0.903845,0.89682,0.900655
2014-02-13,0.900655,0.901035,0.891895,0.893475
2014-02-14,0.893475,0.89411,0.89035,0.892525
2014-02-17,0.892525,0.892635,0.890025,0.89155
2014-02-18,0.89155,0.892915,0.886955,0.887955
2014-02-19,0.887955,0.889565,0.88563,0.88864
2014-02-20,0.88864,0.89148,0.885955,0.88951
2014-02-21,0.88951,0.89113,0.88679,0.8878
2014-02-24,0.8878,0.89109,0.8853,0.888925
2014-02-25,0.888925,0.88916,0.88544,0.886845
2014-02-26,0.886845,0.893055,0.886695,0.890665
2014-02-27,0.890665,0.89197,0.887175,0.88829
2014-02-28,0.88829,0.88898,0.877765,0.88037
2014-03-03,0.88037,0.88363,0.87831,0.8831
2014-03-04,0.8831,0.88788,0.882495,0.88738
2014-03-05,0.88738,0.889575,0.886055,0.88721
2014-03-06,0.88721,0.889145,0.8795,0.880425
2014-03-07,0.880425,0.881625,0.87561,0.877835
2014-03-10,0.877835,0.87937,0.876135,0.87772
2014-03-11,0.87772,0.88054,0.876675,0.878235
2014-03-12,0.878235,0.87883,0.87346,0.873975
2014-03-13,0.873975,0.87646,0.869915,0.87459
2014-03-14,0.87459,0.876205,0.87039,0.872545
2014-03-17,0.872545,0.87563,0.87141,0.873235
2014-03-18,0.873235,0.87696,0.87239,0.873175
2014-03-19,0.873175,0.88294,0.872865,0.880595
2014-03-20,0.880595,0.886955,0.880015,0.8838
2014-03-21,0.8838,0.88428,0.88151,0.88282
2014-03-24,0.88282,0.88664,0.878695,0.8808
2014-03-25,0.8808,0.88797,0.880145,0.88274
2014-03-26,0.88274,0.88701,0.882455,0.88498
2014-03-27,0.88498,0.887385,0.884075,0.886625
2014-03-28,0.886625,0.8899,0.88492,0.88689
2014-03-31,0.88689,0.889,0.88249,0.884615
2014-04-01,0.884615,0.88495,0.88146,0.88357
2014-04-02,0.88357,0.88751,0.881925,0.886645
2014-04-03,0.886645,0.89277,0.884325,0.89095
2014-04-04,0.89095,0.89526,0.890435,0.89225
2014-04-07,0.89225,0.89277,0.88729,0.88788
2014-04-08,0.88788,0.88799,0.88262,0.883295
2014-04-09,0.883295,0.88463,0.87897,0.87964
2014-04-10,0.87964,0.880545,0.875125,0.876415
2014-04-11,0.876415,0.87718,0.874355,0.875865
2014-04-14,0.875865,0.880575,0.875865,0.87976
2014-04-15,0.87976,0.881915,0.878355,0.880085
2014-04-16,0.880085,0.88291,0.878115,0.88182
2014-04-17,0.88182,0.88361,0.87776,0.88326
2014-04-18,0.88326,0.88372,0.88236,0.88363
2014-04-21,0.88363,0.88526,0.881925,0.885085
2014-04-22,0.885085,0.886205,0.883295,0.88506
2014-04-23,0.88506,0.885295,0.88074,0.883395
2014-04-24,0.883395,0.88564,0.881345,0.881675
2014-04-25,0.881675,0.882095,0.880225,0.881585
2014-04-28,0.881585,0.882705,0.87708,0.880285
2014-04-29,0.880285,0.884615,0.87866,0.883445
2014-04-30,0.883445,0.885135,0.87916,0.88041
2014-05-01,0.88041,0.88051,0.878355,0.87929
2014-05-02,0.87929,0.884135,0.877295,0.87813
2014-05-05,0.87813,0.87813,0.876585,0.877795
2014-05-06,0.877795,0.87802,0.872085,0.87431
2014-05-07,0.87431,0.87631,0.873425,0.87623
2014-05-08,0.87623,0.880525,0.87035,0.88009
2014-05-09,0.88009,0.887325,0.879955,0.88638
2014-05-12,0.88638,0.888155,0.885875,0.887855
2014-05-13,0.887855,0.89086,0.886615,0.89021
2014-05-14,0.89021,0.890485,0.88835,0.889805
2014-05-15,0.889805,0.896025,0.888265,0.890965
2014-05-16,0.890965,0.89276,0.889845,0.892645
2014-05-19,0.892645,0.892645,0.890465,0.89231
2014-05-20,0.89231,0.894,0.89139,0.89204
2014-05-21,0.89204,0.896575,0.88976,0.89326
2014-05-22,0.89326,0.89521,0.89238,0.89424
2014-05-23,0.89424,0.89724,0.894075,0.89582
2014-05-26,0.89582,0.896805,0.894005,0.894675
2014-05-27,0.894675,0.8982,0.893765,0.896755
2014-05-28,0.896755,0.89903,0.89642,0.8984
2014-05-29,0.8984,0.89857,0.89558,0.89786
2014-05-30,0.89786,0.89837,0.893285,0.89523
2014-06-02,0.89523,0.89955,0.894575,0.89876
2014-06-03,0.89876,0.89954,0.89509,0.89636
2014-06-04,0.89636,0.898225,0.894905,0.897215
2014-06-05,0.897215,0.90372,0.89078,0.891265
2014-06-06,0.891265,0.89515,0.890985,0.89336
2014-06-09,0.89336,0.89797,0.891985,0.89702
2014-06-10,0.89702,0.90083,0.896445,0.8992
2014-06-11,0.8992,0.90116,0.898035,0.89965
2014-06-12,0.89965,0.90122,0.896985,0.898435
2014-06-13,0.898435,0.901135,0.896035,0.90023
2014-06-16,0.90023,0.901315,0.896575,0.897075
2014-06-17,0.897075,0.9005,0.8965,0.899355
2014-06-18,0.899355,0.899935,0.895535,0.895745
2014-06-19,0.895745,0.896705,0.89108,0.893825
2014-06-20,0.893825,0.897465,0.892465,0.894795
2014-06-23,0.894795,0.8968,0.894025,0.894285
2014-06-24,0.894285,0.895845,0.89252,0.8935
2014-06-25,0.8935,0.894575,0.890815,0.892385
2014-06-26,0.892385,0.895675,0.892195,0.89379
2014-06-27,0.89379,0.893825,0.890655,0.89105
2014-06-30,0.89105,0.89149,0.886225,0.886885
2014-07-01,0.886885,0.88789,0.885635,0.88754
2014-07-02,0.88754,0.88986,0.88717,0.88882
2014-07-03,0.88882,0.894305,0.8887,0.89326
2014-07-04,0.89326,0.895125,0.893105,0.89424
2014-07-07,0.89424,0.895945,0.893005,0.893655
2014-07-08,0.893655,0.89462,0.892155,0.89314
2014-07-09,0.89314,0.89375,0.89054,0.890955
2014-07-10,0.890955,0.89343,0.890245,0.89241
2014-07-11,0.89241,0.893355,0.891225,0.8922
2014-07-14,0.8922,0.893205,0.88985,0.891835
2014-07-15,0.891835,0.8963,0.89114,0.89564
2014-07-16,0.89564,0.89895,0.895545,0.898255
2014-07-17,0.898255,0.898715,0.896915,0.8973
2014-07-18,0.8973,0.90036,0.89701,0.89841
2014-07-21,0.89841,0.89897,0.897135,0.897955
2014-07-22,0.897955,0.90274,0.89783,0.902435
2014-07-23,0.902435,0.903205,0.90161,0.9021
2014-07-24,0.9021,0.903805,0.90082,0.902585
2014-07-25,0.902585,0.90521,0.9018,0.90487
2014-07-28,0.90487,0.905165,0.90354,0.90398
2014-07-29,0.90398,0.90746,0.90367,0.90695
2014-07-30,0.90695,0.910655,0.906545,0.9088
2014-07-31,0.9088,0.91034,0.90763,0.908825
2014-08-01,0.908825,0.90966,0.90411,0.9057
2014-08-04,0.9057,0.907245,0.90539,0.906715
2014-08-05,0.906715,0.91114,0.906505,0.909115
2014-08-06,0.909115,0.911485,0.90708,0.907565
2014-08-07,0.907565,0.910535,0.906625,0.90891
2014-08-08,0.90891,0.909825,0.90329,0.9054
2014-08-11,0.9054,0.906735,0.9054,0.90665
2014-08-12,0.90665,0.910395,0.90649,0.9076
2014-08-13,0.9076,0.90988,0.9042,0.90744
2014-08-14,0.90744,0.908565,0.903535,0.90656
2014-08-15,0.90656,0.907105,0.902385,0.902605
2014-08-18,0.902605,0.90699,0.90236,0.906485
2014-08-19,0.906485,0.90946,0.90581,0.90921
2014-08-20,0.90921,0.913845,0.90902,0.91343
2014-08-21,0.91343,0.914595,0.91112,0.91144
2014-08-22,0.91144,0.91543,0.910375,0.91383
2014-08-25,0.91383,0.917895,0.91383,0.915405
2014-08-26,0.915405,0.918095,0.913785,0.91753
2014-08-27,0.91753,0.918515,0.91382,0.914815
2014-08-28,0.914815,0.91615,0.91262,0.915135
2014-08-29,0.915135,0.918425,0.913935,0.918265
2014-09-01,0.918265,0.919795,0.91772,0.91956
2014-09-02,0.91956,0.921195,0.91884,0.91899
2014-09-03,0.91899,0.92008,0.917575,0.917665
2014-09-04,0.917665,0.93294,0.917575,0.931955
2014-09-05,0.931955,0.933545,0.92853,0.931135
2014-09-08,0.931135,0.93587,0.93074,0.93549
2014-09-09,0.93549,0.93799,0.93153,0.932865
2014-09-10,0.932865,0.939605,0.931925,0.93669
2014-09-11,0.93669,0.93764,0.93369,0.93574
2014-09-12,0.93574,0.936815,0.932055,0.933515
2014-09-15,0.933515,0.93726,0.93206,0.935195
2014-09-16,0.935195,0.9363,0.930085,0.932585
2014-09-17,0.932585,0.942455,0.932245,0.941175
2014-09-18,0.941175,0.94331,0.933265,0.93383
2014-09-19,0.93383,0.94107,0.93343,0.94095
2014-09-22,0.94095,0.94212,0.93751,0.93978
2014-09-23,0.93978,0.940295,0.935355,0.939775
2014-09-24,0.939775,0.945865,0.93895,0.94549
2014-09-25,0.94549,0.951535,0.94527,0.946615
2014-09-26,0.946615,0.9521,0.945995,0.95143
2014-09-29,0.95143,0.95319,0.948875,0.951335
2014-09-30,0.951335,0.95967,0.949935,0.955045
2014-10-01,0.955045,0.95959,0.954565,0.95589
2014-10-02,0.95589,0.95809,0.951775,0.954015
2014-10-03,0.954015,0.968365,0.953085,0.967455
2014-10-06,0.967455,0.96902,0.956755,0.95829
2014-10-07,0.95829,0.962465,0.95557,0.95683
2014-10-08,0.95683,0.960085,0.95102,0.951765
2014-10-09,0.951765,0.95594,0.946945,0.95447
2014-10-10,0.95447,0.95928,0.95271,0.95719
2014-10-13,0.95719,0.95763,0.947115,0.94798
2014-10-14,0.94798,0.95548,0.94691,0.953745
2014-10-15,0.953745,0.956245,0.936055,0.9401
2014-10-16,0.9401,0.94907,0.9401,0.942565
2014-10-17,0.942565,0.94749,0.94059,0.946435
2014-10-20,0.946435,0.948025,0.94152,0.94275
2014-10-21,0.94275,0.949245,0.93983,0.949125
2014-10-22,0.949125,0.95426,0.94727,0.95375
2014-10-23,0.95375,0.95594,0.9518,0.95414
2014-10-24,0.95414,0.954655,0.949755,0.951895
2014-10-27,0.951895,0.952145,0.947695,0.94954
2014-10-28,0.94954,0.95111,0.94453,0.94719
2014-10-29,0.94719,0.954965,0.944195,0.95488
2014-10-30,0.95488,0.9611,0.95426,0.955955
2014-10-31,0.955955,0.96632,0.955635,0.962665
2014-11-03,0.962665,0.969185,0.962665,0.965895
2014-11-04,0.965895,0.9661,0.95801,0.959845
2014-11-05,0.959845,0.966185,0.958335,0.964155
2014-11-06,0.964155,0.97384,0.960355,0.973225
2014-11-07,0.973225,0.974175,0.96511,0.966095
2014-11-10,0.966095,0.96849,0.961645,0.968195
2014-11-11,0.968195,0.97005,0.96252,0.96465
2014-11-12,0.96465,0.968015,0.96223,0.966425
2014-11-13,0.966425,0.96739,0.96223,0.9636
2014-11-14,0.9636,0.968945,0.9574,0.959075
2014-11-17,0.959075,0.96545,0.95531,0.96493
2014-11-18,0.96493,0.965425,0.957475,0.958355
2014-11-19,0.958355,0.960115,0.953145,0.956995
2014-11-20,0.956995,0.960635,0.955305,0.95843
2014-11-21,0.95843,0.97091,0.956365,0.969875
2014-11-24,0.969875,0.972885,0.96631,0.966465
2014-11-25,0.966465,0.9698,0.96344,0.964085
2014-11-26,0.964085,0.96658,0.959505,0.96119
2014-11-27,0.96119,0.964335,0.959895,0.964085
2014-11-28,0.964085,0.96707,0.96215,0.96554
2014-12-01,0.96554,0.968785,0.961535,0.96469
2014-12-02,0.96469,0.972965,0.964185,0.972185
2014-12-03,0.972185,0.97831,0.971515,0.977605
2014-12-04,0.977605,0.97959,0.96493,0.971335
2014-12-05,0.971335,0.979985,0.970285,0.978725
2014-12-08,0.978725,0.981775,0.97385,0.97607
2014-12-09,0.97607,0.977795,0.965385,0.97138
2014-12-10,0.97138,0.97225,0.96634,0.96634
2014-12-11,0.96634,0.97107,0.96279,0.967805
2014-12-12,0.967805,0.96992,0.961885,0.96383
2014-12-15,0.96383,0.967395,0.962445,0.96559
2014-12-16,0.96559,0.965805,0.95539,0.959945
2014-12-17,0.959945,0.974645,0.959535,0.973045
2014-12-18,0.973045,0.98482,0.972225,0.97987
2014-12-19,0.97987,0.984605,0.97848,0.984165
2014-12-22,0.984165,0.984975,0.980525,0.98387
2014-12-23,0.98387,0.988635,0.98261,0.98783
2014-12-24,0.98783,0.98815,0.984015,0.98597
2014-12-26,0.98597,0.988425,0.98362,0.98772
2014-12-29,0.98772,0.990785,0.984365,0.98977
2014-12-30,0.98977,0.992,0.986815,0.988965
2014-12-31,0.988965,0.9939,0.988025,0.99377
2015-01-02,0.99377,1.001825,0.99308,1.001595
2015-01-05,1.001595,1.01236,1.001595,1.006965
2015-01-06,1.006965,1.010915,1.00415,1.01013
2015-01-07,1.01013,1.01757,1.00946,1.014315
2015-01-08,1.014315,1.021675,1.013695,1.018345
2015-01-09,1.018345,1.020955,1.013815,1.01422
2015-01-12,1.01422,1.01897,1.011825,1.01487
2015-01-13,1.01487,1.021815,1.01265,1.020175
2015-01-14,1.020175,1.02402,1.013795,1.018695
2015-01-15,1.018695,1.02204,0.83541,0.8394
2015-01-16,0.8394,0.88091,0.83765,0.85655
2015-01-19,0.85655,0.87982,0.8545,0.879555
2015-01-20,0.879555,0.883685,0.868695,0.875725
2015-01-21,0.875725,0.87731,0.85021,0.859845
2015-01-22,0.859845,0.87497,0.852755,0.87113
2015-01-23,0.87113,0.88194,0.86815,0.88014
2015-01-26,0.88014,0.904275,0.876525,0.90301
2015-01-27,0.90301,0.916725,0.893625,0.902795
2015-01-28,0.902795,0.90911,0.898675,0.905175
2015-01-29,0.905175,0.925195,0.904685,0.92389
2015-01-30,0.92389,0.92894,0.91715,0.921035
2015-02-02,0.921035,0.934595,0.92043,0.92808
2015-02-03,0.92808,0.929545,0.918605,0.92386
2015-02-04,0.92386,0.92788,0.92076,0.92587
2015-02-05,0.92587,0.931265,0.92064,0.92121
2015-02-06,0.92121,0.928895,0.9177,0.92654
2015-02-09,0.92654,0.928685,0.919625,0.92365
2015-02-10,0.92365,0.927825,0.92157,0.92635
2015-02-11,0.92635,0.930015,0.923,0.92863
2015-02-12,0.92863,0.93372,0.925765,0.93098
2015-02-13,0.93098,0.93359,0.92703,0.932275
2015-02-16,0.932275,0.93271,0.92844,0.93192
2015-02-17,0.93192,0.93751,0.929215,0.936905
2015-02-18,0.936905,0.945305,0.93161,0.942315
2015-02-19,0.942315,0.94995,0.93856,0.949505
2015-02-20,0.949505,0.95358,0.93742,0.93825
2015-02-23,0.93825,0.952575,0.93825,0.9499
2015-02-24,0.9499,0.952315,0.94693,0.950555
2015-02-25,0.950555,0.95109,0.946605,0.948435
2015-02-26,0.948435,0.954655,0.94503,0.952645
2015-02-27,0.952645,0.95465,0.94505,0.95383
2015-03-02,0.95383,0.959805,0.95346,0.958535
2015-03-03,0.958535,0.96181,0.95583,0.96127
2015-03-04,0.96127,0.967995,0.959325,0.963305
2015-03-05,0.963305,0.97493,0.96302,0.974075
2015-03-06,0.974075,0.986665,0.97227,0.986015
2015-03-09,0.986015,0.98741,0.982515,0.985835
2015-03-10,0.985835,0.999985,0.98544,0.999525
2015-03-11,0.999525,1.010785,0.997055,1.009225
2015-03-12,1.009225,1.012865,0.99824,1.00227
2015-03-13,1.00227,1.011255,1.00227,1.00537
2015-03-16,1.00537,1.008295,1.00238,1.007475
2015-03-17,1.007475,1.00919,1.00104,1.00624
2015-03-18,1.00624,1.006915,0.962765,0.9782
2015-03-19,0.9782,0.998375,0.97621,0.99002
2015-03-20,0.99002,0.990535,0.97302,0.97526
2015-03-23,0.97526,0.981205,0.964175,0.96616
2015-03-24,0.96616,0.969415,0.95368,0.95815
2015-03-25,0.95815,0.962015,0.955475,0.95976
2015-03-26,0.95976,0.965675,0.949075,0.962985
2015-03-27,0.962985,0.96929,0.955855,0.96166
2015-03-30,0.96166,0.968915,0.96051,0.967075
2015-03-31,0.967075,0.975635,0.96564,0.97255
2015-04-01,0.97255,0.97428,0.964465,0.96699
2015-04-02,0.96699,0.96748,0.956285,0.95966
2015-04-03,0.95966,0.961045,0.94811,0.95197
2015-04-06,0.95197,0.96061,0.95007,0.95872
2015-04-07,0.95872,0.967205,0.95581,0.96603
2015-04-08,0.96603,0.96753,0.95977,0.96651
2015-04-09,0.96651,0.97895,0.96612,0.97767
2015-04-10,0.97767,0.983705,0.97508,0.9795
2015-04-13,0.9795,0.986335,0.97598,0.977875
2015-04-14,0.977875,0.97956,0.96736,0.97238
2015-04-15,0.97238,0.97715,0.963615,0.96448
2015-04-16,0.96448,0.97117,0.95402,0.95595
2015-04-17,0.95595,0.958495,0.94946,0.95229
2015-04-20,0.95229,0.959985,0.95003,0.956255
2015-04-21,0.956255,0.962485,0.95061,0.95501
2015-04-22,0.95501,0.9716,0.9501,0.97155
2015-04-23,0.97155,0.971945,0.95308,0.95462
2015-04-24,0.95462,0.95744,0.951075,0.95398
2015-04-27,0.95398,0.95838,0.94933,0.954935
2015-04-28,0.954935,0.95985,0.95043,0.95555
2015-04-29,0.95555,0.95725,0.93402,0.93945
2015-04-30,0.93945,0.944725,0.93082,0.93244
2015-05-01,0.93244,0.9352,0.927715,0.93268
2015-05-04,0.93268,0.938465,0.93136,0.933675
2015-05-05,0.933675,0.941325,0.92389,0.92643
2015-05-06,0.92643,0.928135,0.91143,0.916225
2015-05-07,0.916225,0.922735,0.90721,0.921695
2015-05-08,0.921695,0.932365,0.92005,0.930845
2015-05-11,0.930845,0.935505,0.929725,0.934145
2015-05-12,0.934145,0.93595,0.921175,0.929225
2015-05-13,0.929225,0.92968,0.91539,0.91678
2015-05-14,0.91678,0.91776,0.90789,0.912185
2015-05-15,0.912185,0.925565,0.91149,0.91598
2015-05-18,0.91598,0.926395,0.91513,0.92631
2015-05-19,0.92631,0.93843,0.924595,0.93697
2015-05-20,0.93697,0.940585,0.93386,0.93711
2015-05-21,0.93711,0.93823,0.93065,0.93676
2015-05-22,0.93676,0.945715,0.92867,0.94261
2015-05-25,0.94261,0.945715,0.940565,0.945165
2015-05-26,0.945165,0.953735,0.945,0.953345
2015-05-27,0.953345,0.95432,0.946705,0.949455
2015-05-28,0.949455,0.951285,0.941855,0.943805
2015-05-29,0.943805,0.947955,0.93486,0.940125
2015-06-01,0.940125,0.948455,0.93948,0.94599
2015-06-02,0.94599,0.946525,0.930995,0.933075
2015-06-03,0.933075,0.942355,0.93029,0.933855
2015-06-04,0.933855,0.93717,0.927835,0.933615
2015-06-05,0.933615,0.95026,0.929945,0.939555
2015-06-08,0.939555,0.94297,0.925685,0.927455
2015-06-09,0.927455,0.933255,0.924695,0.93075
2015-06-10,0.93075,0.93253,0.92335,0.931355
2015-06-11,0.931355,0.940975,0.929805,0.933335
2015-06-12,0.933335,0.93909,0.92417,0.92845
2015-06-15,0.92845,0.938425,0.92747,0.92942
2015-06-16,0.92942,0.933505,0.927225,0.93219
2015-06-17,0.93219,0.93258,0.91973,0.9219
2015-06-18,0.9219,0.92462,0.91511,0.92148
2015-06-19,0.92148,0.92495,0.91635,0.917975
2015-06-22,0.917975,0.92256,0.91573,0.921285
2015-06-23,0.921285,0.938785,0.92099,0.9339
2015-06-24,0.9339,0.936965,0.92813,0.933695
2015-06-25,0.933695,0.941595,0.932535,0.936625
2015-06-26,0.936625,0.937405,0.930075,0.932975
2015-06-29,0.932975,0.942875,0.924405,0.92494
2015-06-30,0.92494,0.93811,0.924795,0.935465
2015-07-01,0.935465,0.94897,0.934285,0.94843
2015-07-02,0.94843,0.950395,0.941925,0.943555
2015-07-03,0.943555,0.944125,0.93959,0.94036
2015-07-06,0.94036,0.947205,0.94036,0.942535
2015-07-07,0.942535,0.95158,0.942285,0.94667
2015-07-08,0.94667,0.95101,0.94094,0.945405
2015-07-09,0.945405,0.95154,0.94254,0.94787
2015-07-10,0.94787,0.94907,0.93305,0.93876
2015-07-13,0.93876,0.950285,0.936805,0.95017
2015-07-14,0.95017,0.953225,0.94028,0.94489
2015-07-15,0.94489,0.95483,0.94434,0.951955
2015-07-16,0.951955,0.95849,0.95155,0.95771
2015-07-17,0.95771,0.96198,0.955765,0.961775
2015-07-20,0.961775,0.964925,0.960075,0.964635
2015-07-21,0.964635,0.964855,0.956055,0.95841
2015-07-22,0.95841,0.96321,0.95616,0.95992
2015-07-23,0.95992,0.960305,0.9526,0.95998
2015-07-24,0.95998,0.9636,0.957405,0.962985
2015-07-27,0.962985,0.963305,0.95313,0.962805
2015-07-28,0.962805,0.9674,0.960505,0.962545
2015-07-29,0.962545,0.96898,0.959925,0.96796
2015-07-30,0.96796,0.971955,0.966765,0.96925
2015-07-31,0.96925,0.96968,0.95482,0.966105
2015-08-03,0.966105,0.970225,0.9643,0.9692
2015-08-04,0.9692,0.97899,0.96685,0.9785
2015-08-05,0.9785,0.982185,0.976065,0.97916
2015-08-06,0.97916,0.98476,0.97686,0.980895
2015-08-07,0.980895,0.988405,0.979295,0.98368
2015-08-10,0.98368,0.9891,0.980365,0.98362
2015-08-11,0.98362,0.990345,0.98023,0.988165
2015-08-12,0.988165,0.989035,0.96774,0.97533
2015-08-13,0.97533,0.979415,0.973075,0.976315
2015-08-14,0.976315,0.978705,0.97279,0.97608
2015-08-17,0.97608,0.97988,0.97424,0.97882
2015-08-18,0.97882,0.979565,0.97519,0.97731
2015-08-19,0.97731,0.977865,0.964425,0.965615
2015-08-20,0.965615,0.9672,0.95853,0.95857
2015-08-21,0.95857,0.959505,0.94619,0.946465
2015-08-24,0.946465,0.948265,0.9259,0.930315
2015-08-25,0.930315,0.95056,0.9302,0.939155
2015-08-26,0.939155,0.95519,0.93847,0.95479
2015-08-27,0.95479,0.967245,0.951315,0.966455
2015-08-28,0.966455,0.96673,0.957875,0.96254
2015-08-31,0.96254,0.969,0.958755,0.96732
2015-09-01,0.96732,0.96739,0.956965,0.9588
2015-09-02,0.9588,0.970045,0.95807,0.96938
2015-09-03,0.96938,0.97707,0.96824,0.973335
2015-09-04,0.973335,0.977,0.9685,0.97218
2015-09-07,0.97218,0.97642,0.97079,0.97499
2015-09-08,0.97499,0.98215,0.97,0.9791
2015-09-09,0.9791,0.982355,0.9716,0.975485
2015-09-10,0.975485,0.979315,0.970175,0.973215
2015-09-11,0.973215,0.979645,0.96829,0.969335
2015-09-14,0.969335,0.971935,0.9668,0.968395
2015-09-15,0.968395,0.976405,0.967075,0.97404
2015-09-16,0.97404,0.97628,0.96696,0.971285
2015-09-17,0.971285,0.97249,0.959275,0.95946
2015-09-18,0.95946,0.970535,0.95279,0.968565
2015-09-21,0.968565,0.974065,0.96429,0.97165
2015-09-22,0.97165,0.975335,0.970785,0.97499
2015-09-23,0.97499,0.980175,0.97359,0.979835
2015-09-24,0.979835,0.980425,0.96681,0.97516
2015-09-25,0.97516,0.98435,0.97436,0.979305
2015-09-28,0.979305,0.98162,0.97229,0.97371
2015-09-29,0.97371,0.974915,0.9687,0.97177
2015-09-30,0.97177,0.977615,0.97093,0.973265
2015-10-01,0.973265,0.9789,0.97219,0.977295
2015-10-02,0.977295,0.979455,0.964565,0.971575
2015-10-05,0.971575,0.976765,0.96866,0.975565
2015-10-06,0.975565,0.976735,0.96653,0.96685
2015-10-07,0.96685,0.973975,0.964855,0.973605
2015-10-08,0.973605,0.97378,0.962375,0.96621
2015-10-09,0.96621,0.96759,0.958665,0.96187
2015-10-12,0.96187,0.963115,0.95956,0.96266
2015-10-13,0.96266,0.9647,0.955475,0.957885
2015-10-14,0.957885,0.958575,0.94844,0.949405
2015-10-15,0.949405,0.95533,0.947635,0.950735
2015-10-16,0.950735,0.955365,0.949755,0.95354
2015-10-19,0.95354,0.957825,0.95198,0.956205
2015-10-20,0.956205,0.957115,0.94942,0.95617
2015-10-21,0.95617,0.96112,0.952835,0.959565
2015-10-22,0.959565,0.97391,0.958015,0.97313
2015-10-23,0.97313,0.9801,0.971185,0.978835
2015-10-26,0.978835,0.983935,0.97569,0.983575
2015-10-27,0.983575,0.9874,0.980605,0.98681
2015-10-28,0.98681,0.995775,0.982105,0.994285
2015-10-29,0.994285,0.995635,0.98855,0.98955
2015-10-30,0.98955,0.99107,0.98457,0.98782
2015-11-02,0.98782,0.989195,0.983565,0.98704
2015-11-03,0.98704,0.99253,0.984465,0.99087
2015-11-04,0.99087,0.995185,0.988525,0.9933
2015-11-05,0.9933,0.99795,0.99218,0.99536
2015-11-06,0.99536,1.007665,0.99444,1.005805
2015-11-09,1.005805,1.006285,0.999785,1.003455
2015-11-10,1.003455,1.00874,1.00204,1.006495
2015-11-11,1.006495,1.00724,1.002965,1.004575
2015-11-12,1.004575,1.00854,0.998965,1.00017
2015-11-13,1.00017,1.009515,0.99997,1.006075
2015-11-16,1.006075,1.010325,1.00437,1.00973
2015-11-17,1.00973,1.01714,1.009285,1.0146
2015-11-18,1.0146,1.02203,1.01281,1.019905
2015-11-19,1.019905,1.02019,1.01224,1.0127
2015-11-20,1.0127,1.0198,1.012245,1.01855
2015-11-23,1.01855,1.022655,1.01759,1.0182
2015-11-24,1.0182,1.01939,1.014415,1.01676
2015-11-25,1.01676,1.026115,1.014415,1.02183
2015-11-26,1.02183,1.025345,1.02094,1.023655
2015-11-27,1.023655,1.032825,1.02261,1.02997
2015-11-30,1.02997,1.03204,1.025875,1.028945
2015-12-01,1.028945,1.03021,1.025475,1.0259
2015-12-02,1.0259,1.030805,1.017975,1.018345
2015-12-03,1.018345,1.02685,0.98754,0.99337
2015-12-04,0.99337,1.003405,0.991245,0.99624
2015-12-07,0.99624,1.003165,0.99624,1.000085
2015-12-08,1.000085,1.001085,0.991735,0.992415
2015-12-09,0.992415,0.99453,0.98203,0.98309
2015-12-10,0.98309,0.99084,0.98309,0.987825
2015-12-11,0.987825,0.9899,0.980335,0.98321
2015-12-14,0.98321,0.987245,0.97868,0.98543
2015-12-15,0.98543,0.992505,0.979865,0.99145
2015-12-16,0.99145,0.99207,0.981135,0.990065
2015-12-17,0.990065,0.99912,0.98871,0.996335
2015-12-18,0.996335,0.997615,0.99156,0.99206
2015-12-21,0.99206,0.996875,0.989755,0.99245
2015-12-22,0.99245,0.993795,0.985765,0.98723
2015-12-23,0.98723,0.99454,0.98694,0.990805
2015-12-24,0.990805,0.99176,0.98527,0.986605
2015-12-28,0.986605,0.990255,0.98585,0.98833
2015-12-29,0.98833,0.994325,0.9862,0.993295
2015-12-30,0.993295,0.993295,0.985775,0.988805
2015-12-31,0.988805,1.00211,0.987335,0.99972
2016-01-04,0.99972,1.006295,0.99243,1.002105
2016-01-05,1.002105,1.012455,1.000765,1.00859
2016-01-06,1.00859,1.01214,1.00573,1.007295
2016-01-07,1.007295,1.00808,0.992275,0.99311
2016-01-08,0.99311,1.00523,0.99311,0.99505
2016-01-11,0.99505,1.00232,0.988115,1.001415
2016-01-12,1.001415,1.00465,0.99669,1.002205
2016-01-13,1.002205,1.010665,1.002205,1.006155
2016-01-14,1.006155,1.009195,1.000955,1.005
2016-01-15,1.005,1.00606,0.995855,1.00151
2016-01-18,1.00151,1.007265,1.00076,1.00533
2016-01-19,1.00533,1.008195,1.000255,1.00337
2016-01-20,1.00337,1.00581,0.99907,1.00422
2016-01-21,1.00422,1.014635,1.001285,1.00745
2016-01-22,1.00745,1.01658,1.00696,1.01604
2016-01-25,1.01604,1.016775,1.012485,1.01284
2016-01-26,1.01284,1.0199,1.01181,1.016905
2016-01-27,1.016905,1.01898,1.013035,1.01498
2016-01-28,1.01498,1.017755,1.011105,1.01379
2016-01-29,1.01379,1.02562,1.013355,1.02311
2016-02-01,1.02311,1.02498,1.015575,1.019755
2016-02-02,1.019755,1.02242,1.017065,1.018465
2016-02-03,1.018465,1.01947,0.998835,1.004325
2016-02-04,1.004325,1.00744,0.99223,0.99326
2016-02-05,0.99326,0.998545,0.98836,0.99099
2016-02-08,0.99099,0.997285,0.984165,0.98704
2016-02-09,0.98704,0.98761,0.9695,0.972795
2016-02-10,0.972795,0.981965,0.97108,0.973225
2016-02-11,0.973225,0.97626,0.96614,0.972425
2016-02-12,0.972425,0.97907,0.97149,0.977
2016-02-15,0.977,0.98896,0.97684,0.98719
2016-02-16,0.98719,0.989635,0.98471,0.988645
2016-02-17,0.988645,0.994175,0.985315,0.992475
2016-02-18,0.992475,0.9969,0.99045,0.993105
2016-02-19,0.993105,0.99673,0.988845,0.98987
2016-02-22,0.98987,1.00033,0.98923,0.999675
2016-02-23,0.999675,1.00022,0.989575,0.991305
2016-02-24,0.991305,0.995295,0.985275,0.988815
2016-02-25,0.988815,0.99523,0.98777,0.99035
2016-02-26,0.99035,0.99889,0.987155,0.99668
2016-02-29,0.99668,1.00377,0.9949,0.99835
2016-03-01,0.99835,1.00093,0.996055,0.99747
2016-03-02,0.99747,1.00091,0.99554,0.996575
2016-03-03,0.996575,0.99828,0.98924,0.99223
2016-03-04,0.99223,0.998855,0.9879,0.99297
2016-03-07,0.99297,1.001215,0.992825,0.995515
2016-03-08,0.995515,0.997035,0.990175,0.99585
2016-03-09,0.99585,1.00387,0.99397,0.99738
2016-03-10,0.99738,1.009285,0.98102,0.98501
2016-03-11,0.98501,0.98907,0.980325,0.98258
2016-03-14,0.98258,0.98819,0.98173,0.98727
2016-03-15,0.98727,0.98956,0.98494,0.987155
2016-03-16,0.987155,0.991345,0.97504,0.976925
2016-03-17,0.976925,0.978725,0.96511,0.96759
2016-03-18,0.96759,0.97171,0.965525,0.96939
2016-03-21,0.96939,0.97303,0.967555,0.969885
2016-03-22,0.969885,0.973655,0.96888,0.972725
2016-03-23,0.972725,0.976615,0.972635,0.97515
2016-03-24,0.97515,0.977355,0.97373,0.975795
2016-03-25,0.975795,0.9788,0.975145,0.97748
2016-03-28,0.97748,0.97865,0.972325,0.973935
2016-03-29,0.973935,0.976275,0.9658,0.96667
2016-03-30,0.96667,0.967165,0.959295,0.96499
2016-03-31,0.96499,0.96633,0.957175,0.961825
2016-04-01,0.961825,0.9626,0.95567,0.95808
2016-04-04,0.95808,0.961515,0.957285,0.958875
2016-04-05,0.958875,0.96046,0.954665,0.956095
2016-04-06,0.956095,0.96219,0.953055,0.95562
2016-04-07,0.95562,0.95811,0.952195,0.955985
2016-04-08,0.955985,0.95826,0.952535,0.953705
2016-04-11,0.953705,0.95705,0.950285,0.95421
2016-04-12,0.95421,0.959375,0.94992,0.955215
2016-04-13,0.955215,0.967195,0.954945,0.966815
2016-04-14,0.966815,0.96881,0.963775,0.966855
2016-04-15,0.966855,0.968805,0.96482,0.96783
2016-04-18,0.96783,0.9679,0.962835,0.96435
2016-04-19,0.96435,0.965045,0.95852,0.96196
2016-04-20,0.96196,0.97328,0.96027,0.972325
2016-04-21,0.972325,0.97528,0.964785,0.975145
2016-04-22,0.975145,0.979705,0.973275,0.97848
2016-04-25,0.97848,0.97924,0.973645,0.975075
2016-04-26,0.975075,0.976665,0.970175,0.973465
2016-04-27,0.973465,0.97534,0.968115,0.971115
2016-04-28,0.971115,0.97333,0.96569,0.96673
2016-04-29,0.96673,0.96717,0.95681,0.959385
2016-05-02,0.959385,0.960545,0.95353,0.95443
2016-05-03,0.95443,0.95541,0.94445,0.954545
2016-05-04,0.954545,0.95899,0.95331,0.95758
2016-05-05,0.95758,0.969635,0.956925,0.967695
2016-05-06,0.967695,0.972995,0.965125,0.972605
2016-05-09,0.972605,0.97361,0.96845,0.97117
2016-05-10,0.97117,0.976305,0.969875,0.975965
2016-05-11,0.975965,0.976185,0.969885,0.971005
2016-05-12,0.971005,0.97258,0.966375,0.970525
2016-05-13,0.970525,0.977435,0.970205,0.97545
2016-05-16,0.97545,0.978435,0.974775,0.97766
2016-05-17,0.97766,0.980865,0.97517,0.980505
2016-05-18,0.980505,0.988025,0.979885,0.987755
2016-05-19,0.987755,0.99226,0.986285,0.990665
2016-05-20,0.990665,0.9927,0.989635,0.99024
2016-05-23,0.99024,0.99234,0.988345,0.989395
2016-05-24,0.989395,0.99377,0.989055,0.99337
2016-05-25,0.99337,0.99356,0.989675,0.99129
2016-05-26,0.99129,0.99282,0.98723,0.989395
2016-05-27,0.989395,0.99492,0.988565,0.994725
2016-05-30,0.994725,0.99561,0.992,0.992255
2016-05-31,0.992255,0.995105,0.988695,0.993875
2016-06-01,0.993875,0.995095,0.986195,0.98817
2016-06-02,0.98817,0.99105,0.985885,0.99046
2016-06-03,0.99046,0.99203,0.975415,0.9758
2016-06-06,0.9758,0.97758,0.96821,0.97054
2016-06-07,0.97054,0.97185,0.964515,0.965225
2016-06-08,0.965225,0.96591,0.95814,0.959225
2016-06-09,0.959225,0.96564,0.95783,0.964585
2016-06-10,0.964585,0.96583,0.96166,0.96446
2016-06-13,0.96446,0.967825,0.962945,0.964405
2016-06-14,0.964405,0.96688,0.962095,0.96333
2016-06-15,0.96333,0.96635,0.959135,0.96135
2016-06-16,0.96135,0.96867,0.957215,0.96497
2016-06-17,0.96497,0.96594,0.95888,0.95961
2016-06-20,0.95961,0.96426,0.957565,0.96195
2016-06-21,0.96195,0.96241,0.95727,0.962285
2016-06-22,0.962285,0.962915,0.955095,0.95877
2016-06-23,0.95877,0.960145,0.952175,0.9589
2016-06-24,0.9589,0.98045,0.9551,0.97235
2016-06-27,0.97235,0.98195,0.970715,0.978495
2016-06-28,0.978495,0.98371,0.97633,0.981845
2016-06-29,0.981845,0.982365,0.977995,0.97972
2016-06-30,0.97972,0.98204,0.972825,0.976045
2016-07-01,0.976045,0.978125,0.971045,0.97327
2016-07-04,0.97327,0.975865,0.9703,0.97051
2016-07-05,0.97051,0.977425,0.96855,0.97682
2016-07-06,0.97682,0.980655,0.97404,0.974955
2016-07-07,0.974955,0.97924,0.974115,0.979005
2016-07-08,0.979005,0.986585,0.976065,0.98331
2016-07-11,0.98331,0.98575,0.981555,0.98287
2016-07-12,0.98287,0.989415,0.979585,0.989025
2016-07-13,0.989025,0.989425,0.98219,0.985375
2016-07-14,0.985375,0.98539,0.976445,0.980875
2016-07-15,0.980875,0.984715,0.978255,0.98258
2016-07-18,0.98258,0.98468,0.981165,0.982465
2016-07-19,0.982465,0.98779,0.981545,0.985565
2016-07-20,0.985565,0.990465,0.98511,0.98726
2016-07-21,0.98726,0.990675,0.98411,0.985785
2016-07-22,0.985785,0.98955,0.984395,0.98725
2016-07-25,0.98725,0.989465,0.98497,0.98584
2016-07-26,0.98584,0.992775,0.983515,0.992445
2016-07-27,0.992445,0.99505,0.98585,0.98599
2016-07-28,0.98599,0.98689,0.97939,0.980915
2016-07-29,0.980915,0.981095,0.9636,0.96952
2016-08-01,0.96952,0.970295,0.96641,0.96833
2016-08-02,0.96833,0.96986,0.96336,0.964195
2016-08-03,0.964195,0.97385,0.96396,0.97318
2016-08-04,0.97318,0.97497,0.97214,0.97413
2016-08-05,0.97413,0.98303,0.972705,0.9807
2016-08-08,0.9807,0.98418,0.97896,0.982525
2016-08-09,0.982525,0.98439,0.981175,0.98146
2016-08-10,0.98146,0.981865,0.974665,0.975085
2016-08-11,0.975085,0.976595,0.971165,0.97555
2016-08-12,0.97555,0.97659,0.970835,0.974705
2016-08-15,0.974705,0.9759,0.97134,0.972835
2016-08-16,0.972835,0.97358,0.95894,0.96191
2016-08-17,0.96191,0.965875,0.959685,0.96196
2016-08-18,0.96196,0.96251,0.95376,0.954385
2016-08-19,0.954385,0.961105,0.95399,0.9602
2016-08-22,0.9602,0.96488,0.95944,0.962315
2016-08-23,0.962315,0.96334,0.95939,0.963195
2016-08-24,0.963195,0.96838,0.96256,0.96694
2016-08-25,0.96694,0.96876,0.964125,0.9676
2016-08-26,0.9676,0.979265,0.963215,0.978145
2016-08-29,0.978145,0.980655,0.97649,0.97827
2016-08-30,0.97827,0.984425,0.977555,0.983915
2016-08-31,0.983915,0.986315,0.981785,0.983815
2016-09-01,0.983815,0.988475,0.97857,0.980125
2016-09-02,0.980125,0.981925,0.97395,0.980415
2016-09-05,0.980415,0.981385,0.97723,0.9799
2016-09-06,0.9799,0.981065,0.969345,0.969605
2016-09-07,0.969605,0.97095,0.966945,0.969875
2016-09-08,0.969875,0.97378,0.96493,0.97257
2016-09-09,0.97257,0.97843,0.971045,0.975465
2016-09-12,0.975465,0.97632,0.969055,0.97192
2016-09-13,0.97192,0.978455,0.970735,0.97647
2016-09-14,0.97647,0.978985,0.97064,0.97343
2016-09-15,0.97343,0.97676,0.96945,0.97181
2016-09-16,0.97181,0.98183,0.971185,0.98035
2016-09-19,0.98035,0.98189,0.978345,0.98016
2016-09-20,0.98016,0.98106,0.97623,0.979205
2016-09-21,0.979205,0.98143,0.97206,0.9739
2016-09-22,0.9739,0.97416,0.96602,0.96879
2016-09-23,0.96879,0.974235,0.968545,0.97018
2016-09-26,0.97018,0.970905,0.96613,0.96924
2016-09-27,0.96924,0.972895,0.966165,0.970875
2016-09-28,0.970875,0.9737,0.969155,0.971065
2016-09-29,0.971065,0.97236,0.96403,0.96626
2016-09-30,0.96626,0.97559,0.964785,0.97135
2016-10-03,0.97135,0.974455,0.96997,0.973625
2016-10-04,0.973625,0.982895,0.97296,0.97885
2016-10-05,0.97885,0.979235,0.973355,0.97418
2016-10-06,0.97418,0.981875,0.973635,0.980745
2016-10-07,0.980745,0.983955,0.976745,0.97756
2016-10-10,0.97756,0.98391,0.9772,0.982485
2016-10-11,0.982485,0.989345,0.982115,0.98882
2016-10-12,0.98882,0.99098,0.987475,0.990745
2016-10-13,0.990745,0.990985,0.985945,0.98617
2016-10-14,0.98617,0.990505,0.985635,0.99032
2016-10-17,0.99032,0.990685,0.987165,0.989015
2016-10-18,0.989015,0.99147,0.98669,0.989825
2016-10-19,0.989825,0.99058,0.987555,0.98908
2016-10-20,0.98908,0.993315,0.98428,0.99265
2016-10-21,0.99265,0.99618,0.992375,0.993535
2016-10-24,0.993535,0.995645,0.9916,0.993655
2016-10-25,0.993655,0.999885,0.99328,0.994425
2016-10-26,0.994425,0.99588,0.99036,0.99348
2016-10-27,0.99348,0.9951,0.99118,0.993625
2016-10-28,0.993625,0.995035,0.98585,0.987825
2016-10-31,0.987825,0.990745,0.986945,0.9891
2016-11-01,0.9891,0.98986,0.972845,0.97539
2016-11-02,0.97539,0.975435,0.969535,0.973205
2016-11-03,0.973205,0.97603,0.96958,0.97395
2016-11-04,0.97395,0.9758,0.968085,0.96827
2016-11-07,0.96827,0.978965,0.96827,0.974265
2016-11-08,0.974265,0.97898,0.97355,0.977915
2016-11-09,0.977915,0.98479,0.95502,0.984545
2016-11-10,0.984545,0.98966,0.98208,0.986875
2016-11-11,0.986875,0.98934,0.9832,0.98808
2016-11-14,0.98808,1.000205,0.98808,0.997915
2016-11-15,0.997915,1.002455,0.992935,1.001815
2016-11-16,1.001815,1.005855,0.998385,1.001945
2016-11-17,1.001945,1.00735,0.99948,1.007205
2016-11-18,1.007205,1.01233,1.00602,1.01014
2016-11-21,1.01014,1.01168,1.0075,1.00885
2016-11-22,1.00885,1.01344,1.006775,1.011325
2016-11-23,1.011325,1.018215,1.009225,1.016785
2016-11-24,1.016785,1.01919,1.014535,1.01655
2016-11-25,1.01655,1.018645,1.010525,1.01414
2016-11-28,1.01414,1.01682,1.00797,1.013115
2016-11-29,1.013115,1.017675,1.01109,1.01176
2016-11-30,1.01176,1.0205,1.01069,1.01742
2016-12-01,1.01742,1.01828,1.009955,1.01063
2016-12-02,1.01063,1.012265,1.00734,1.01049
2016-12-05,1.01049,1.018335,1.00507,1.006535
2016-12-06,1.006535,1.011535,1.004965,1.01028
2016-12-07,1.01028,1.010965,1.006575,1.00722
2016-12-08,1.00722,1.01783,1.00206,1.016255
2016-12-09,1.016255,1.02136,1.01536,1.017055
2016-12-12,1.017055,1.019885,1.01244,1.013455
2016-12-13,1.013455,1.01459,1.01005,1.012035
2016-12-14,1.012035,1.02235,1.00836,1.02037
2016-12-15,1.02037,1.03437,1.01962,1.029975
2016-12-16,1.029975,1.031155,1.024145,1.026605
2016-12-19,1.026605,1.028315,1.02215,1.027205
2016-12-20,1.027205,1.03206,1.02602,1.02878
2016-12-21,1.02878,1.029575,1.022695,1.026835
2016-12-22,1.026835,1.02718,1.02184,1.02577
2016-12-23,1.02577,1.02809,1.02434,1.02665
2016-12-27,1.02665,1.029805,1.026595,1.028015
2016-12-28,1.028015,1.03214,1.02649,1.02836
2016-12-29,1.02836,1.028635,1.02072,1.02307
2016-12-30,1.02307,1.02326,1.00592,1.01902
2017-01-03,1.01902,1.03351,1.01902,1.02745
2017-01-04,1.02745,1.02912,1.0201,1.02106
2017-01-05,1.02106,1.0221,1.00871,1.00977
2017-01-06,1.00977,1.018405,1.0094,1.01803
2017-01-09,1.01803,1.019765,1.01418,1.015255
2017-01-10,1.015255,1.01782,1.01112,1.016825
2017-01-11,1.016825,1.02482,1.01018,1.01406
2017-01-12,1.01406,1.01496,1.00564,1.010865
2017-01-13,1.010865,1.01218,1.00437,1.00883
2017-01-16,1.00883,1.01366,1.00883,1.011795
2017-01-17,1.011795,1.01222,0.99964,1.00165
2017-01-18,1.00165,1.00755,1.00094,1.00749
2017-01-19,1.00749,1.01224,1.00419,1.006225
2017-01-20,1.006225,1.0094,1.00139,1.00189
2017-01-23,1.00189,1.0028,0.99641,0.99674
2017-01-24,0.99674,1.00192,0.99604,1.00089
2017-01-25,1.00089,1.00262,0.99664,0.999305
2017-01-26,0.999305,1.00262,0.99686,1.00011
2017-01-27,1.00011,1.00277,0.99698,0.999215
2017-01-30,0.999215,1.00448,0.99338,0.995215
2017-01-31,0.995215,0.99664,0.98615,0.98943
2017-02-01,0.98943,0.99581,0.98838,0.992965
2017-02-02,0.992965,0.993845,0.98701,0.99272
2017-02-03,0.99272,0.99869,0.99067,0.99289
2017-02-06,0.99289,0.99616,0.99041,0.990785
2017-02-07,0.990785,1.00066,0.99064,0.99759
2017-02-08,0.99759,0.99999,0.99303,0.994725
2017-02-09,0.994725,1.00191,0.99368,1.00172
2017-02-10,1.00172,1.00624,1.00098,1.00237
2017-02-13,1.00237,1.00694,1.00192,1.00585
2017-02-14,1.00585,1.00845,1.00314,1.00631
2017-02-15,1.00631,1.01188,1.00478,1.005395
2017-02-16,1.005395,1.00599,0.99668,0.99699
2017-02-17,0.99699,1.00336,0.99692,1.00271
2017-02-20,1.00271,1.00445,1.00122,1.002835
2017-02-21,1.002835,1.01056,1.00271,1.009785
2017-02-22,1.009785,1.0141,1.00782,1.010425
2017-02-23,1.010425,1.01166,1.00543,1.006425
2017-02-24,1.006425,1.00808,1.00254,1.007535
2017-02-27,1.007535,1.00984,1.00462,1.009265
2017-02-28,1.009265,1.01018,1.00096,1.00591
2017-03-01,1.00591,1.01291,1.00532,1.008935
2017-03-02,1.008935,1.01464,1.00845,1.01321
2017-03-03,1.01321,1.01376,1.00732,1.00765
2017-03-06,1.00765,1.01296,1.0073,1.01204
2017-03-07,1.01204,1.01706,1.0107,1.013235
2017-03-08,1.013235,1.01546,1.0123,1.014675
2017-03-09,1.014675,1.01611,1.00921,1.012265
2017-03-10,1.012265,1.01421,1.0079,1.01076
2017-03-13,1.01076,1.01171,1.00608,1.007295
2017-03-14,1.007295,1.01087,1.0069,1.010105
2017-03-15,1.010105,1.01108,0.99856,1.00025
2017-03-16,1.00025,1.00142,0.99514,0.996515
2017-03-17,0.996515,0.99893,0.99426,0.998485
2017-03-20,0.998485,0.99912,0.99576,0.9987
2017-03-21,0.9987,1.00024,0.99222,0.99384
2017-03-22,0.99384,0.99464,0.988215,0.991405
2017-03-23,0.991405,0.99424,0.99121,0.993315
2017-03-24,0.993315,0.99594,0.98892,0.99148
2017-03-27,0.99148,0.99148,0.98135,0.985575
2017-03-28,0.985575,0.99353,0.98318,0.99246
2017-03-29,0.99246,0.99764,0.99132,0.99643
2017-03-30,0.99643,1.00136,0.99485,1.00124
2017-03-31,1.00124,1.00332,0.9995,1.002905
2017-04-03,1.002905,1.00375,1.0008,1.00143
2017-04-04,1.00143,1.00374,1.0012,1.00185
2017-04-05,1.00185,1.00776,1.00124,1.004865
2017-04-06,1.004865,1.00673,1.00265,1.00497
2017-04-07,1.00497,1.00964,1.00287,1.00902
2017-04-10,1.00902,1.01076,1.0075,1.008485
2017-04-11,1.008485,1.00945,1.00564,1.007275
2017-04-12,1.007275,1.00896,1.00218,1.003145
2017-04-13,1.003145,1.00672,1.00086,1.00577
2017-04-14,1.00577,1.006285,1.0028,1.005425
2017-04-17,1.005425,1.00572,1.00104,1.00454
2017-04-18,1.00454,1.00478,0.995575,0.996175
2017-04-19,0.996175,0.99925,0.99564,0.99811
2017-04-20,0.99811,0.99884,0.99409,0.998775
2017-04-21,0.998775,0.99994,0.99576,0.99602
2017-04-24,0.99602,0.99803,0.99006,0.99573
2017-04-25,0.99573,0.997,0.9919,0.993695
2017-04-26,0.993695,0.9969,0.99196,0.99332
2017-04-27,0.99332,0.99638,0.99204,0.994305
2017-04-28,0.994305,0.99581,0.9894,0.99505
2017-05-01,0.99505,0.99654,0.99284,0.99634
2017-05-02,0.99634,0.99668,0.99124,0.99162
2017-05-03,0.99162,0.99478,0.98908,0.99476
2017-05-04,0.99476,0.99574,0.98633,0.98639
2017-05-05,0.98639,0.99032,0.98589,0.98742
2017-05-08,0.98742,0.99914,0.98729,0.998815
2017-05-09,0.998815,1.00908,0.99778,1.007455
2017-05-10,1.007455,1.0095,1.00483,1.008925
2017-05-11,1.008925,1.01002,1.00566,1.007835
2017-05-12,1.007835,1.00864,0.99879,1.00109
2017-05-15,1.00109,1.00198,0.9958,0.99656
2017-05-16,0.99656,0.99691,0.98474,0.985885
2017-05-17,0.985885,0.98624,0.97746,0.97874
2017-05-18,0.97874,0.9825,0.97597,0.97987
2017-05-19,0.97987,0.98054,0.97254,0.972805
2017-05-22,0.972805,0.97658,0.96919,0.97342
2017-05-23,0.97342,0.97632,0.97022,0.976045
2017-05-24,0.976045,0.97767,0.97292,0.973035
2017-05-25,0.973035,0.97412,0.97008,0.973065
2017-05-26,0.973065,0.97614,0.969665,0.9742
2017-05-29,0.9742,0.97787,0.97315,0.977695
2017-05-30,0.977695,0.98078,0.97371,0.97466
2017-05-31,0.97466,0.97612,0.96696,0.967865
2017-06-01,0.967865,0.972,0.96678,0.97154
2017-06-02,0.97154,0.97192,0.9621,0.962525
2017-06-05,0.962525,0.96642,0.962525,0.96504
2017-06-06,0.96504,0.96547,0.96136,0.96196
2017-06-07,0.96196,0.96779,0.96176,0.96479
2017-06-08,0.96479,0.96964,0.96346,0.967285
2017-06-09,0.967285,0.97274,0.96593,0.96938
2017-06-12,0.96938,0.96959,0.967,0.968765
2017-06-13,0.968765,0.97007,0.96621,0.968835
2017-06-14,0.968835,0.97357,0.96408,0.970975
2017-06-15,0.970975,0.97709,0.9704,0.975315
2017-06-16,0.975315,0.97574,0.9727,0.97374
2017-06-19,0.97374,0.97594,0.96958,0.97563
2017-06-20,0.97563,0.97666,0.97258,0.97505
2017-06-21,0.97505,0.9756,0.972305,0.972425
2017-06-22,0.972425,0.97428,0.97126,0.971765
2017-06-23,0.971765,0.97275,0.9676,0.969315
2017-06-26,0.969315,0.97384,0.9686,0.972425
2017-06-27,0.972425,0.97332,0.959245,0.960335
2017-06-28,0.960335,0.96476,0.95792,0.95964
2017-06-29,0.95964,0.95998,0.95562,0.95593
2017-06-30,0.95593,0.95986,0.95529,0.95842
2017-07-03,0.95842,0.9643,0.95788,0.963605
2017-07-04,0.963605,0.96598,0.96218,0.965495
2017-07-05,0.965495,0.96883,0.96348,0.96405
2017-07-06,0.96405,0.96604,0.96012,0.960545
2017-07-07,0.960545,0.96544,0.9598,0.96396
2017-07-10,0.96396,0.96754,0.96304,0.965645
2017-07-11,0.965645,0.96962,0.96241,0.96383
2017-07-12,0.96383,0.96625,0.96028,0.96538
2017-07-13,0.96538,0.968705,0.96158,0.967135
2017-07-14,0.967135,0.97006,0.962935,0.96345
2017-07-17,0.96345,0.9659,0.95951,0.96247
2017-07-18,0.96247,0.96347,0.9524,0.955045
2017-07-19,0.955045,0.95606,0.95291,0.95555
2017-07-20,0.95555,0.96267,0.94934,0.951295
2017-07-21,0.951295,0.95229,0.94389,0.945535
2017-07-24,0.945535,0.94756,0.94456,0.946355
2017-07-25,0.946355,0.95259,0.94556,0.952465
2017-07-26,0.952465,0.95954,0.94986,0.950865
2017-07-27,0.950865,0.9662,0.94908,0.96503
2017-07-28,0.96503,0.97268,0.96336,0.96868
2017-07-31,0.96868,0.97125,0.96371,0.96677
2017-08-01,0.96677,0.96838,0.96314,0.96574
2017-08-02,0.96574,0.97138,0.96488,0.970985
2017-08-03,0.970985,0.97168,0.96722,0.968575
2017-08-04,0.968575,0.97644,0.96712,0.97288
2017-08-07,0.97288,0.97463,0.9712,0.973265
2017-08-08,0.973265,0.97733,0.971,0.97429
2017-08-09,0.97429,0.97504,0.96119,0.963675
2017-08-10,0.963675,0.96754,0.96192,0.96258
2017-08-11,0.96258,0.96389,0.9584,0.961965
2017-08-14,0.961965,0.97327,0.96161,0.97203
2017-08-15,0.97203,0.9759,0.97028,0.972575
2017-08-16,0.972575,0.9766,0.96486,0.965725
2017-08-17,0.965725,0.9699,0.96057,0.963005
2017-08-18,0.963005,0.96698,0.95868,0.96486
2017-08-21,0.96486,0.96854,0.96011,0.961865
2017-08-22,0.961865,0.96885,0.96142,0.96825
2017-08-23,0.96825,0.97018,0.9642,0.965515
2017-08-24,0.965515,0.9669,0.96203,0.96542
2017-08-25,0.96542,0.96625,0.95506,0.95641
2017-08-28,0.95641,0.9578,0.95272,0.955225
2017-08-29,0.955225,0.9561,0.94284,0.955475
2017-08-30,0.955475,0.96457,0.95386,0.96374
2017-08-31,0.96374,0.96796,0.95826,0.958685
2017-09-01,0.958685,0.96529,0.95466,0.964805
2017-09-04,0.964805,0.964805,0.95518,0.95812
2017-09-05,0.95812,0.9614,0.95348,0.95517
2017-09-06,0.95517,0.95826,0.95282,0.95663
2017-09-07,0.95663,0.95956,0.94939,0.95057
2017-09-08,0.95057,0.95092,0.94218,0.94428
2017-09-11,0.94428,0.95692,0.94428,0.956345
2017-09-12,0.956345,0.96184,0.9547,0.96038
2017-09-13,0.96038,0.96608,0.95838,0.964165
2017-09-14,0.964165,0.97052,0.96182,0.963395
2017-09-15,0.963395,0.96477,0.95652,0.95967
2017-09-18,0.95967,0.96408,0.95806,0.961705
2017-09-19,0.961705,0.9649,0.95952,0.962565
2017-09-20,0.962565,0.9718,0.95893,0.969855
2017-09-21,0.969855,0.97479,0.96852,0.970665
2017-09-22,0.970665,0.97113,0.96686,0.96938
2017-09-25,0.96938,0.97463,0.96431,0.966625
2017-09-26,0.966625,0.97266,0.96532,0.968615
2017-09-27,0.968615,0.977,0.968615,0.97218
2017-09-28,0.97218,0.97594,0.96982,0.970085
2017-09-29,0.970085,0.97214,0.96704,0.96822
2017-10-02,0.96822,0.97554,0.96799,0.974665
2017-10-03,0.974665,0.97861,0.97286,0.973775
2017-10-04,0.973775,0.976185,0.97104,0.975125
2017-10-05,0.975125,0.97958,0.97429,0.97833
2017-10-06,0.97833,0.98368,0.97708,0.97806
2017-10-09,0.97806,0.98078,0.97745,0.979865
2017-10-10,0.979865,0.97998,0.97356,0.975285
2017-10-11,0.975285,0.97668,0.97172,0.973365
2017-10-12,0.973365,0.97638,0.97118,0.97536
2017-10-13,0.97536,0.97714,0.9705,0.97461
2017-10-16,0.97461,0.97694,0.97298,0.97536
2017-10-17,0.97536,0.98092,0.97486,0.97829
2017-10-18,0.97829,0.98368,0.97744,0.981565
2017-10-19,0.981565,0.982,0.97366,0.9763
2017-10-20,0.9763,0.98528,0.97568,0.98445
2017-10-23,0.98445,0.98816,0.98318,0.98496
2017-10-24,0.98496,0.99124,0.98385,0.991215
2017-10-25,0.991215,0.99397,0.98692,0.989665
2017-10-26,0.989665,0.99793,0.98764,0.99783
2017-10-27,0.99783,1.00384,0.99674,0.99813
2017-10-30,0.99813,0.99964,0.99389,0.99436
2017-10-31,0.99436,0.99947,0.9943,0.997785
2017-11-01,0.997785,1.00377,0.99696,1.003215
2017-11-02,1.003215,1.00344,0.99494,0.9994
2017-11-03,0.9994,1.00245,0.99458,1.00061
2017-11-06,1.00061,1.00292,0.99728,0.99743
2017-11-07,0.99743,1.00194,0.99712,1.000045
2017-11-08,1.000045,1.00068,0.99809,1.000065
2017-11-09,1.000065,1.00182,0.99218,0.993695
2017-11-10,0.993695,0.9969,0.99252,0.995975
2017-11-13,0.995975,0.99868,0.99365,0.99639
2017-11-14,0.99639,0.99707,0.98818,0.989235
2017-11-15,0.989235,0.99116,0.98468,0.98833
2017-11-16,0.98833,0.99458,0.98831,0.99417
2017-11-17,0.99417,0.9944,0.98761,0.98892
2017-11-20,0.98892,0.99376,0.98787,0.993435
2017-11-21,0.993435,0.9947,0.9899,0.99146
2017-11-22,0.99146,0.99182,0.98128,0.981975
2017-11-23,0.981975,0.98283,0.97948,0.98183
2017-11-24,0.98183,0.98274,0.97853,0.97959
2017-11-27,0.97959,0.98202,0.97786,0.981575
2017-11-28,0.981575,0.98525,0.98026,0.98427
2017-11-29,0.98427,0.987,0.98191,0.984605
2017-11-30,0.984605,0.98822,0.98162,0.9835
2017-12-01,0.9835,0.98708,0.97356,0.97615
2017-12-04,0.97615,0.98672,0.97615,0.98489
2017-12-05,0.98489,0.98879,0.98373,0.98734
2017-12-06,0.98734,0.99097,0.98552,0.98987
2017-12-07,0.98987,0.99474,0.98736,0.99439
2017-12-08,0.99439,0.9978,0.99227,0.99262
2017-12-11,0.99262,0.99495,0.98976,0.99165
2017-12-12,0.99165,0.99356,0.98906,0.991535
2017-12-13,0.991535,0.99286,0.98426,0.98535
2017-12-14,0.98535,0.99045,0.98398,0.98915
2017-12-15,0.98915,0.99344,0.98735,0.99099
2017-12-18,0.99099,0.99215,0.98402,0.985685
2017-12-19,0.985685,0.98789,0.98346,0.98491
2017-12-20,0.98491,0.98852,0.98286,0.98693
2017-12-21,0.98693,0.99098,0.98556,0.98842
2017-12-22,0.98842,0.99117,0.98824,0.98957
2017-12-26,0.98957,0.99158,0.98819,0.989425
2017-12-27,0.989425,0.99036,0.98593,0.986365
2017-12-28,0.986365,0.986365,0.97718,0.97857
2017-12-29,0.97857,0.97994,0.97342,0.9745
2018-01-02,0.9745,0.97564,0.97,0.971735
2018-01-03,0.971735,0.97976,0.9711,0.97714
2018-01-04,0.97714,0.97809,0.97373,0.97468
2018-01-05,0.97468,0.97848,0.97392,0.97471
2018-01-08,0.97471,0.97842,0.97437,0.97738
2018-01-09,0.97738,0.98419,0.97654,0.983235
2018-01-10,0.983235,0.98454,0.97541,0.978345
2018-01-11,0.978345,0.98164,0.97326,0.975705
2018-01-12,0.975705,0.97706,0.96654,0.96746
2018-01-15,0.96746,0.96889,0.96036,0.96304
2018-01-16,0.96304,0.96656,0.9581,0.959595
2018-01-17,0.959595,0.96586,0.95725,0.96572
2018-01-18,0.96572,0.96684,0.95752,0.95897
2018-01-19,0.95897,0.96411,0.95356,0.96396
2018-01-22,0.96396,0.96404,0.95928,0.961895
2018-01-23,0.961895,0.963365,0.9567,0.957785
2018-01-24,0.957785,0.95812,0.9427,0.94548
2018-01-25,0.94548,0.94682,0.92895,0.94112
2018-01-26,0.94112,0.9431,0.93236,0.93357
2018-01-29,0.93357,0.93874,0.93282,0.93762
2018-01-30,0.93762,0.93932,0.93102,0.93405
2018-01-31,0.93405,0.93593,0.92894,0.931255
2018-02-01,0.931255,0.93418,0.92565,0.926495
2018-02-02,0.926495,0.93372,0.92575,0.93172
2018-02-05,0.93172,0.93767,0.92874,0.931515
2018-02-06,0.931515,0.93982,0.93064,0.93618
2018-02-07,0.93618,0.94548,0.93395,0.94332
2018-02-08,0.94332,0.947,0.9355,0.936165
2018-02-09,0.936165,0.94093,0.9349,0.93956
2018-02-12,0.93956,0.94088,0.9364,0.93926
2018-02-13,0.93926,0.93988,0.93229,0.93488
2018-02-14,0.93488,0.93745,0.92849,0.92934
2018-02-15,0.92934,0.9297,0.92102,0.92197
2018-02-16,0.92197,0.92876,0.91874,0.9275
2018-02-19,0.9275,0.93197,0.92635,0.92895
2018-02-20,0.92895,0.93691,0.9287,0.936115
2018-02-21,0.936115,0.93968,0.93431,0.93904
2018-02-22,0.93904,0.94096,0.93262,0.93284
2018-02-23,0.93284,0.93746,0.93238,0.93621
2018-02-26,0.93621,0.93913,0.93256,0.938105
2018-02-27,0.938105,0.94171,0.93586,0.939015
2018-02-28,0.939015,0.9459,0.93876,0.944745
2018-03-01,0.944745,0.94903,0.94106,0.94182
2018-03-02,0.94182,0.94248,0.93388,0.93774
2018-03-05,0.93774,0.9408,0.93487,0.93988
2018-03-06,0.93988,0.94196,0.93602,0.940645
2018-03-07,0.940645,0.94424,0.9358,0.943465
2018-03-08,0.943465,0.95202,0.94222,0.951045
2018-03-09,0.951045,0.95342,0.9488,0.95134
2018-03-12,0.95134,0.95162,0.94598,0.947595
2018-03-13,0.947595,0.94938,0.94296,0.944055
2018-03-14,0.944055,0.94805,0.94248,0.9449
2018-03-15,0.9449,0.952,0.943395,0.951325
2018-03-16,0.951325,0.9548,0.94854,0.952065
2018-03-19,0.952065,0.95518,0.94949,0.95098
2018-03-20,0.95098,0.95701,0.9502,0.956485
2018-03-21,0.956485,0.95687,0.94842,0.94953
2018-03-22,0.94953,0.95152,0.94599,0.949235
2018-03-23,0.949235,0.94977,0.94449,0.94732
2018-03-26,0.94732,0.94891,0.94334,0.94509
2018-03-27,0.94509,0.95087,0.94344,0.946825
2018-03-28,0.946825,0.9578,0.94582,0.95656
2018-03-29,0.95656,0.95838,0.9548,0.95641
2018-03-30,0.95641,0.956545,0.95242,0.95408
2018-04-02,0.95408,0.95651,0.95268,0.95532
2018-04-03,0.95532,0.95974,0.953335,0.958795
2018-04-04,0.958795,0.96116,0.95514,0.960725
2018-04-05,0.960725,0.963985,0.95985,0.96345
2018-04-06,0.96345,0.96509,0.95782,0.959115
2018-04-09,0.959115,0.96099,0.95606,0.956105
2018-04-10,0.956105,0.95813,0.95348,0.95688
2018-04-11,0.95688,0.95966,0.95558,0.95763
2018-04-12,0.95763,0.96468,0.95693,0.962325
2018-04-13,0.962325,0.96388,0.96003,0.96208
2018-04-16,0.96208,0.96378,0.95775,0.96018
2018-04-17,0.96018,0.96786,0.95809,0.96621
2018-04-18,0.96621,0.9699,0.96506,0.96868
2018-04-19,0.96868,0.97241,0.96665,0.9713
2018-04-20,0.9713,0.97594,0.9706,0.97489
2018-04-23,0.97489,0.97885,0.97438,0.9783
2018-04-24,0.9783,0.9811,0.9768,0.97891
2018-04-25,0.97891,0.98483,0.97847,0.98322
2018-04-26,0.98322,0.98958,0.98168,0.98906
2018-04-27,0.98906,0.99208,0.9872,0.98783
2018-04-30,0.98783,0.9921,0.98726,0.99087
2018-05-01,0.99087,0.99704,0.99005,0.99666
2018-05-02,0.99666,1.00004,0.99362,0.99939
2018-05-03,0.99939,0.99999,0.99559,0.99744
2018-05-04,0.99744,1.0023,0.99656,1
2018-05-07,1,1.00564,0.99842,1.00274
2018-05-08,1.00274,1.00456,1.00028,1.00176
2018-05-09,1.00176,1.0056,1.00038,1.00508
2018-05-10,1.00508,1.00573,0.99946,1.00298
2018-05-11,1.00298,1.00404,0.99764,1.00044
2018-05-14,1.00044,1.00074,0.99576,1.00043
2018-05-15,1.00043,1.00416,0.99838,1.00128
2018-05-16,1.00128,1.00192,0.99844,1.0013
2018-05-17,1.0013,1.00333,0.99874,1.00144
2018-05-18,1.00144,1.00184,0.99508,0.99764
2018-05-21,0.99764,1.00016,0.99706,0.99735
2018-05-22,0.99735,0.99908,0.9918,0.99269
2018-05-23,0.99269,0.99784,0.98945,0.9958
2018-05-24,0.9958,0.9959,0.9886,0.99167
2018-05-25,0.99167,0.99372,0.98977,0.98977
2018-05-28,0.98977,0.99581,0.98977,0.99376
2018-05-29,0.99376,0.99836,0.98508,0.99128
2018-05-30,0.99128,0.99352,0.98786,0.98917
2018-05-31,0.98917,0.98978,0.98261,0.98583
2018-06-01,0.98583,0.9914,0.9842,0.98792
2018-06-04,0.98792,0.98947,0.98307,0.98806
2018-06-05,0.98806,0.98928,0.98302,0.98452
2018-06-06,0.98452,0.98858,0.9836,0.98644
2018-06-07,0.98644,0.98698,0.97888,0.98054
2018-06-08,0.98054,0.98878,0.97968,0.98509
2018-06-11,0.98509,0.98736,0.98392,0.98532
2018-06-12,0.98532,0.98839,0.98304,0.98678
2018-06-13,0.98678,0.98957,0.98404,0.98524
2018-06-14,0.98524,0.99733,0.98256,0.99712
2018-06-15,0.99712,0.99884,0.99457,0.99759
2018-06-18,0.99759,0.99906,0.99362,0.99514
2018-06-19,0.99514,0.99775,0.99184,0.99412
2018-06-20,0.99412,0.99828,0.99366,0.99612
2018-06-21,0.99612,0.9986,0.98976,0.99194
2018-06-22,0.99194,0.99279,0.98738,0.98784
2018-06-25,0.98784,0.98906,0.9856,0.98708
2018-06-26,0.98708,0.9923,0.98582,0.99092
2018-06-27,0.99092,0.99764,0.98912,0.99711
2018-06-28,0.99711,0.99926,0.99589,0.99742
2018-06-29,0.99742,0.99829,0.98941,0.99053
2018-07-02,0.99053,0.99654,0.98952,0.9936
2018-07-03,0.9936,0.99502,0.99134,0.99246
2018-07-04,0.99246,0.99403,0.99055,0.99292
2018-07-05,0.99292,0.99482,0.99103,0.99347
2018-07-06,0.99347,0.99444,0.98844,0.99004
2018-07-09,0.99004,0.993,0.9858,0.99137
2018-07-10,0.99137,0.99617,0.99096,0.99182
2018-07-11,0.99182,0.99662,0.9905,0.99591
2018-07-12,0.99591,1.00272,0.99476,1.00248
2018-07-13,1.00248,1.00678,1.00139,1.00139
2018-07-16,1.00139,1.00246,0.9963,0.99682
2018-07-17,0.99682,1.00017,0.99267,1.00006
2018-07-18,1.00006,1.00347,0.99828,0.99906
2018-07-19,0.99906,1.0044,0.99584,0.99924
2018-07-20,0.99924,1.00098,0.99158,0.99232
2018-07-23,0.99232,0.99418,0.99014,0.99258
2018-07-24,0.99258,0.99546,0.99226,0.99366
2018-07-25,0.99366,0.99498,0.99082,0.99178
2018-07-26,0.99178,0.99494,0.99031,0.99424
2018-07-27,0.99424,0.99784,0.99314,0.99428
2018-07-30,0.99428,0.99568,0.9878,0.98828
2018-07-31,0.98828,0.99088,0.9867,0.99042
2018-08-01,0.99042,0.99342,0.98992,0.99216
2018-08-02,0.99216,0.99564,0.9912,0.99526
2018-08-03,0.99526,0.9966,0.99214,0.99424
2018-08-06,0.99424,0.99848,0.99356,0.99658
2018-08-07,0.99658,0.9973,0.99309,0.99565
2018-08-08,0.99565,0.99708,0.9928,0.9934
2018-08-09,0.9934,0.99508,0.98949,0.99354
2018-08-10,0.99354,0.99755,0.99286,0.99536
2018-08-13,0.99536,0.99543,0.99214,0.99308
2018-08-14,0.99308,0.99508,0.99013,0.99424
2018-08-15,0.99424,0.99826,0.99266,0.9936
2018-08-16,0.9936,0.99744,0.99161,0.99682
2018-08-17,0.99682,0.9978,0.99326,0.99555
2018-08-20,0.99555,0.99684,0.9911,0.9914
2018-08-21,0.9914,0.99206,0.9843,0.98506
2018-08-22,0.98506,0.98588,0.9808,0.9831
2018-08-23,0.9831,0.98662,0.98222,0.98637
2018-08-24,0.98637,0.98658,0.98109,0.98373
2018-08-27,0.98373,0.98458,0.9788,0.97993
2018-08-28,0.97993,0.98096,0.97453,0.9763
2018-08-29,0.9763,0.9776,0.97026,0.9705
2018-08-30,0.9705,0.97157,0.96864,0.96932
2018-08-31,0.96932,0.97039,0.9652,0.96894
2018-09-03,0.96894,0.97076,0.96832,0.96926
2018-09-04,0.96926,0.97669,0.96892,0.97436
2018-09-05,0.97436,0.9754,0.97087,0.97168
2018-09-06,0.97168,0.97222,0.96502,0.96512
2018-09-07,0.96512,0.96998,0.96416,0.96926
2018-09-10,0.96926,0.97546,0.96859,0.97498
2018-09-11,0.97498,0.9759,0.97205,0.97234
2018-09-12,0.97234,0.97502,0.96956,0.97064
2018-09-13,0.97064,0.97111,0.96516,0.96533
2018-09-14,0.96533,0.96758,0.96345,0.96751
2018-09-17,0.96751,0.96836,0.96122,0.96258
2018-09-18,0.96258,0.9656,0.96003,0.96448
2018-09-19,0.96448,0.97002,0.9634,0.96708
2018-09-20,0.96708,0.96789,0.95884,0.95884
2018-09-21,0.95884,0.95982,0.95424,0.95849
2018-09-24,0.95849,0.96502,0.95797,0.96488
2018-09-25,0.96488,0.96708,0.96364,0.965
2018-09-26,0.965,0.9702,0.96236,0.96596
2018-09-27,0.96596,0.9783,0.9648,0.97738
2018-09-28,0.97738,0.98194,0.97378,0.98148
2018-10-01,0.98148,0.98556,0.98005,0.98382
2018-10-02,0.98382,0.9863,0.98269,0.98382
2018-10-03,0.98382,0.99255,0.9833,0.99236
2018-10-04,0.99236,0.99342,0.98921,0.99174
2018-10-05,0.99174,0.99552,0.99102,0.99201
2018-10-08,0.99201,0.99451,0.99072,0.99264
2018-10-09,0.99264,0.9956,0.99109,0.99206
2018-10-10,0.99206,0.99344,0.98958,0.9902
2018-10-11,0.9902,0.99226,0.98566,0.98938
2018-10-12,0.98938,0.99308,0.9882,0.992
2018-10-15,0.992,0.9921,0.98484,0.98694
2018-10-16,0.98694,0.99088,0.9859,0.9906
2018-10-17,0.9906,0.9955,0.9898,0.99534
2018-10-18,0.99534,0.9975,0.99206,0.99573
2018-10-19,0.99573,0.99776,0.99495,0.99582
2018-10-22,0.99582,0.998,0.99404,0.99614
2018-10-23,0.99614,0.99705,0.99382,0.99494
2018-10-24,0.99494,0.99902,0.99422,0.99778
2018-10-25,0.99778,1.00182,0.99554,0.99934
2018-10-26,0.99934,1.0027,0.99632,0.99709
2018-10-29,0.99709,1.00244,0.99658,1.00192
2018-10-30,1.00192,1.0053,1.00083,1.00524
2018-10-31,1.00524,1.00953,1.00336,1.0085
2018-11-01,1.0085,1.00908,1.00006,1.00213
2018-11-02,1.00213,1.00486,0.99688,1.00346
2018-11-05,1.00346,1.00692,1.00242,1.00454
2018-11-06,1.00454,1.00556,1.00224,1.00249
2018-11-07,1.00249,1.00516,0.99525,1.0024
2018-11-08,1.0024,1.00708,1.00077,1.00598
2018-11-09,1.00598,1.00856,1.00448,1.00558
2018-11-12,1.00558,1.01114,1.00501,1.01093
2018-11-13,1.01093,1.01284,1.00692,1.00694
2018-11-14,1.00694,1.01045,1.0042,1.00602
2018-11-15,1.00602,1.00798,1.00362,1.00661
2018-11-16,1.00661,1.0087,0.99916,0.99987
2018-11-19,0.99987,1.00079,0.99246,0.99368
2018-11-20,0.99368,0.9958,0.99094,0.9952
2018-11-21,0.9952,0.9959,0.99284,0.99467
2018-11-22,0.99467,0.99568,0.99218,0.9951
2018-11-23,0.9951,0.998,0.99349,0.99739
2018-11-26,0.99739,0.99932,0.99548,0.99858
2018-11-27,0.99858,1.00033,0.99757,0.99866
2018-11-28,0.99866,1.00063,0.99258,0.99376
2018-11-29,0.99376,0.99771,0.9918,0.9958
2018-11-30,0.9958,1.00046,0.99517,0.99885
2018-12-03,0.99885,0.99993,0.99643,0.9979
2018-12-04,0.9979,0.99911,0.99304,0.99762
2018-12-05,0.99762,1.0009,0.99708,0.9976
2018-12-06,0.9976,0.99898,0.98945,0.99273
2018-12-07,0.99273,0.9943,0.98903,0.99092
2018-12-10,0.99092,0.99148,0.98682,0.99042
2018-12-11,0.99042,0.9939,0.98631,0.99326
2018-12-12,0.99326,0.9966,0.99136,0.99352
2018-12-13,0.99352,0.99542,0.99116,0.99386
2018-12-14,0.99386,0.99892,0.99297,0.99806
2018-12-17,0.99806,0.99902,0.99172,0.99313
2018-12-18,0.99313,0.99377,0.99003,0.99272
2018-12-19,0.99272,0.99561,0.99064,0.99464
2018-12-20,0.99464,0.99529,0.98408,0.98794
2018-12-21,0.98794,0.99574,0.98617,0.99494
2018-12-24,0.99494,0.99537,0.98588,0.98628
2018-12-26,0.98628,0.99642,0.98526,0.99566
2018-12-27,0.99566,0.99618,0.98413,0.98788
2018-12-28,0.98788,0.99031,0.97905,0.98443
2018-12-31,0.98443,0.98746,0.98088,0.98155
2019-01-02,0.98155,0.992,0.97967,0.99008
2019-01-03,0.99008,0.99135,0.98462,0.98676
2019-01-04,0.98676,0.99082,0.98531,0.98676
2019-01-07,0.98676,0.98797,0.97882,0.97969
2019-01-08,0.97969,0.98346,0.9788,0.98134
2019-01-09,0.98134,0.98232,0.97322,0.97441
2019-01-10,0.97441,0.98486,0.97162,0.98442
2019-01-11,0.98442,0.98558,0.98135,0.98351
2019-01-14,0.98351,0.98504,0.98008,0.98086
2019-01-15,0.98086,0.98941,0.98014,0.98783
2019-01-16,0.98783,0.991,0.98728,0.99035
2019-01-17,0.99035,0.99542,0.98964,0.99427
2019-01-18,0.99427,0.9959,0.99322,0.99522
2019-01-21,0.99522,0.99882,0.9941,0.99726
2019-01-22,0.99726,0.99858,0.99613,0.99734
2019-01-23,0.99734,0.99906,0.994,0.99484
2019-01-24,0.99484,0.99768,0.99346,0.99632
2019-01-25,0.99632,0.99744,0.9922,0.9933
2019-01-28,0.9933,0.9935,0.99058,0.99243
2019-01-29,0.99243,0.99573,0.99078,0.99473
2019-01-30,0.99473,0.99951,0.99324,0.99424
2019-01-31,0.99424,0.99528,0.9908,0.99437
2019-02-01,0.99437,0.99629,0.99223,0.99555
2019-02-04,0.99555,0.99941,0.99465,0.99786
2019-02-05,0.99786,1.00205,0.99741,0.99989
2019-02-06,0.99989,1.00266,0.99858,1.00236
2019-02-07,1.00236,1.00288,1.00005,1.00242
2019-02-08,1.00242,1.0028,0.99961,1.00026
2019-02-11,1.00026,1.00995,0.99876,1.00398
2019-02-12,1.00398,1.00927,1.00382,1.00644
2019-02-13,1.00644,1.00934,1.00438,1.00924
2019-02-14,1.00924,1.00982,1.0045,1.00492
2019-02-15,1.00492,1.00899,1.00452,1.00525
2019-02-18,1.00525,1.00525,1.00241,1.00433
2019-02-19,1.00433,1.00606,1.00018,1.00098
2019-02-20,1.00098,1.0021,0.99819,1.00087
2019-02-21,1.00087,1.00234,0.99951,1.00133
2019-02-22,1.00133,1.00246,0.9988,1.00044
2019-02-25,1.00044,1.00117,0.99837,1.00072
2019-02-26,1.00072,1.00196,0.99878,0.99992
2019-02-27,0.99992,1.00156,0.99626,1.00156
2019-02-28,1.00156,1.00162,0.99268,0.99804
2019-03-01,0.99804,1.00086,0.99636,0.99914
2019-03-04,0.99914,1.00202,0.9979,0.999
2019-03-05,0.999,1.00544,0.99843,1.00418
2019-03-06,1.00418,1.00564,1.00313,1.005
2019-03-07,1.005,1.01244,1.0036,1.01138
2019-03-08,1.01138,1.01182,1.00702,1.00813
2019-03-11,1.00813,1.01199,1.007,1.01066
2019-03-12,1.01066,1.01124,1.00634,1.00788
2019-03-13,1.00788,1.0085,1.00268,1.00389
2019-03-14,1.00389,1.00516,1.00296,1.00378
2019-03-15,1.00378,1.00526,1.0011,1.00212
2019-03-18,1.00212,1.00261,0.99974,1.00107
2019-03-19,1.00107,1.00167,0.9985,0.99921
2019-03-20,0.99921,1.00102,0.98947,0.99262
2019-03-21,0.99262,0.99458,0.99039,0.99204
2019-03-22,0.99204,0.99704,0.99148,0.99356
2019-03-25,0.99356,0.99494,0.99101,0.99235
2019-03-26,0.99235,0.99526,0.99186,0.99454
2019-03-27,0.99454,0.99666,0.99058,0.99492
2019-03-28,0.99492,0.99734,0.99423,0.99561
2019-03-29,0.99561,0.99744,0.99449,0.99522
2019-04-01,0.99522,0.99946,0.99326,0.99898
2019-04-02,0.99898,1.00002,0.99724,0.99804
2019-04-03,0.99804,0.99876,0.99538,0.99816
2019-04-04,0.99816,1.00032,0.99714,1.00007
2019-04-05,1.00007,1.00128,0.99906,1.0002
2019-04-08,1.0002,1.00033,0.99784,0.99907
2019-04-09,0.99907,1.00088,0.99804,0.99992
2019-04-10,0.99992,1.00338,0.99916,1.00262
2019-04-11,1.00262,1.00464,1.00099,1.00331
2019-04-12,1.00331,1.00338,0.99975,1.00262
2019-04-15,1.00262,1.00464,1.00093,1.00412
2019-04-16,1.00412,1.00826,1.00326,1.00788
2019-04-17,1.00788,1.011,1.00678,1.01054
2019-04-18,1.01054,1.01595,1.00932,1.01556
2019-04-19,1.01556,1.01556,1.01314,1.01456
2019-04-22,1.01456,1.0161,1.01374,1.01564
2019-04-23,1.01564,1.02304,1.0153,1.02002
2019-04-24,1.02002,1.02198,1.01693,1.02052
2019-04-25,1.02052,1.02278,1.01934,1.0203
2019-04-26,1.0203,1.02378,1.01844,1.01975
2019-04-29,1.01975,1.0216,1.01854,1.01968
2019-04-30,1.01968,1.02043,1.01744,1.0192
2019-05-01,1.0192,1.01979,1.0127,1.018
2019-05-02,1.018,1.0204,1.01704,1.01932
2019-05-03,1.01932,1.02148,1.01614,1.01649
2019-05-06,1.01649,1.01965,1.01516,1.01784
2019-05-07,1.01784,1.02263,1.01611,1.0195
2019-05-08,1.0195,1.02083,1.01693,1.02033
2019-05-09,1.02033,1.02105,1.01242,1.0151
2019-05-10,1.0151,1.01586,1.01012,1.0118
2019-05-13,1.0118,1.01205,1.00504,1.00636
2019-05-14,1.00636,1.00962,1.00508,1.00869
2019-05-15,1.00869,1.00971,1.00557,1.00868
2019-05-16,1.00868,1.01073,1.0074,1.01
2019-05-17,1.01,1.01214,1.00855,1.01101
2019-05-20,1.01101,1.01208,1.00807,1.0086
2019-05-21,1.0086,1.01197,1.00827,1.01106
2019-05-22,1.01106,1.01196,1.00669,1.00968
2019-05-23,1.00968,1.00987,1.00242,1.00332
2019-05-24,1.00332,1.00426,1.00086,1.00188
2019-05-27,1.00188,1.00628,1.00143,1.00384
2019-05-28,1.00384,1.00982,1.00346,1.00768
2019-05-29,1.00768,1.00864,1.005,1.00812
2019-05-30,1.00812,1.00982,1.00702,1.0079
2019-05-31,1.0079,1.00806,1.00013,1.00088
2019-06-03,1.00088,1.0021,0.99107,0.99252
2019-06-04,0.99252,0.99564,0.9903,0.99218
2019-06-05,0.99218,0.99506,0.98542,0.9948
2019-06-06,0.9948,0.99614,0.98798,0.99141
2019-06-07,0.99141,0.995,0.98595,0.98778
2019-06-10,0.98778,0.992,0.98767,0.9899
2019-06-11,0.9899,0.99364,0.98925,0.9924
2019-06-12,0.9924,0.99594,0.9903,0.99554
2019-06-13,0.99554,0.99605,0.99185,0.99396
2019-06-14,0.99396,0.99954,0.99257,0.99879
2019-06-17,0.99879,0.99996,0.9966,0.9991
2019-06-18,0.9991,1.00128,0.99656,1.0002
2019-06-19,1.0002,1.00146,0.99164,0.99422
2019-06-20,0.99422,0.99452,0.97922,0.98178
2019-06-21,0.98178,0.98388,0.97566,0.97634
2019-06-24,0.97634,0.97832,0.97106,0.972
2019-06-25,0.972,0.97771,0.96942,0.9755
2019-06-26,0.9755,0.97851,0.97436,0.978
2019-06-27,0.978,0.98142,0.97594,0.97656
2019-06-28,0.97656,0.97745,0.97384,0.97623
2019-07-01,0.97623,0.98842,0.97623,0.98772
2019-07-02,0.98772,0.98889,0.98356,0.98625
2019-07-03,0.98625,0.98731,0.98348,0.98657
2019-07-04,0.98657,0.987,0.98478,0.98509
2019-07-05,0.98509,0.9932,0.98452,0.99166
2019-07-08,0.99166,0.99472,0.98988,0.99388
2019-07-09,0.99388,0.99516,0.99232,0.99364
2019-07-10,0.99364,0.99416,0.98874,0.98955
2019-07-11,0.98955,0.99049,0.98474,0.99022
2019-07-12,0.99022,0.99084,0.98364,0.98418
2019-07-15,0.98418,0.98548,0.98176,0.98452
2019-07-16,0.98452,0.98942,0.9836,0.98789
2019-07-17,0.98789,0.99079,0.98649,0.98747
2019-07-18,0.98747,0.9892,0.98092,0.98144
2019-07-19,0.98144,0.98473,0.98059,0.98172
2019-07-22,0.98172,0.98408,0.98041,0.98204
2019-07-23,0.98204,0.98596,0.98176,0.98532
2019-07-24,0.98532,0.98744,0.98362,0.98476
2019-07-25,0.98476,0.99179,0.9844,0.99086
2019-07-26,0.99086,0.99464,0.99006,0.9934
2019-07-29,0.9934,0.99363,0.99092,0.99162
2019-07-30,0.99162,0.99224,0.98911,0.99022
2019-07-31,0.99022,0.99498,0.98854,0.9939
2019-08-01,0.9939,0.99758,0.9888,0.99032
2019-08-02,0.99032,0.9908,0.98148,0.98234
2019-08-05,0.98234,0.984,0.9717,0.97348
2019-08-06,0.97348,0.97926,0.97038,0.97618
2019-08-07,0.97618,0.97972,0.96924,0.9754
2019-08-08,0.9754,0.9787,0.97378,0.97476
2019-08-09,0.97476,0.97552,0.97096,0.97268
2019-08-12,0.97351,0.97541,0.96818,0.96924
2019-08-13,0.96924,0.97682,0.966,0.9766
2019-08-14,0.9766,0.97707,0.97058,0.97332
2019-08-15,0.97332,0.97764,0.97219,0.97649
2019-08-16,0.97649,0.98093,0.9759,0.9784
2019-08-19,0.9784,0.98212,0.97715,0.98164
2019-08-20,0.98164,0.9817,0.97756,0.97791
2019-08-21,0.97791,0.98311,0.97756,0.98249
2019-08-22,0.98249,0.98448,0.98141,0.98374
2019-08-23,0.98374,0.98773,0.97358,0.97474
2019-08-26,0.97474,0.98164,0.9714,0.97891
2019-08-27,0.97891,0.9837,0.97757,0.98138
2019-08-28,0.98138,0.98286,0.98013,0.9816
2019-08-29,0.9816,0.98752,0.98006,0.98661
2019-08-30,0.98661,0.99179,0.98594,0.98994
2019-09-02,0.98993,0.99196,0.98895,0.9907
2019-09-03,0.9907,0.9929,0.98634,0.9868
2019-09-04,0.9868,0.98846,0.97985,0.98101
2019-09-05,0.98101,0.98734,0.98046,0.986
2019-09-06,0.986,0.99176,0.98547,0.98752
2019-09-09,0.9876,0.99229,0.98736,0.9921
2019-09-10,0.9921,0.99318,0.98893,0.99202
2019-09-11,0.99202,0.99435,0.99121,0.99284
2019-09-12,0.99284,0.99468,0.98807,0.99036
2019-09-13,0.99036,0.99108,0.98546,0.99018
2019-09-16,0.99018,0.99398,0.9865,0.99275
2019-09-17,0.99275,0.99685,0.99134,0.99304
2019-09-18,0.99304,0.99838,0.99262,0.99744
2019-09-19,0.99744,0.99836,0.99001,0.99288
2019-09-20,0.99288,0.9936,0.98898,0.99102
2019-09-23,0.99142,0.9923,0.98904,0.98982
2019-09-24,0.98982,0.99144,0.9844,0.98564
2019-09-25,0.98564,0.9925,0.98524,0.99222
2019-09-26,0.99222,0.99484,0.99064,0.99376
2019-09-27,0.99376,0.9949,0.9898,0.99096
2019-09-30,0.99096,0.99878,0.99028,0.9979
2019-10-01,0.9979,1.00166,0.99234,0.99314
2019-10-02,0.99314,1.00264,0.99216,0.99695
2019-10-03,0.99695,1.00278,0.99524,0.99902
2019-10-04,0.99902,1.0008,0.99284,0.9955
2019-10-07,0.99428,0.99658,0.99268,0.99482
2019-10-08,0.99482,0.99584,0.99052,0.99308
2019-10-09,0.99308,0.99636,0.9916,0.99598
2019-10-10,0.99598,0.99728,0.99144,0.99676
2019-10-11,0.99676,0.99906,0.99582,0.9969
2019-10-14,0.99726,0.99836,0.99444,0.9972
2019-10-15,0.9972,0.99958,0.99636,0.99882
2019-10-16,0.99882,0.99907,0.9946,0.99508
2019-10-17,0.99508,0.99537,0.98668,0.98798
2019-10-18,0.98798,0.98914,0.98419,0.98436
2019-10-21,0.98436,0.98761,0.98418,0.98588
2019-10-22,0.98588,0.9897,0.98552,0.98956
2019-10-23,0.98956,0.99145,0.9886,0.99076
2019-10-24,0.99076,0.9929,0.98916,0.99219
2019-10-25,0.99219,0.9955,0.99077,0.99456
2019-10-28,0.99456,0.99702,0.99365,0.99462
2019-10-29,0.99462,0.9965,0.99334,0.99407
2019-10-30,0.99407,0.99448,0.98879,0.98954
2019-10-31,0.98954,0.98954,0.986,0.98643
2019-11-01,0.98643,0.98948,0.98512,0.9857
2019-11-04,0.9857,0.9889,0.98534,0.98788
2019-11-05,0.98788,0.99358,0.98724,0.99274
2019-11-06,0.99274,0.99402,0.99155,0.99283
2019-11-07,0.99283,0.99752,0.99112,0.99491
2019-11-08,0.99491,0.99788,0.99433,0.99716
2019-11-11,0.99716,0.9977,0.9929,0.99338
2019-11-12,0.99338,0.99644,0.99221,0.99312
2019-11-13,0.99312,0.99365,0.9884,0.98996
2019-11-14,0.98996,0.9908,0.98703,0.988
2019-11-15,0.988,0.9911,0.98795,0.98978
2019-11-18,0.98978,0.9914,0.98686,0.98958
2019-11-19,0.98958,0.99188,0.98867,0.9905
2019-11-20,0.9905,0.99372,0.98988,0.99102
2019-11-21,0.99102,0.9935,0.98908,0.99316
2019-11-22,0.99316,0.99801,0.99249,0.99739
2019-11-25,0.99739,0.99857,0.99602,0.99669
2019-11-26,0.99669,0.99867,0.99626,0.99727
2019-11-27,0.99727,1.00006,0.99718,0.99945
2019-11-28,0.99945,0.9996,0.99819,0.99865
2019-11-29,0.99865,1.00233,0.99819,1.00006
2019-12-02,1.00006,1.00088,0.99118,0.99128
2019-12-03,0.99128,0.99262,0.98575,0.98708
2019-12-04,0.98708,0.98998,0.98554,0.9888
2019-12-05,0.9888,0.98954,0.98684,0.98722
2019-12-06,0.98722,0.99176,0.98649,0.99035
2019-12-09,0.99035,0.99146,0.98754,0.98778
2019-12-10,0.98778,0.98824,0.98341,0.98442
2019-12-11,0.98442,0.98636,0.98144,0.98289
2019-12-12,0.98289,0.98764,0.98088,0.98469
2019-12-13,0.98469,0.98628,0.9806,0.98406
2019-12-16,0.98406,0.9847,0.982,0.98244
2019-12-17,0.98244,0.9844,0.97962,0.98006
2019-12-18,0.98006,0.9821,0.97957,0.98042
2019-12-19,0.98042,0.98119,0.97707,0.97846
2019-12-20,0.97846,0.9833,0.97782,0.9828
2019-12-23,0.9828,0.9828,0.98012,0.98222
2019-12-24,0.98222,0.98314,0.97979,0.98029
2019-12-26,0.98029,0.98185,0.97958,0.9813
2019-12-27,0.9813,0.98181,0.97304,0.97473
2019-12-30,0.97473,0.97625,0.96742,0.96942
2019-12-31,0.96942,0.96976,0.96466,0.9677
2020-01-02,0.9677,0.97328,0.96623,0.97146
2020-01-03,0.97146,0.97438,0.96884,0.97249
2020-01-06,0.97249,0.97249,0.96766,0.96793
2020-01-07,0.96793,0.97296,0.96792,0.97027
2020-01-08,0.97027,0.97399,0.96652,0.97385
2020-01-09,0.97385,0.97483,0.97117,0.97329
2020-01-10,0.97329,0.97622,0.97202,0.9728
2020-01-13,0.9728,0.97398,0.96942,0.97086
2020-01-14,0.97086,0.97134,0.96656,0.96747
2020-01-15,0.96747,0.96802,0.96308,0.96411
2020-01-16,0.96411,0.96524,0.96132,0.965
2020-01-17,0.965,0.96957,0.96456,0.96794
2020-01-20,0.96794,0.96992,0.96722,0.9683
2020-01-21,0.9683,0.96904,0.96612,0.9687
2020-01-22,0.9687,0.97292,0.96779,0.96786
2020-01-23,0.96786,0.97039,0.9669,0.96902
2020-01-24,0.96902,0.97181,0.96884,0.97122
2020-01-27,0.97122,0.97192,0.9682,0.96952
2020-01-28,0.96952,0.97415,0.96788,0.9731
2020-01-29,0.9731,0.97667,0.97266,0.97322
2020-01-30,0.97322,0.97371,0.96798,0.9695
2020-01-31,0.9695,0.9713,0.9629,0.96346
2020-02-03,0.96346,0.96719,0.96294,0.96604
2020-02-04,0.96604,0.97042,0.96542,0.96937
2020-02-05,0.96937,0.97476,0.96782,0.97348
2020-02-06,0.97348,0.97564,0.97311,0.97465
2020-02-07,0.97465,0.97812,0.97398,0.97758
2020-02-10,0.97758,0.97839,0.97635,0.97739
2020-02-11,0.97739,0.97889,0.97512,0.97584
2020-02-12,0.97584,0.97853,0.97412,0.97825
2020-02-13,0.97825,0.97958,0.97608,0.97951
2020-02-14,0.97951,0.982225,0.97884,0.98222
2020-02-17,0.98222,0.98269,0.98082,0.98082
2020-02-18,0.98082,0.98391,0.97968,0.98318
2020-02-19,0.98318,0.98445,0.98259,0.9839
2020-02-20,0.9839,0.98486,0.98156,0.98422
2020-02-21,0.98422,0.9845,0.977115,0.9783
2020-02-24,0.9783,0.98156,0.97652,0.979
2020-02-25,0.979,0.98049,0.97513,0.97608
2020-02-26,0.97608,0.97788,0.9729,0.97686
2020-02-27,0.97686,0.97711,0.96753,0.96762
2020-02-28,0.96762,0.96958,0.961,0.96535
2020-03-02,0.96535,0.96551,0.95439,0.95934
2020-03-03,0.95934,0.95972,0.95158,0.95635
2020-03-04,0.95635,0.95972,0.9533,0.9571
2020-03-05,0.9571,0.95738,0.94468,0.94542
2020-03-06,0.94542,0.94672,0.93184,0.93768
2020-03-09,0.93768,0.93768,0.91819,0.92531
2020-03-10,0.92531,0.9412,0.92421,0.94009
2020-03-11,0.94009,0.94042,0.9325,0.93835
2020-03-12,0.93835,0.9552,0.93219,0.94392
2020-03-13,0.94392,0.95693,0.94227,0.95172
2020-03-16,0.95172,0.95442,0.93917,0.94689
2020-03-17,0.94689,0.96486,0.94549,0.96123
2020-03-18,0.96123,0.97506,0.9567,0.96815
2020-03-19,0.96815,0.9878,0.96394,0.98605
2020-03-20,0.98605,0.9901,0.97446,0.98544
2020-03-23,0.98544,0.9902,0.979,0.98479
2020-03-24,0.98479,0.98613,0.97188,0.98156
2020-03-25,0.98156,0.98344,0.97554,0.97722
2020-03-26,0.97722,0.97772,0.96036,0.96319
2020-03-27,0.96319,0.96555,0.9506,0.951
2020-03-30,0.951,0.9611,0.95026,0.95846
2020-03-31,0.95846,0.96854,0.9581,0.96107
2020-04-01,0.96107,0.96914,0.96024,0.96566
2020-04-02,0.96566,0.97504,0.96528,0.97374
2020-04-03,0.97374,0.97958,0.97301,0.97737
2020-04-06,0.97737,0.97974,0.97583,0.97886
2020-04-07,0.97886,0.97939,0.96858,0.96952
2020-04-08,0.96952,0.97436,0.96884,0.97179
2020-04-09,0.97179,0.97336,0.96484,0.96612
2020-04-10,0.96612,0.96788,0.96404,0.96614
2020-04-13,0.96614,0.96872,0.963,0.96746
2020-04-14,0.96746,0.9683,0.95965,0.96034
2020-04-15,0.96034,0.97004,0.95963,0.96458
2020-04-16,0.96458,0.97154,0.96454,0.97035
2020-04-17,0.97035,0.9724,0.96565,0.96697
2020-04-20,0.96697,0.97004,0.9651,0.96796
2020-04-21,0.96796,0.97276,0.96706,0.9696
2020-04-22,0.9696,0.97318,0.96686,0.97154
2020-04-23,0.97154,0.97726,0.97058,0.97594
2020-04-24,0.97594,0.98026,0.97276,0.97299
2020-04-27,0.97299,0.9767,0.97126,0.97544
2020-04-28,0.97544,0.97998,0.97206,0.97494
2020-04-29,0.97494,0.97677,0.97128,0.97381
2020-04-30,0.97381,0.97592,0.9639,0.96564
2020-05-01,0.96564,0.96694,0.95889,0.96138
2020-05-04,0.96138,0.9663,0.96138,0.96536
2020-05-05,0.96536,0.97348,0.9646,0.97276
2020-05-06,0.97276,0.97588,0.97216,0.97486
2020-05-07,0.97486,0.97845,0.97292,0.97322
2020-05-08,0.97322,0.97388,0.96813,0.97092
2020-05-11,0.97092,0.97367,0.97005,0.97308
2020-05-12,0.97308,0.975,0.96652,0.96944
2020-05-13,0.96944,0.97264,0.96655,0.97222
2020-05-14,0.97222,0.97554,0.97137,0.97304
2020-05-15,0.97304,0.97444,0.96985,0.97156
2020-05-18,0.97156,0.9761,0.9677,0.9711
2020-05-19,0.9711,0.97308,0.96989,0.97156
2020-05-20,0.97156,0.97164,0.96384,0.9648
2020-05-21,0.9648,0.97128,0.96466,0.9704
2020-05-22,0.9704,0.97332,0.96973,0.97124
2020-05-25,0.97124,0.97362,0.97046,0.97162
2020-05-26,0.97162,0.97215,0.96468,0.96558
2020-05-27,0.96558,0.97284,0.96524,0.96812
2020-05-28,0.96812,0.97192,0.96307,0.96414
2020-05-29,0.96414,0.96502,0.96018,0.96136
2020-06-01,0.96136,0.9625,0.95791,0.96081
2020-06-02,0.96081,0.96377,0.95735,0.9624
2020-06-03,0.9624,0.9648,0.96066,0.96118
2020-06-04,0.96118,0.9624,0.95436,0.95554
2020-06-05,0.95554,0.96504,0.9542,0.96233
2020-06-08,0.96233,0.96394,0.95558,0.95762
2020-06-09,0.95762,0.95854,0.94826,0.95076
2020-06-10,0.95076,0.95148,0.9425,0.94387
2020-06-11,0.94387,0.94602,0.93762,0.94426
2020-06-12,0.94426,0.95534,0.94304,0.95244
2020-06-15,0.95244,0.9547,0.94803,0.94914
2020-06-16,0.94914,0.9523,0.94636,0.95132
2020-06-17,0.95132,0.95292,0.94814,0.94866
2020-06-18,0.94866,0.95248,0.94826,0.95146
2020-06-19,0.95146,0.95306,0.94881,0.95237
2020-06-22,0.95237,0.95275,0.94653,0.94762
2020-06-23,0.94762,0.94935,0.94206,0.94482
2020-06-24,0.94482,0.9486,0.94335,0.94794
2020-06-25,0.94794,0.95081,0.94746,0.94847
2020-06-26,0.94847,0.94996,0.94677,0.94804
2020-06-29,0.94804,0.9525,0.94422,0.95122
2020-06-30,0.95122,0.95325,0.94616,0.94732
2020-07-01,0.94732,0.94939,0.94451,0.94582
2020-07-02,0.94582,0.9465,0.94267,0.94529
2020-07-03,0.94529,0.947,0.94424,0.94522
2020-07-06,0.94522,0.94553,0.93846,0.9422
2020-07-07,0.9422,0.9453,0.94085,0.94248
2020-07-08,0.94248,0.94324,0.93702,0.93835
2020-07-09,0.93835,0.94104,0.93625,0.94001
2020-07-10,0.94001,0.94314,0.9385,0.94117
2020-07-13,0.94117,0.94378,0.93926,0.94168
2020-07-14,0.94168,0.94244,0.938,0.94
2020-07-15,0.94,0.94574,0.93704,0.94429
2020-07-16,0.94429,0.94679,0.94294,0.94581
2020-07-17,0.94581,0.94596,0.93803,0.93859
2020-07-20,0.93859,0.94102,0.93742,0.9389
2020-07-21,0.9389,0.93982,0.93214,0.93318
2020-07-22,0.93318,0.93518,0.9287,0.9297
2020-07-23,0.9297,0.93009,0.92456,0.92536
2020-07-24,0.92536,0.92606,0.92049,0.92054
2020-07-27,0.92054,0.92302,0.91664,0.91989
2020-07-28,0.91989,0.92278,0.91554,0.91792
2020-07-29,0.91792,0.91876,0.91169,0.9126
2020-07-30,0.9126,0.91514,0.90884,0.90895
2020-07-31,0.90895,0.91488,0.90566,0.91336
2020-08-03,0.91336,0.92416,0.91282,0.91777
2020-08-04,0.91777,0.91884,0.91304,0.91328
2020-08-05,0.91328,0.91388,0.90504,0.90848
2020-08-06,0.90848,0.9129,0.90659,0.90978
2020-08-07,0.90978,0.91584,0.90888,0.91251
2020-08-10,0.91251,0.91843,0.91189,0.91565
2020-08-11,0.91565,0.9178,0.91057,0.9168
2020-08-12,0.9168,0.91981,0.9097,0.91206
2020-08-13,0.91206,0.91246,0.90822,0.9097
2020-08-14,0.9097,0.91226,0.90873,0.9091
2020-08-17,0.9091,0.90965,0.90514,0.90664
2020-08-18,0.90664,0.90676,0.90102,0.90376
2020-08-19,0.90376,0.91545,0.90192,0.91506
2020-08-20,0.91506,0.91617,0.90726,0.90772
2020-08-21,0.90772,0.914,0.90613,0.91165
2020-08-24,0.91165,0.91279,0.90748,0.91191
2020-08-25,0.91191,0.91261,0.90744,0.90778
2020-08-26,0.90778,0.91209,0.9072,0.90826
2020-08-27,0.90826,0.91238,0.90366,0.90906
2020-08-28,0.90906,0.90998,0.90242,0.9042
2020-08-31,0.9042,0.90533,0.89989,0.90378
2020-09-01,0.90378,0.9101,0.89992,0.90934
2020-09-02,0.90934,0.91369,0.9089,0.91066
2020-09-03,0.91066,0.91423,0.90826,0.90946
2020-09-04,0.90946,0.91634,0.90908,0.91352
2020-09-07,0.91352,0.917,0.9121,0.9161
2020-09-08,0.9161,0.92006,0.91561,0.91787
2020-09-09,0.91787,0.91905,0.91204,0.91242
2020-09-10,0.91242,0.91314,0.90491,0.9106
2020-09-11,0.9106,0.91066,0.90798,0.90885
2020-09-14,0.90885,0.90986,0.90584,0.90844
2020-09-15,0.90844,0.90887,0.90516,0.9081
2020-09-16,0.9081,0.91106,0.90552,0.90942
2020-09-17,0.90942,0.91396,0.9081,0.90852
2020-09-18,0.90852,0.91163,0.90752,0.91156
2020-09-21,0.91156,0.91712,0.90872,0.91454
2020-09-22,0.91454,0.92076,0.91368,0.91985
2020-09-23,0.91985,0.92434,0.91901,0.92386
2020-09-24,0.92386,0.92802,0.92162,0.92684
2020-09-25,0.92684,0.92964,0.92508,0.92853
2020-09-28,0.92853,0.92955,0.92413,0.92444
2020-09-29,0.92444,0.92494,0.91908,0.91932
2020-09-30,0.91932,0.92447,0.91626,0.92089
2020-10-01,0.92089,0.92146,0.91648,0.91858
2020-10-02,0.91858,0.92184,0.91814,0.92036
2020-10-05,0.92036,0.92036,0.91452,0.9151
2020-10-06,0.9151,0.91798,0.91334,0.91789
2020-10-07,0.91789,0.91844,0.91598,0.91718
2020-10-08,0.91718,0.9198,0.91574,0.91708
2020-10-09,0.91708,0.91763,0.90932,0.91046
2020-10-12,0.91046,0.91236,0.90878,0.90926
2020-10-13,0.90926,0.91548,0.90894,0.91488
2020-10-14,0.91488,0.91626,0.91134,0.91342
2020-10-15,0.91342,0.91558,0.91268,0.91436
2020-10-16,0.91436,0.91624,0.91234,0.91475
2020-10-19,0.91475,0.91654,0.90905,0.91013
2020-10-20,0.91013,0.911,0.90556,0.90716
2020-10-21,0.90716,0.90717,0.90308,0.90536
2020-10-22,0.90536,0.90806,0.90446,0.90722
2020-10-23,0.90722,0.90921,0.90344,0.90435
2020-10-26,0.90435,0.90808,0.90404,0.90783
2020-10-27,0.90783,0.90977,0.9062,0.90877
2020-10-28,0.90877,0.91278,0.90852,0.9105
2020-10-29,0.9105,0.91728,0.90892,0.91588
2020-10-30,0.91588,0.91728,0.91382,0.91694
2020-11-02,0.91694,0.92077,0.91581,0.91925
2020-11-03,0.91925,0.91925,0.91171,0.91212
2020-11-04,0.91212,0.91962,0.90898,0.91227
2020-11-05,0.91227,0.91346,0.90372,0.90412
2020-11-06,0.90412,0.90566,0.89826,0.90018
2020-11-09,0.90018,0.91433,0.89842,0.91376
2020-11-10,0.91376,0.91755,0.91156,0.91504
2020-11-11,0.91504,0.91917,0.91386,0.917
2020-11-12,0.917,0.91738,0.91314,0.91514
2020-11-13,0.91514,0.91593,0.9126,0.91268
2020-11-16,0.91268,0.91515,0.90979,0.91252
2020-11-17,0.91252,0.91291,0.90884,0.9115
2020-11-18,0.9115,0.91226,0.90922,0.9111
2020-11-19,0.9111,0.91395,0.90998,0.91064
2020-11-20,0.91064,0.91234,0.90918,0.9113
2020-11-23,0.9113,0.9148,0.90766,0.91242
2020-11-24,0.91242,0.91364,0.9098,0.91122
2020-11-25,0.91122,0.91388,0.9078,0.90834
2020-11-26,0.90834,0.90936,0.90606,0.90668
2020-11-27,0.90668,0.90828,0.90406,0.90479
2020-11-30,0.90479,0.90932,0.90196,0.90896
2020-12-01,0.90896,0.90914,0.89942,0.89996
2020-12-02,0.89996,0.90136,0.89436,0.89476
2020-12-03,0.89476,0.89538,0.88915,0.89068
2020-12-04,0.89068,0.8923,0.88857,0.89189
2020-12-07,0.89189,0.89465,0.88754,0.89072
2020-12-08,0.89072,0.89142,0.88818,0.88897
2020-12-09,0.88897,0.89146,0.88714,0.88946
2020-12-10,0.88946,0.89018,0.88522,0.88582
2020-12-11,0.88582,0.89092,0.88516,0.8901
2020-12-14,0.8901,0.8901,0.88502,0.887
2020-12-15,0.887,0.88806,0.88502,0.88559
2020-12-16,0.88559,0.88922,0.88262,0.88512
2020-12-17,0.88512,0.88582,0.88228,0.8843
2020-12-18,0.8843,0.88681,0.88254,0.88309
2020-12-21,0.88309,0.89194,0.88309,0.88575
2020-12-22,0.88575,0.89049,0.88455,0.88946
2020-12-23,0.88946,0.89112,0.88678,0.88828
2020-12-24,0.88828,0.89182,0.8869,0.89121
2020-12-28,0.89121,0.89189,0.88762,0.88874
2020-12-29,0.88874,0.88961,0.88305,0.88397
2020-12-30,0.88397,0.88543,0.88123,0.88144
2020-12-31,0.88144,0.88586,0.8794,0.88488
2021-01-04,0.88488,0.88488,0.87848,0.88106
2021-01-05,0.88106,0.88168,0.8776,0.87832
2021-01-06,0.87832,0.88217,0.87576,0.87844
2021-01-07,0.87844,0.88608,0.87748,0.88546
2021-01-08,0.88546,0.88846,0.88226,0.88533
2021-01-11,0.88533,0.89204,0.88488,0.89036
2021-01-12,0.89036,0.89162,0.8861,0.88642
2021-01-13,0.88642,0.88894,0.88498,0.88756
2021-01-14,0.88756,0.89176,0.88558,0.88818
2021-01-15,0.88818,0.89148,0.88696,0.89123
2021-01-18,0.89123,0.8926,0.88985,0.8909
2021-01-19,0.8909,0.89166,0.88644,0.88864
2021-01-20,0.88864,0.89203,0.88672,0.88968
2021-01-21,0.88968,0.89089,0.88482,0.88516
2021-01-22,0.88516,0.88665,0.88386,0.88557
2021-01-25,0.88557,0.8893,0.88472,0.8885
2021-01-26,0.8885,0.8896,0.8861,0.88697
2021-01-27,0.88697,0.89176,0.88616,0.88893
2021-01-28,0.88893,0.89187,0.88695,0.88879
2021-01-29,0.88879,0.8912,0.88746,0.89095
2021-02-01,0.89095,0.89728,0.8901,0.89694
2021-02-02,0.89694,0.89955,0.89471,0.89736
2021-02-03,0.89736,0.90026,0.89706,0.89902
2021-02-04,0.89902,0.90446,0.8984,0.90434
2021-02-05,0.90434,0.90458,0.89871,0.89898
2021-02-08,0.89898,0.90199,0.89823,0.89864
2021-02-09,0.89864,0.89908,0.89194,0.89225
2021-02-10,0.89225,0.89316,0.88906,0.89034
2021-02-11,0.89034,0.89104,0.88922,0.89008
2021-02-12,0.89008,0.89399,0.88974,0.8919
2021-02-15,0.8919,0.8925,0.88979,0.89031
2021-02-16,0.89031,0.89304,0.88716,0.89276
2021-02-17,0.89276,0.89922,0.8924,0.89881
2021-02-18,0.89881,0.89956,0.89576,0.89589
2021-02-19,0.89589,0.89725,0.8934,0.89637
2021-02-22,0.89637,0.90237,0.89488,0.8962
2021-02-23,0.8962,0.90572,0.89492,0.90522
2021-02-24,0.90522,0.90948,0.90375,0.9065
2021-02-25,0.9065,0.90817,0.90283,0.9048
2021-02-26,0.9048,0.91019,0.9027,0.90864
2021-03-01,0.90864,0.91593,0.90711,0.91488
2021-03-02,0.91488,0.91938,0.91366,0.91458
2021-03-03,0.91458,0.92,0.91406,0.9199
2021-03-04,0.9199,0.92979,0.91891,0.92868
2021-03-05,0.92868,0.93191,0.92578,0.93047
2021-03-08,0.93047,0.93696,0.92858,0.93668
2021-03-09,0.93668,0.93756,0.92769,0.92779
2021-03-10,0.92779,0.93232,0.92757,0.92976
2021-03-11,0.92976,0.93091,0.92348,0.92445
2021-03-12,0.92445,0.9325,0.92416,0.93001
2021-03-15,0.93001,0.93126,0.9267,0.92742
2021-03-16,0.92742,0.92874,0.92426,0.92472
2021-03-17,0.92472,0.92962,0.92138,0.92266
2021-03-18,0.92266,0.93054,0.92192,0.92742
2021-03-19,0.92742,0.932,0.92514,0.92908
2021-03-22,0.92908,0.93108,0.92226,0.92334
2021-03-23,0.92334,0.9347,0.92272,0.93392
2021-03-24,0.93392,0.93698,0.93372,0.93556
2021-03-25,0.93556,0.94023,0.93496,0.94016
2021-03-26,0.94016,0.94179,0.93828,0.93906
2021-03-29,0.93906,0.94048,0.93703,0.93937
2021-03-30,0.93937,0.94387,0.93846,0.94221
2021-03-31,0.94221,0.94586,0.94041,0.94354
2021-04-01,0.94354,0.94727,0.9405,0.94185
2021-04-02,0.94185,0.9434,0.94054,0.94289
2021-04-05,0.94289,0.94388,0.93542,0.9363
2021-04-06,0.9363,0.93962,0.9303,0.93084
2021-04-07,0.93084,0.93296,0.92684,0.92959
2021-04-08,0.92959,0.9309,0.92325,0.92426
2021-04-09,0.92426,0.92818,0.92368,0.9245
2021-04-12,0.9245,0.92684,0.92132,0.92224
2021-04-13,0.92224,0.92598,0.91981,0.92072
2021-04-14,0.92072,0.92344,0.9187,0.92294
2021-04-15,0.92294,0.9246,0.92066,0.92236
2021-04-16,0.92236,0.92355,0.91796,0.91998
2021-04-19,0.91998,0.92155,0.91291,0.91463
2021-04-20,0.91463,0.91696,0.91354,0.91613
2021-04-21,0.91613,0.9196,0.91537,0.91694
2021-04-22,0.91694,0.91914,0.91439,0.91644
2021-04-23,0.91644,0.91759,0.91278,0.91372
2021-04-26,0.91372,0.91659,0.9122,0.91433
2021-04-27,0.91433,0.9172,0.91236,0.91368
2021-04-28,0.91368,0.91816,0.90885,0.9099
2021-04-29,0.9099,0.91196,0.90803,0.90896
2021-04-30,0.90896,0.91404,0.90807,0.91308
2021-05-03,0.91308,0.91478,0.90932,0.911
2021-05-04,0.911,0.91609,0.91044,0.91364
2021-05-05,0.91364,0.91647,0.91214,0.9128
2021-05-06,0.9128,0.91452,0.90708,0.90746
2021-05-07,0.90746,0.90935,0.9004,0.90148
2021-05-10,0.90148,0.90193,0.89856,0.90114
2021-05-11,0.90114,0.90396,0.90016,0.90372
2021-05-12,0.90372,0.90939,0.90288,0.90927
2021-05-13,0.90927,0.90938,0.90512,0.90617
2021-05-14,0.90617,0.90669,0.90123,0.9015
2021-05-17,0.9015,0.90329,0.90022,0.90326
2021-05-18,0.90326,0.90348,0.89606,0.89795
2021-05-19,0.89795,0.90478,0.89682,0.90366
2021-05-20,0.90366,0.90474,0.89734,0.89734
2021-05-21,0.89734,0.90005,0.89539,0.89796
2021-05-24,0.89796,0.90024,0.89572,0.89687
2021-05-25,0.89687,0.89748,0.89307,0.8952
2021-05-26,0.8952,0.89876,0.8942,0.89796
2021-05-27,0.89796,0.90086,0.8961,0.89692
2021-05-28,0.89692,0.903,0.89664,0.89991
2021-05-31,0.89991,0.90128,0.89844,0.89888
2021-06-01,0.89888,0.89989,0.89472,0.8974
2021-06-02,0.8974,0.90243,0.8961,0.898
2021-06-03,0.898,0.9052,0.89786,0.90356
2021-06-04,0.90356,0.90539,0.89823,0.8991
2021-06-07,0.8991,0.90102,0.89676,0.89756
2021-06-08,0.89756,0.89894,0.89518,0.89685
2021-06-09,0.89685,0.89718,0.89262,0.89588
2021-06-10,0.89588,0.89943,0.89405,0.89452
2021-06-11,0.89452,0.9,0.89332,0.89853
2021-06-14,0.89853,0.90018,0.89781,0.89952
2021-06-15,0.89952,0.90078,0.89657,0.89831
2021-06-16,0.89831,0.90885,0.89776,0.90876
2021-06-17,0.90876,0.91878,0.9076,0.91773
2021-06-18,0.91773,0.92394,0.91654,0.92233
2021-06-21,0.92233,0.9237,0.91754,0.91796
2021-06-22,0.91796,0.92129,0.91732,0.91818
2021-06-23,0.91818,0.92,0.91542,0.91822
2021-06-24,0.91822,0.92,0.91738,0.91798
2021-06-25,0.91798,0.9183,0.91424,0.91746
2021-06-28,0.91746,0.92146,0.91661,0.91972
2021-06-29,0.91972,0.92332,0.91898,0.92117
2021-06-30,0.92117,0.92622,0.92064,0.92494
2021-07-01,0.92494,0.92716,0.9236,0.92552
2021-07-02,0.92552,0.92748,0.92004,0.92064
2021-07-05,0.92064,0.92325,0.92042,0.92242
2021-07-06,0.92242,0.92515,0.91938,0.92458
2021-07-07,0.92458,0.92678,0.92232,0.92569
2021-07-08,0.92569,0.92649,0.91334,0.91502
2021-07-09,0.91502,0.91754,0.91359,0.91442
2021-07-12,0.91442,0.91708,0.91322,0.91514
2021-07-13,0.91514,0.92004,0.91432,0.9187
2021-07-14,0.9187,0.92021,0.91423,0.91444
2021-07-15,0.91444,0.91932,0.91176,0.91778
2021-07-16,0.91778,0.92037,0.91722,0.91955
2021-07-19,0.91955,0.92215,0.91632,0.91798
2021-07-20,0.91798,0.92326,0.91728,0.92137
2021-07-21,0.92137,0.92315,0.91698,0.91768
2021-07-22,0.91768,0.92018,0.91548,0.91901
2021-07-23,0.91901,0.92221,0.91866,0.91947
2021-07-26,0.91947,0.92029,0.91489,0.91582
2021-07-27,0.91582,0.91864,0.91296,0.9145
2021-07-28,0.9145,0.91677,0.91003,0.91006
2021-07-29,0.91006,0.91016,0.90544,0.9062
2021-07-30,0.9062,0.90758,0.90393,0.906
2021-08-02,0.906,0.90673,0.90376,0.90511
2021-08-03,0.90511,0.90576,0.90232,0.90407
2021-08-04,0.90407,0.90763,0.90186,0.90668
2021-08-05,0.90668,0.90782,0.90516,0.9068
2021-08-06,0.9068,0.91562,0.90654,0.91473
2021-08-09,0.91473,0.92073,0.91449,0.92063
2021-08-10,0.92063,0.92342,0.91952,0.92285
2021-08-11,0.92285,0.92422,0.92026,0.92183
2021-08-12,0.92183,0.92398,0.92118,0.9235
2021-08-13,0.9235,0.92392,0.91514,0.9155
2021-08-16,0.9155,0.91644,0.91092,0.9125
2021-08-17,0.9125,0.91515,0.90998,0.91488
2021-08-18,0.91488,0.91966,0.91271,0.91706
2021-08-19,0.91706,0.9207,0.91454,0.91865
2021-08-20,0.91865,0.91907,0.91588,0.917
2021-08-23,0.917,0.91782,0.91226,0.91238
2021-08-24,0.91238,0.91392,0.91106,0.91291
2021-08-25,0.91291,0.91581,0.91217,0.91372
2021-08-26,0.91372,0.91922,0.91277,0.91788
2021-08-27,0.91788,0.91999,0.91061,0.91126
2021-08-30,0.91126,0.91852,0.91016,0.91721
2021-08-31,0.91721,0.91732,0.91146,0.91524
2021-09-01,0.91524,0.91895,0.91392,0.91566
2021-09-02,0.91566,0.91678,0.91402,0.91434
2021-09-03,0.91434,0.91596,0.91156,0.91373
2021-09-06,0.91373,0.91685,0.91357,0.91512
2021-09-07,0.91512,0.91992,0.9133,0.91955
2021-09-08,0.91955,0.92349,0.91836,0.9221
2021-09-09,0.9221,0.92232,0.9161,0.91668
2021-09-10,0.91668,0.91847,0.91504,0.91792
2021-09-13,0.91792,0.92409,0.91727,0.92228
2021-09-14,0.92228,0.92282,0.91816,0.92012
2021-09-15,0.92012,0.92056,0.9164,0.91983
2021-09-16,0.91983,0.92785,0.91932,0.92785
2021-09-17,0.92785,0.93248,0.92599,0.9323
2021-09-20,0.9323,0.93328,0.92708,0.92786
2021-09-21,0.92786,0.92836,0.92254,0.9236
2021-09-22,0.9236,0.92728,0.92156,0.92646
2021-09-23,0.92646,0.92738,0.92174,0.92459
2021-09-24,0.92459,0.92606,0.92222,0.92454
2021-09-27,0.92454,0.9291,0.92442,0.92582
2021-09-28,0.92582,0.9302,0.92552,0.92938
2021-09-29,0.92938,0.9355,0.92799,0.93459
2021-09-30,0.93459,0.93684,0.9315,0.93155
2021-10-01,0.93155,0.93378,0.92818,0.93095
2021-10-04,0.93095,0.93109,0.92308,0.92492
2021-10-05,0.92492,0.92886,0.924,0.9281
2021-10-06,0.9281,0.93076,0.92715,0.92737
2021-10-07,0.92737,0.92924,0.92532,0.92894
2021-10-08,0.92894,0.93056,0.92588,0.92808
2021-10-11,0.92808,0.92879,0.92503,0.92772
2021-10-12,0.92772,0.93132,0.92571,0.93076
2021-10-13,0.93076,0.93097,0.92355,0.92394
2021-10-14,0.92394,0.92473,0.91945,0.92365
2021-10-15,0.92365,0.92641,0.9222,0.92298
2021-10-18,0.92298,0.92735,0.92234,0.92383
2021-10-19,0.92383,0.92423,0.9185,0.923
2021-10-20,0.923,0.92524,0.91863,0.91888
2021-10-21,0.91888,0.92062,0.91704,0.91822
2021-10-22,0.91822,0.91857,0.91513,0.91582
2021-10-25,0.91582,0.92024,0.915,0.91989
2021-10-26,0.91989,0.92264,0.91827,0.9198
2021-10-27,0.9198,0.9204,0.91646,0.9181
2021-10-28,0.9181,0.91948,0.91154,0.91197
2021-10-29,0.91197,0.91759,0.91026,0.91591
2021-11-01,0.91591,0.91716,0.90881,0.90921
2021-11-02,0.90921,0.91504,0.9088,0.91462
2021-11-03,0.91462,0.91512,0.91048,0.91188
2021-11-04,0.91188,0.91449,0.91118,0.91252
2021-11-05,0.91252,0.91756,0.91125,0.91282
2021-11-08,0.91282,0.9158,0.91196,0.91356
2021-11-09,0.91356,0.91538,0.9102,0.91118
2021-11-10,0.91118,0.91864,0.91078,0.91818
2021-11-11,0.91818,0.92247,0.91772,0.92097
2021-11-12,0.92097,0.92377,0.92024,0.92149
2021-11-15,0.92149,0.9257,0.91874,0.92518
2021-11-16,0.92518,0.93118,0.92372,0.93032
2021-11-17,0.93032,0.93298,0.92761,0.92836
2021-11-18,0.92836,0.9292,0.92512,0.92565
2021-11-19,0.92565,0.92904,0.92491,0.92776
2021-11-22,0.92776,0.93349,0.92671,0.93316
2021-11-23,0.93316,0.93444,0.93012,0.93322
2021-11-24,0.93322,0.93737,0.93261,0.93402
2021-11-25,0.93402,0.93617,0.93245,0.9359
2021-11-26,0.9359,0.93636,0.92168,0.92334
2021-11-29,0.92334,0.92731,0.92253,0.92281
2021-11-30,0.92281,0.92667,0.91576,0.91837
2021-12-01,0.91837,0.9218,0.91694,0.92054
2021-12-02,0.92054,0.92216,0.91785,0.92034
2021-12-03,0.92034,0.92178,0.91658,0.91779
2021-12-06,0.91779,0.92692,0.91775,0.92548
2021-12-07,0.92548,0.92751,0.9231,0.92488
2021-12-08,0.92488,0.92565,0.91956,0.92062
2021-12-09,0.92062,0.9265,0.9199,0.92376
2021-12-10,0.92376,0.9254,0.91992,0.92066
2021-12-13,0.92066,0.92566,0.92037,0.9224
2021-12-14,0.9224,0.9245,0.91884,0.9242
2021-12-15,0.9242,0.92946,0.92313,0.92448
2021-12-16,0.92448,0.92566,0.91898,0.91936
2021-12-17,0.91936,0.92458,0.91748,0.92426
2021-12-20,0.92426,0.92507,0.91928,0.92145
2021-12-21,0.92145,0.92542,0.91952,0.92346
2021-12-22,0.92346,0.92524,0.91904,0.91952
2021-12-23,0.91952,0.92194,0.91756,0.91837
2021-12-24,0.91837,0.92072,0.91677,0.9185
2021-12-27,0.9185,0.92002,0.91725,0.91758
2021-12-28,0.91758,0.91904,0.91596,0.91731
2021-12-29,0.91731,0.92015,0.91268,0.91478
2021-12-30,0.91478,0.91816,0.91325,0.91382
2021-12-31,0.91382,0.91478,0.91024,0.91218
2022-01-03,0.91218,0.92002,0.91127,0.9189
2022-01-04,0.9189,0.91937,0.91368,0.91623
2022-01-05,0.91623,0.91838,0.91414,0.91728
2022-01-06,0.91728,0.9224,0.91681,0.92122
2022-01-07,0.92122,0.92326,0.91824,0.91846
2022-01-10,0.91846,0.92752,0.91846,0.92724
2022-01-11,0.92724,0.92783,0.9233,0.92351
2022-01-12,0.92351,0.92444,0.91301,0.91422
2022-01-13,0.91422,0.91485,0.90919,0.91125
2022-01-14,0.91125,0.9142,0.90946,0.914
2022-01-17,0.914,0.91586,0.9122,0.91409
2022-01-18,0.91409,0.91792,0.91318,0.91734
2022-01-19,0.91734,0.91777,0.9145,0.91586
2022-01-20,0.91586,0.91812,0.91395,0.91722
2022-01-21,0.91722,0.91731,0.91078,0.91196
2022-01-24,0.91196,0.91586,0.91092,0.91416
2022-01-25,0.91416,0.92037,0.91329,0.91814
2022-01-26,0.91814,0.92463,0.91719,0.92416
2022-01-27,0.92416,0.9338,0.92312,0.931
2022-01-28,0.931,0.93297,0.92903,0.93101
2022-01-31,0.93101,0.93434,0.92518,0.92692
2022-02-01,0.92692,0.92772,0.92044,0.92102
2022-02-02,0.92102,0.9222,0.91784,0.91896
2022-02-03,0.91896,0.92358,0.9177,0.92017
2022-02-04,0.92017,0.9259,0.91931,0.92561
2022-02-07,0.92561,0.9262,0.92216,0.92351
2022-02-08,0.92351,0.9263,0.92257,0.92511
2022-02-09,0.92511,0.92554,0.9222,0.92419
2022-02-10,0.92419,0.92972,0.9227,0.92533
2022-02-11,0.92533,0.92872,0.92368,0.9248
2022-02-14,0.9248,0.92725,0.92378,0.92467
2022-02-15,0.92467,0.92742,0.92268,0.92532
2022-02-16,0.92532,0.9261,0.92064,0.92223
2022-02-17,0.92223,0.92291,0.91885,0.9202
2022-02-18,0.9202,0.92185,0.91916,0.92137
2022-02-21,0.92137,0.92305,0.91504,0.91578
2022-02-22,0.91578,0.92279,0.91516,0.92166
2022-02-23,0.92166,0.92189,0.91682,0.91831
2022-02-24,0.91831,0.92892,0.91726,0.92537
2022-02-25,0.92537,0.92844,0.92289,0.92552
2022-02-28,0.92552,0.92838,0.91662,0.91694
2022-03-01,0.91694,0.92056,0.91502,0.9188
2022-03-02,0.9188,0.92398,0.91664,0.92022
2022-03-03,0.92022,0.92168,0.91731,0.91732
2022-03-04,0.91732,0.92104,0.91633,0.9171
2022-03-07,0.9171,0.92724,0.91688,0.92536
2022-03-08,0.92536,0.93068,0.92489,0.92937
2022-03-09,0.92937,0.9303,0.92503,0.92649
2022-03-10,0.92649,0.93092,0.9255,0.9303
2022-03-11,0.9303,0.935,0.92908,0.93484
2022-03-14,0.93484,0.93874,0.93201,0.93869
2022-03-15,0.93869,0.94318,0.93718,0.94144
2022-03-16,0.94144,0.94603,0.93903,0.94059
2022-03-17,0.94059,0.94308,0.9336,0.93704
2022-03-18,0.93704,0.93826,0.93142,0.93184
2022-03-21,0.93184,0.93525,0.92943,0.9336
2022-03-22,0.9336,0.93758,0.9314,0.93284
2022-03-23,0.93284,0.93576,0.93012,0.93054
2022-03-24,0.93054,0.93452,0.92994,0.93022
2022-03-25,0.93022,0.93138,0.92606,0.93036
2022-03-28,0.93036,0.93817,0.93034,0.93459
2022-03-29,0.93459,0.93742,0.92978,0.93091
2022-03-30,0.93091,0.9319,0.92202,0.92332
2022-03-31,0.92332,0.92592,0.9195,0.92283
2022-04-01,0.92283,0.92802,0.92169,0.9256
2022-04-04,0.9256,0.92812,0.9245,0.9266
2022-04-05,0.9266,0.92983,0.92377,0.92947
2022-04-06,0.92947,0.935,0.92932,0.93324
2022-04-07,0.93324,0.9348,0.93176,0.93415
2022-04-08,0.93415,0.93738,0.93273,0.93414
2022-04-11,0.93414,0.9372,0.93038,0.93121
2022-04-12,0.93121,0.9345,0.92868,0.93282
2022-04-13,0.93282,0.93566,0.93142,0.93474
2022-04-14,0.93474,0.94338,0.93242,0.94245
2022-04-15,0.94245,0.94434,0.94126,0.943
2022-04-18,0.943,0.94536,0.94214,0.94486
2022-04-19,0.94486,0.95234,0.94338,0.95224
2022-04-20,0.95224,0.95364,0.94546,0.94845
2022-04-21,0.94845,0.95534,0.94571,0.9535
2022-04-22,0.9535,0.9593,0.95288,0.95692
2022-04-25,0.95692,0.95975,0.9547,0.95955
2022-04-26,0.95955,0.96268,0.95644,0.96264
2022-04-27,0.96264,0.97014,0.96144,0.96906
2022-04-28,0.96906,0.97595,0.96704,0.97194
2022-04-29,0.97194,0.97368,0.9671,0.9734
2022-05-02,0.9734,0.97896,0.97048,0.97778
2022-05-03,0.97778,0.97998,0.97205,0.97887
2022-05-04,0.97887,0.98528,0.9721,0.97244
2022-05-05,0.97244,0.989,0.97096,0.98494
2022-05-06,0.98494,0.98922,0.98276,0.9886
2022-05-09,0.9886,0.99658,0.98723,0.99394
2022-05-10,0.99394,0.9975,0.9906,0.99589
2022-05-11,0.99589,0.99642,0.98722,0.99398
2022-05-12,0.99398,1.00493,0.99325,1.00306
2022-05-13,1.00306,1.00472,0.99924,1.00229
2022-05-16,1.00229,1.00646,1.00076,1.00193
2022-05-17,1.00193,1.00258,0.99184,0.99351
2022-05-18,0.99351,0.99849,0.98606,0.9886
2022-05-19,0.9886,0.98873,0.96973,0.97298
2022-05-20,0.97298,0.97644,0.96941,0.97473
2022-05-23,0.97473,0.97514,0.96279,0.96554
2022-05-24,0.96554,0.96703,0.95738,0.96071
2022-05-25,0.96071,0.96424,0.95976,0.96216
2022-05-26,0.96216,0.96328,0.95827,0.9589
2022-05-27,0.9589,0.96028,0.9545,0.95744
2022-05-30,0.95744,0.96065,0.95538,0.95736
2022-05-31,0.95736,0.96204,0.95638,0.9596
2022-06-01,0.9596,0.9659,0.95874,0.9633
2022-06-02,0.9633,0.96395,0.95751,0.95776
2022-06-03,0.95776,0.96429,0.95567,0.96264
2022-06-06,0.96264,0.97144,0.96056,0.97065
2022-06-07,0.97065,0.97796,0.97055,0.97272
2022-06-08,0.97272,0.97892,0.97228,0.97864
2022-06-09,0.97864,0.98176,0.9724,0.9802
2022-06-10,0.9802,0.98986,0.97662,0.98826
2022-06-13,0.98826,0.99946,0.9878,0.99706
2022-06-14,0.99706,1.00372,0.98738,1.00158
2022-06-15,1.00158,1.00502,0.99316,0.9942
2022-06-16,0.9942,0.99898,0.96298,0.96665
2022-06-17,0.96665,0.97328,0.96195,0.96988
2022-06-20,0.96988,0.97137,0.9622,0.96759
2022-06-21,0.96759,0.96842,0.96324,0.96628
2022-06-22,0.96628,0.96897,0.95805,0.96114
2022-06-23,0.96114,0.96788,0.9567,0.9616
2022-06-24,0.9616,0.96327,0.95221,0.95846
2022-06-27,0.95846,0.96204,0.95431,0.95633
2022-06-28,0.95633,0.95872,0.95338,0.95748
2022-06-29,0.95748,0.95784,0.94954,0.95476
2022-06-30,0.95476,0.96056,0.95298,0.95494
2022-07-01,0.95494,0.96418,0.95456,0.95971
2022-07-04,0.95971,0.96178,0.95608,0.96136
2022-07-05,0.96136,0.97048,0.95929,0.96854
2022-07-06,0.96854,0.97436,0.96716,0.97062
2022-07-07,0.97062,0.97487,0.96818,0.97412
2022-07-08,0.97412,0.97978,0.97232,0.97666
2022-07-11,0.97666,0.98432,0.9757,0.98328
2022-07-12,0.98328,0.9859,0.98038,0.98165
2022-07-13,0.98165,0.98303,0.97562,0.97886
2022-07-14,0.97886,0.98859,0.97775,0.9838
2022-07-15,0.9838,0.98442,0.97606,0.97615
2022-07-18,0.97615,0.97901,0.97312,0.97742
2022-07-19,0.97742,0.97869,0.96542,0.96884
2022-07-20,0.96884,0.97363,0.96762,0.97134
2022-07-21,0.97134,0.97394,0.96646,0.96667
2022-07-22,0.96667,0.97042,0.95999,0.96144
2022-07-25,0.96144,0.96608,0.96123,0.9644
2022-07-26,0.9644,0.96679,0.96158,0.9631
2022-07-27,0.9631,0.96594,0.95839,0.95962
2022-07-28,0.95962,0.96322,0.95447,0.95482
2022-07-29,0.95482,0.95943,0.95019,0.95136
2022-08-01,0.95136,0.9536,0.94823,0.94988
2022-08-02,0.94988,0.9575,0.94702,0.95736
2022-08-03,0.95736,0.96518,0.95423,0.96036
2022-08-04,0.96036,0.96233,0.9544,0.955
2022-08-05,0.955,0.965,0.9538,0.9617
2022-08-08,0.9617,0.96353,0.95222,0.95535
2022-08-09,0.95535,0.95579,0.95114,0.95386
2022-08-10,0.95386,0.95455,0.93938,0.94259
2022-08-11,0.94259,0.94463,0.93708,0.94111
2022-08-12,0.94111,0.94507,0.9408,0.94126
2022-08-15,0.94126,0.94718,0.94084,0.94634
2022-08-16,0.94634,0.95142,0.94545,0.94931
2022-08-17,0.94931,0.95438,0.94832,0.95155
2022-08-18,0.95155,0.95716,0.94979,0.9569
2022-08-19,0.9569,0.95984,0.95534,0.95896
2022-08-22,0.95896,0.9659,0.9574,0.96446
2022-08-23,0.96446,0.96926,0.96034,0.96431
2022-08-24,0.96431,0.96878,0.96079,0.96704
2022-08-25,0.96704,0.96714,0.96132,0.96332
2022-08-26,0.96332,0.96696,0.95778,0.96613
2022-08-29,0.96613,0.97079,0.96582,0.96822
2022-08-30,0.96822,0.97622,0.96658,0.97446
2022-08-31,0.97446,0.98076,0.97266,0.97791
2022-09-01,0.97791,0.9861,0.97443,0.98175
2022-09-02,0.98175,0.98592,0.97839,0.98082
2022-09-05,0.98082,0.98374,0.97955,0.97964
2022-09-06,0.97964,0.98617,0.97657,0.98432
2022-09-07,0.98432,0.98697,0.97613,0.9764
2022-09-08,0.9764,0.97826,0.97022,0.97032
2022-09-09,0.97032,0.97107,0.95474,0.96072
2022-09-12,0.96072,0.961,0.95094,0.95382
2022-09-13,0.95382,0.96332,0.94799,0.96194
2022-09-14,0.96194,0.96368,0.95891,0.96229
2022-09-15,0.96229,0.96422,0.95566,0.96165
2022-09-16,0.96165,0.96614,0.96004,0.96443
2022-09-19,0.96443,0.96954,0.96262,0.96426
2022-09-20,0.96426,0.96826,0.96233,0.96413
2022-09-21,0.96413,0.97008,0.96203,0.96648
2022-09-22,0.96648,0.98506,0.96208,0.97724
2022-09-23,0.97724,0.98402,0.97558,0.98133
2022-09-26,0.98133,0.99658,0.97932,0.99338
2022-09-27,0.99338,0.99457,0.98492,0.99211
2022-09-28,0.99211,0.9966,0.9746,0.97606
2022-09-29,0.97606,0.98564,0.97536,0.97548
2022-09-30,0.97548,0.9877,0.97388,0.9873
2022-10-03,0.9873,0.99502,0.98324,0.99236
2022-10-04,0.99236,0.9942,0.97846,0.97937
2022-10-05,0.97937,0.98894,0.97852,0.98355
2022-10-06,0.98355,0.99139,0.97808,0.99042
2022-10-07,0.99042,0.99538,0.98784,0.99474
2022-10-10,0.99474,1.00108,0.99324,0.99981
2022-10-11,0.99981,1.00212,0.99162,0.99701
2022-10-12,0.99701,1.00044,0.99312,0.99753
2022-10-13,0.99753,1.00738,0.99601,1.00122
2022-10-14,1.00122,1.00666,0.9965,1.00564
2022-10-17,1.00564,1.00572,0.99436,0.99582
2022-10-18,0.99582,0.99788,0.99192,0.9941
2022-10-19,0.9941,1.00632,0.99285,1.00464
2022-10-20,1.00464,1.00689,0.99948,1.00294
2022-10-21,1.00294,1.01482,0.9962,0.99782
2022-10-24,0.99782,1.00318,0.99439,1.00072
2022-10-25,1.00072,1.00318,0.99404,0.99455
2022-10-26,0.99455,0.99636,0.98529,0.98612
2022-10-27,0.98612,0.99282,0.98418,0.99066
2022-10-28,0.99066,0.99802,0.98833,0.996
2022-10-31,0.996,1.00326,0.99598,1.0019
2022-11-01,1.0019,1.00217,0.99153,1.00016
2022-11-02,1.00016,1.00411,0.99111,1.00324
2022-11-03,1.00324,1.01478,1.00044,1.01356
2022-11-04,1.01356,1.01452,0.9932,0.99428
2022-11-07,0.99428,0.9987,0.98752,0.98835
2022-11-08,0.98835,0.99272,0.98371,0.98588
2022-11-09,0.98588,0.98746,0.98004,0.98399
2022-11-10,0.98399,0.98995,0.9631,0.96353
2022-11-11,0.96353,0.96824,0.93976,0.94132
2022-11-14,0.94132,0.94894,0.94054,0.94325
2022-11-15,0.94325,0.94757,0.93566,0.94471
2022-11-16,0.94471,0.94699,0.93863,0.94477
2022-11-17,0.94477,0.95576,0.94332,0.95217
2022-11-18,0.95217,0.95496,0.94985,0.95478
2022-11-21,0.95478,0.95986,0.95313,0.95898
2022-11-22,0.95898,0.95921,0.95094,0.95203
2022-11-23,0.95203,0.95336,0.94123,0.94258
2022-11-24,0.94258,0.94461,0.93876,0.94328
2022-11-25,0.94328,0.95002,0.9423,0.946
2022-11-28,0.946,0.94982,0.94055,0.94888
2022-11-29,0.94888,0.95458,0.94608,0.95391
2022-11-30,0.95391,0.95477,0.94317,0.94539
2022-12-01,0.94539,0.94606,0.93656,0.93705
2022-12-02,0.93705,0.94396,0.93267,0.93685
2022-12-05,0.93685,0.94355,0.93306,0.94266
2022-12-06,0.94266,0.94562,0.93812,0.94212
2022-12-07,0.94212,0.9438,0.93638,0.94076
2022-12-08,0.94076,0.94267,0.93437,0.9363
2022-12-09,0.9363,0.93823,0.93122,0.93472
2022-12-12,0.93472,0.938,0.93135,0.9362
2022-12-13,0.9362,0.93752,0.92318,0.92862
2022-12-14,0.92862,0.92976,0.92158,0.92442
2022-12-15,0.92442,0.93174,0.92312,0.92854
2022-12-16,0.92854,0.93426,0.92538,0.93422
2022-12-19,0.93422,0.93476,0.92842,0.9289
2022-12-20,0.9289,0.93078,0.9242,0.92638
2022-12-21,0.92638,0.92893,0.92388,0.92681
2022-12-22,0.92681,0.93218,0.92268,0.931
2022-12-23,0.931,0.93448,0.92853,0.9333
2022-12-27,0.9333,0.9333,0.92699,0.92936
2022-12-28,0.92936,0.93074,0.92455,0.92912
2022-12-29,0.92912,0.92912,0.92106,0.92334
2022-12-30,0.92334,0.92688,0.92007,0.9246
2023-01-02,0.9246,0.92612,0.92156,0.92508
2023-01-03,0.92508,0.93987,0.92314,0.9358
2023-01-04,0.9358,0.93742,0.92536,0.92961
2023-01-05,0.92961,0.9378,0.92608,0.93632
2023-01-06,0.93632,0.94096,0.92706,0.9279
2023-01-09,0.9279,0.92848,0.91672,0.92146
2023-01-10,0.92146,0.92524,0.91952,0.92294
2023-01-11,0.92294,0.9332,0.9205,0.93136
2023-01-12,0.93136,0.93635,0.92664,0.92739
2023-01-13,0.92739,0.9317,0.92558,0.9265
2023-01-16,0.9265,0.92887,0.9219,0.92621
2023-01-17,0.92621,0.92762,0.91878,0.92205
2023-01-18,0.92205,0.92461,0.90856,0.91654
2023-01-19,0.91654,0.919,0.91474,0.916
2023-01-20,0.916,0.92348,0.91414,0.9202
2023-01-23,0.9202,0.92411,0.91599,0.9218
2023-01-24,0.9218,0.92796,0.91924,0.92242
2023-01-25,0.92242,0.92454,0.91728,0.91793
2023-01-26,0.91793,0.92256,0.91584,0.92028
2023-01-27,0.92028,0.92402,0.91926,0.92112
2023-01-30,0.92112,0.92566,0.91822,0.92498
2023-01-31,0.92498,0.92884,0.91507,0.9162
2023-02-01,0.9162,0.91838,0.90704,0.90856
2023-02-02,0.90856,0.91394,0.90596,0.91322
2023-02-03,0.91322,0.92697,0.91263,0.92605
2023-02-06,0.92605,0.92912,0.92278,0.92822
2023-02-07,0.92822,0.929,0.9192,0.92196
2023-02-08,0.92196,0.92269,0.91784,0.92099
2023-02-09,0.92099,0.92288,0.91608,0.92223
2023-02-10,0.92223,0.92532,0.91982,0.9237
2023-02-13,0.9237,0.92598,0.91914,0.91936
2023-02-14,0.91936,0.92343,0.91372,0.92172
2023-02-15,0.92172,0.92633,0.92087,0.92379
2023-02-16,0.92379,0.92722,0.92142,0.92574
2023-02-17,0.92574,0.9332,0.92404,0.92414
2023-02-20,0.92414,0.92618,0.92206,0.92318
2023-02-21,0.92318,0.9283,0.92266,0.9278
2023-02-22,0.9278,0.93189,0.92531,0.93134
2023-02-23,0.93134,0.9349,0.92904,0.93404
2023-02-24,0.93404,0.94126,0.9326,0.94118
2023-02-27,0.94118,0.94292,0.93444,0.93574
2023-02-28,0.93574,0.9423,0.93416,0.94212
2023-03-01,0.94212,0.94287,0.93505,0.93969
2023-03-02,0.93969,0.94403,0.93856,0.94239
2023-03-03,0.94239,0.94249,0.93592,0.93612
2023-03-06,0.93612,0.93732,0.93054,0.93073
2023-03-07,0.93073,0.94247,0.9286,0.94206
2023-03-08,0.94206,0.94388,0.9389,0.94154
2023-03-09,0.94154,0.94215,0.9324,0.93265
2023-03-10,0.93265,0.93396,0.91748,0.92128
2023-03-13,0.92128,0.92175,0.90716,0.91196
2023-03-14,0.91196,0.91647,0.90959,0.91416
2023-03-15,0.91416,0.93382,0.91234,0.93352
2023-03-16,0.93352,0.93415,0.92298,0.92942
2023-03-17,0.92942,0.93006,0.924,0.92636
2023-03-20,0.92636,0.93126,0.92406,0.92922
2023-03-21,0.92922,0.9317,0.92095,0.92235
2023-03-22,0.92235,0.92458,0.91474,0.91734
2023-03-23,0.91734,0.91813,0.91198,0.91664
2023-03-24,0.91664,0.9217,0.91554,0.91989
2023-03-27,0.91989,0.91997,0.91544,0.91557
2023-03-28,0.91557,0.9223,0.9137,0.91969
2023-03-29,0.91969,0.92234,0.9165,0.91826
2023-03-30,0.91826,0.92004,0.9126,0.91334
2023-03-31,0.91334,0.91777,0.9116,0.91514
2023-04-03,0.91514,0.91968,0.91156,0.91272
2023-04-04,0.91272,0.9146,0.90552,0.90616
2023-04-05,0.90616,0.90763,0.90079,0.90666
2023-04-06,0.90666,0.90752,0.90362,0.90461
2023-04-07,0.90461,0.90817,0.90344,0.9059
2023-04-10,0.9059,0.91206,0.9037,0.90936
2023-04-11,0.90936,0.90978,0.90282,0.90328
2023-04-12,0.90328,0.90387,0.89438,0.89634
2023-04-13,0.89634,0.89751,0.886,0.88966
2023-04-14,0.88966,0.89591,0.88669,0.89398
2023-04-17,0.89398,0.89966,0.8922,0.89876
2023-04-18,0.89876,0.89885,0.89547,0.8962
2023-04-19,0.8962,0.90032,0.89583,0.89761
2023-04-20,0.89761,0.89833,0.89205,0.89236
2023-04-21,0.89236,0.89542,0.89078,0.89236
2023-04-24,0.89236,0.89302,0.88762,0.88768
2023-04-25,0.88768,0.89277,0.88608,0.89204
2023-04-26,0.89204,0.89261,0.88519,0.89129
2023-04-27,0.89129,0.89766,0.89031,0.89427
2023-04-28,0.89427,0.89753,0.88963,0.89442
2023-05-01,0.89442,0.89669,0.89154,0.89555
2023-05-02,0.89555,0.89952,0.8924,0.89328
2023-05-03,0.89328,0.89328,0.88328,0.8844
2023-05-04,0.8844,0.88916,0.88202,0.88588
2023-05-05,0.88588,0.8974,0.88344,0.89081
2023-05-08,0.89081,0.89127,0.88678,0.88956
2023-05-09,0.88956,0.8943,0.88886,0.89059
2023-05-10,0.89059,0.89275,0.88686,0.88974
2023-05-11,0.88974,0.89582,0.8887,0.89426
2023-05-12,0.89426,0.89877,0.88973,0.89849
2023-05-15,0.89849,0.8988,0.89428,0.89562
2023-05-16,0.89562,0.89708,0.892,0.89636
2023-05-17,0.89636,0.90256,0.89494,0.89854
2023-05-18,0.89854,0.90628,0.89804,0.90513
2023-05-19,0.90513,0.90588,0.8975,0.89942
2023-05-22,0.89942,0.89975,0.8941,0.8978
2023-05-23,0.8978,0.90296,0.89756,0.90134
2023-05-24,0.90134,0.90671,0.90053,0.9052
2023-05-25,0.9052,0.90733,0.90378,0.90584
2023-05-26,0.90584,0.90746,0.90188,0.90505
2023-05-29,0.90505,0.90622,0.90276,0.90449
2023-05-30,0.90449,0.90844,0.90146,0.90589
2023-05-31,0.90589,0.91476,0.90558,0.91057
2023-06-01,0.91057,0.91142,0.9054,0.90568
2023-06-02,0.90568,0.9092,0.9035,0.90885
2023-06-05,0.90885,0.91198,0.90526,0.90622
2023-06-06,0.90622,0.90984,0.90337,0.90771
2023-06-07,0.90771,0.9107,0.90432,0.91018
2023-06-08,0.91018,0.91078,0.89898,0.89912
2023-06-09,0.89912,0.90396,0.89847,0.90327
2023-06-12,0.90327,0.91094,0.90158,0.90887
2023-06-13,0.90887,0.90915,0.90322,0.90517
2023-06-14,0.90517,0.90604,0.89656,0.9012
2023-06-15,0.9012,0.90561,0.89074,0.89171
2023-06-16,0.89171,0.89495,0.89018,0.89369
2023-06-19,0.89369,0.89752,0.89336,0.89582
2023-06-20,0.89582,0.90012,0.89524,0.89774
2023-06-21,0.89774,0.8998,0.89199,0.89306
2023-06-22,0.89306,0.89728,0.89072,0.8948
2023-06-23,0.8948,0.90134,0.89456,0.897
2023-06-26,0.897,0.897,0.8912,0.89568
2023-06-27,0.89568,0.89706,0.89241,0.89372
2023-06-28,0.89372,0.89872,0.89324,0.897
2023-06-29,0.897,0.90018,0.89436,0.89962
2023-06-30,0.89962,0.90168,0.89355,0.89544
2023-07-03,0.89544,0.90046,0.89412,0.89628
2023-07-04,0.89628,0.89748,0.8946,0.89723
2023-07-05,0.89723,0.89949,0.89624,0.8988
2023-07-06,0.8988,0.8998,0.89512,0.89516
2023-07-07,0.89516,0.89702,0.88762,0.88916
2023-07-10,0.88916,0.8918,0.88522,0.88536
2023-07-11,0.88536,0.88706,0.87935,0.87951
2023-07-12,0.87951,0.87988,0.86596,0.86761
2023-07-13,0.86761,0.86761,0.85826,0.85879
2023-07-14,0.85879,0.86315,0.85661,0.86228
2023-07-17,0.86228,0.86308,0.85784,0.86025
2023-07-18,0.86025,0.86227,0.85551,0.85764
2023-07-19,0.85764,0.86138,0.85672,0.85836
2023-07-20,0.85836,0.86842,0.8561,0.86666
2023-07-21,0.86666,0.86727,0.8641,0.86595
2023-07-24,0.86595,0.87,0.86377,0.86968
2023-07-25,0.86968,0.87007,0.86372,0.86393
2023-07-26,0.86393,0.86566,0.85974,0.86092
2023-07-27,0.86092,0.86988,0.85526,0.86928
2023-07-28,0.86928,0.8737,0.86612,0.87036
2023-07-31,0.87036,0.87298,0.86657,0.87168
2023-08-01,0.87168,0.8778,0.87082,0.87512
2023-08-02,0.87512,0.8806,0.87174,0.8775
2023-08-03,0.8775,0.87988,0.87332,0.87416
2023-08-04,0.87416,0.87828,0.86994,0.87288
2023-08-07,0.87288,0.87738,0.87196,0.87288
2023-08-08,0.87288,0.87832,0.87204,0.87586
2023-08-09,0.87586,0.87831,0.87318,0.87722
2023-08-10,0.87722,0.87768,0.86904,0.87682
2023-08-11,0.87682,0.87808,0.87348,0.87647
2023-08-14,0.87647,0.8828,0.87554,0.87823
2023-08-15,0.87823,0.87966,0.87443,0.87849
2023-08-16,0.87849,0.88146,0.87746,0.88002
2023-08-17,0.88002,0.881,0.87601,0.87856
2023-08-18,0.87856,0.8828,0.8774,0.8824
2023-08-21,0.8824,0.88282,0.87802,0.87854
2023-08-22,0.87854,0.88096,0.87653,0.88046
2023-08-23,0.88046,0.88174,0.87742,0.87794
2023-08-24,0.87794,0.88513,0.87602,0.88452
2023-08-25,0.88452,0.88764,0.8822,0.88465
2023-08-28,0.88465,0.88568,0.88182,0.88378
2023-08-29,0.88378,0.88591,0.8775,0.87849
2023-08-30,0.87849,0.88036,0.87452,0.87848
2023-08-31,0.87848,0.88461,0.87714,0.8834
2023-09-01,0.8834,0.8864,0.87954,0.88574
2023-09-04,0.88574,0.88594,0.88326,0.88446
2023-09-05,0.88446,0.89034,0.8841,0.88964
2023-09-06,0.88964,0.8945,0.88812,0.89108
2023-09-07,0.89108,0.89406,0.89084,0.89272
2023-09-08,0.89272,0.89368,0.8895,0.89292
2023-09-11,0.89292,0.89292,0.8897,0.89088
2023-09-12,0.89088,0.89342,0.89016,0.89144
2023-09-13,0.89144,0.89524,0.89068,0.89372
2023-09-14,0.89372,0.89708,0.89148,0.89572
2023-09-15,0.89572,0.89777,0.89457,0.89766
2023-09-18,0.89766,0.89826,0.8954,0.89702
2023-09-19,0.89702,0.89841,0.89483,0.89778
2023-09-20,0.89778,0.8996,0.89324,0.89874
2023-09-21,0.89874,0.90784,0.89826,0.90454
2023-09-22,0.90454,0.90754,0.90331,0.90703
2023-09-25,0.90703,0.91356,0.90596,0.91203
2023-09-26,0.91203,0.91591,0.91168,0.9158
2023-09-27,0.9158,0.92254,0.91459,0.92138
2023-09-28,0.92138,0.92169,0.91474,0.9149
2023-09-29,0.9149,0.91636,0.90912,0.91478
2023-10-02,0.91478,0.91948,0.91106,0.91834
2023-10-03,0.91834,0.92448,0.9174,0.92108
2023-10-04,0.92108,0.92326,0.91441,0.91734
2023-10-05,0.91734,0.91825,0.91214,0.91242
2023-10-06,0.91242,0.91761,0.90734,0.90992
2023-10-09,0.90992,0.91238,0.90496,0.90662
2023-10-10,0.90662,0.90829,0.90342,0.90474
2023-10-11,0.90474,0.90546,0.90019,0.90198
2023-10-12,0.90198,0.90881,0.89868,0.90848
2023-10-13,0.90848,0.90893,0.90024,0.90242
2023-10-16,0.90242,0.90424,0.89956,0.90014
2023-10-17,0.90014,0.90322,0.89901,0.9003
2023-10-18,0.9003,0.9009,0.89546,0.89902
2023-10-19,0.89902,0.90022,0.89091,0.89148
2023-10-20,0.89148,0.89354,0.89028,0.89238
2023-10-23,0.89238,0.89572,0.89062,0.891
2023-10-24,0.891,0.89522,0.88882,0.89308
2023-10-25,0.89308,0.89694,0.89207,0.89682
2023-10-26,0.89682,0.90049,0.89632,0.89887
2023-10-27,0.89887,0.9035,0.89807,0.90248
2023-10-30,0.90248,0.90489,0.90077,0.90202
2023-10-31,0.90202,0.91063,0.90097,0.91042
2023-11-01,0.91042,0.91126,0.90712,0.9078
2023-11-02,0.9078,0.90798,0.90179,0.90591
2023-11-03,0.90591,0.90742,0.89654,0.8994
2023-11-06,0.8994,0.89965,0.89535,0.89944
2023-11-07,0.89944,0.90188,0.89874,0.9001
2023-11-08,0.9001,0.90243,0.8977,0.89932
2023-11-09,0.89932,0.90412,0.89874,0.903
2023-11-10,0.903,0.90462,0.90022,0.90241
2023-11-13,0.90241,0.90522,0.90074,0.90162
2023-11-14,0.90162,0.90272,0.88798,0.8891
2023-11-15,0.8891,0.89032,0.8855,0.88805
2023-11-16,0.88805,0.89002,0.88542,0.8887
2023-11-17,0.8887,0.8894,0.88525,0.88574
2023-11-20,0.88574,0.88682,0.88262,0.88506
2023-11-21,0.88506,0.88506,0.88196,0.88368
2023-11-22,0.88368,0.88748,0.88204,0.88386
2023-11-23,0.88386,0.88559,0.88174,0.8841
2023-11-24,0.8841,0.88488,0.88108,0.88275
2023-11-27,0.88275,0.88282,0.87939,0.88031
2023-11-28,0.88031,0.88191,0.87614,0.87804
2023-11-29,0.87804,0.87842,0.87202,0.87388
2023-11-30,0.87388,0.8771,0.86848,0.87524
2023-12-01,0.87524,0.87686,0.86793,0.86908
2023-12-04,0.86908,0.87554,0.86668,0.87277
2023-12-05,0.87277,0.87663,0.87146,0.87496
2023-12-06,0.87496,0.87602,0.87293,0.87472
2023-12-07,0.87472,0.87822,0.87284,0.87522
2023-12-08,0.87522,0.88208,0.87414,0.87999
2023-12-11,0.87999,0.88162,0.8779,0.87841
2023-12-12,0.87841,0.87877,0.87242,0.87528
2023-12-13,0.87528,0.87802,0.86904,0.87166
2023-12-14,0.87166,0.87322,0.86304,0.86768
2023-12-15,0.86768,0.87116,0.86523,0.87023
2023-12-18,0.87023,0.87118,0.86666,0.86712
2023-12-19,0.86712,0.86824,0.85931,0.86098
2023-12-20,0.86098,0.86511,0.86018,0.86268
2023-12-21,0.86268,0.86341,0.85608,0.85614
2023-12-22,0.85614,0.85736,0.85142,0.8559
2023-12-26,0.8559,0.858,0.85314,0.85368
2023-12-27,0.85368,0.85492,0.84088,0.84304
2023-12-28,0.84304,0.84512,0.83326,0.84487
2023-12-29,0.84487,0.84535,0.83566,0.84152
2024-01-02,0.84152,0.85072,0.83969,0.85042
2024-01-03,0.85042,0.85546,0.84893,0.84904
2024-01-04,0.84904,0.8529,0.84774,0.85018
2024-01-05,0.85018,0.85773,0.84552,0.85033
2024-01-08,0.85033,0.85214,0.84604,0.84819
2024-01-09,0.84819,0.85324,0.84644,0.85232
2024-01-10,0.85232,0.85355,0.85072,0.85084
2024-01-11,0.85084,0.85662,0.84892,0.85186
2024-01-12,0.85186,0.85508,0.84884,0.85269
2024-01-15,0.85269,0.85622,0.85176,0.8557
2024-01-16,0.8557,0.86196,0.85544,0.86159
2024-01-17,0.86159,0.86854,0.86076,0.86438
2024-01-18,0.86438,0.8694,0.86333,0.86806
2024-01-19,0.86806,0.87046,0.86763,0.86818
2024-01-22,0.86818,0.87008,0.86661,0.86911
2024-01-23,0.86911,0.87285,0.865,0.87022
2024-01-24,0.87022,0.87084,0.86066,0.86289
2024-01-25,0.86289,0.8685,0.86261,0.86698
2024-01-26,0.86698,0.86852,0.86164,0.86394
2024-01-29,0.86394,0.86692,0.86071,0.86136
2024-01-30,0.86136,0.86432,0.86067,0.86182
2024-01-31,0.86182,0.8644,0.8551,0.86139
2024-02-01,0.86139,0.86498,0.85711,0.85786
2024-02-02,0.85786,0.86808,0.85534,0.86701
2024-02-05,0.86701,0.87186,0.86475,0.87073
2024-02-06,0.87073,0.87414,0.86902,0.86977
2024-02-07,0.86977,0.87536,0.86883,0.87456
2024-02-08,0.87456,0.8761,0.87244,0.87362
2024-02-09,0.87362,0.87622,0.87314,0.87482
2024-02-12,0.87482,0.87728,0.87267,0.87576
2024-02-13,0.87576,0.88809,0.87546,0.88711
2024-02-14,0.88711,0.8886,0.88476,0.88576
2024-02-15,0.88576,0.88593,0.87829,0.88
2024-02-16,0.88,0.88394,0.87936,0.88088
2024-02-19,0.88088,0.88284,0.87969,0.88236
2024-02-20,0.88236,0.88377,0.87858,0.88194
2024-02-21,0.88194,0.88224,0.87887,0.8796
2024-02-22,0.8796,0.88215,0.87426,0.88022
2024-02-23,0.88022,0.88196,0.87814,0.88108
2024-02-26,0.88108,0.88224,0.87882,0.87997
2024-02-27,0.87997,0.88106,0.87848,0.8786
2024-02-28,0.8786,0.88158,0.8784,0.87884
2024-02-29,0.87884,0.88471,0.87793,0.88468
2024-03-01,0.88468,0.8893,0.88302,0.88332
2024-03-04,0.88332,0.88642,0.88058,0.88495
2024-03-05,0.88495,0.88664,0.88258,0.88344
2024-03-06,0.88344,0.88558,0.88046,0.8821
2024-03-07,0.8821,0.88258,0.87729,0.8777
2024-03-08,0.8777,0.87832,0.87296,0.87772
2024-03-11,0.87772,0.8795,0.87552,0.87746
2024-03-12,0.87746,0.87948,0.87472,0.87728
2024-03-13,0.87728,0.87898,0.87664,0.87888
2024-03-14,0.87888,0.88413,0.87821,0.88376
2024-03-15,0.88376,0.8853,0.88194,0.88364
2024-03-18,0.88364,0.88847,0.88216,0.88778
2024-03-19,0.88778,0.88988,0.88674,0.88808
2024-03-20,0.88808,0.89188,0.88594,0.8868
2024-03-21,0.8868,0.89942,0.88396,0.89758
2024-03-22,0.89758,0.90202,0.89658,0.89738
2024-03-25,0.89738,0.89957,0.89691,0.89946
2024-03-26,0.89946,0.90434,0.89903,0.90395
2024-03-27,0.90395,0.90716,0.9033,0.90375
2024-03-28,0.90375,0.90648,0.89999,0.90175
2024-03-29,0.90175,0.90278,0.9006,0.90161
2024-04-01,0.90161,0.9057,0.90054,0.90432
2024-04-02,0.90432,0.9091,0.904,0.90796
2024-04-03,0.90796,0.90956,0.90277,0.9029
2024-04-04,0.9029,0.90752,0.9009,0.90136
2024-04-05,0.90136,0.90711,0.8998,0.90215
2024-04-08,0.90215,0.90656,0.90068,0.90538
2024-04-09,0.90538,0.90565,0.90128,0.90352
2024-04-10,0.90352,0.91476,0.9025,0.91287
2024-04-11,0.91287,0.91468,0.90746,0.91002
2024-04-12,0.91002,0.91456,0.90936,0.91433
2024-04-15,0.91433,0.91522,0.9114,0.91153
2024-04-16,0.91153,0.91422,0.91114,0.91304
2024-04-17,0.91304,0.91327,0.90935,0.91076
2024-04-18,0.91076,0.91256,0.90812,0.91234
2024-04-19,0.91234,0.91312,0.90112,0.9104
2024-04-22,0.9104,0.91241,0.90986,0.91206
2024-04-23,0.91206,0.91302,0.9087,0.91188
2024-04-24,0.91188,0.91532,0.91132,0.91516
2024-04-25,0.91516,0.91569,0.91174,0.91223
2024-04-26,0.91223,0.91506,0.90963,0.91466
2024-04-29,0.91466,0.91533,0.90882,0.91056
2024-04-30,0.91056,0.91954,0.91004,0.91938
2024-05-01,0.91938,0.92244,0.91456,0.91584
2024-05-02,0.91584,0.91738,0.9098,0.91064
2024-05-03,0.91064,0.9107,0.90064,0.90508
2024-05-06,0.90508,0.90664,0.9036,0.9062
2024-05-07,0.9062,0.90938,0.90567,0.90838
2024-05-08,0.90838,0.9096,0.90734,0.90798
2024-05-09,0.90798,0.90989,0.9056,0.90594
2024-05-10,0.90594,0.90856,0.90547,0.90656
2024-05-13,0.90656,0.90874,0.90457,0.90827
2024-05-14,0.90827,0.91026,0.90551,0.9065
2024-05-15,0.9065,0.9071,0.90148,0.90222
2024-05-16,0.90222,0.9063,0.89882,0.90613
2024-05-17,0.90613,0.90984,0.90562,0.90926
2024-05-20,0.90926,0.91088,0.9079,0.9106
2024-05-21,0.9106,0.91166,0.90872,0.91098
2024-05-22,0.91098,0.91582,0.91054,0.91572
2024-05-23,0.91572,0.91572,0.91264,0.91434
2024-05-24,0.91434,0.91582,0.91338,0.91469
2024-05-27,0.91469,0.91538,0.91324,0.91364
2024-05-28,0.91364,0.91406,0.90856,0.91246
2024-05-29,0.91246,0.91436,0.91131,0.91328
2024-05-30,0.91328,0.9141,0.90313,0.90332
2024-05-31,0.90332,0.90694,0.90026,0.90226
2024-06-03,0.90226,0.90357,0.89504,0.89572
2024-06-04,0.89572,0.89726,0.88846,0.89019
2024-06-05,0.89019,0.8949,0.88974,0.89349
2024-06-06,0.89349,0.8937,0.88922,0.88927
2024-06-07,0.88927,0.8973,0.8881,0.89664
2024-06-10,0.89664,0.8983,0.89546,0.89652
2024-06-11,0.89652,0.89934,0.89587,0.89766
2024-06-12,0.89766,0.89834,0.88933,0.89443
2024-06-13,0.89443,0.89674,0.89318,0.8938
2024-06-14,0.8938,0.89478,0.88947,0.89012
2024-06-17,0.89012,0.89324,0.88946,0.88956
2024-06-18,0.88948,0.89002,0.88268,0.88416
2024-06-19,0.88415,0.88546,0.8834,0.88456
2024-06-20,0.88441,0.89262,0.88324,0.89138
2024-06-21,0.89094,0.8947,0.8905,0.89412
2024-06-24,0.89361,0.89452,0.89217,0.89288
2024-06-25,0.89301,0.89528,0.89132,0.8948
2024-06-26,0.89478,0.89832,0.89443,0.8974
2024-06-27,0.89698,0.8989,0.89574,0.89884
2024-06-28,0.89868,0.90099,0.89794,0.89868
2024-07-01,0.89886,0.90448,0.89794,0.90277
2024-07-02,0.903,0.905,0.9026,0.90393
2024-07-03,0.9036,0.90504,0.89854,0.90148
2024-07-04,0.90143,0.90396,0.89918,0.9
2024-07-05,0.90011,0.9007,0.8954,0.89576
2024-07-08,0.89594,0.8977,0.89436,0.89765
2024-07-09,0.89785,0.89906,0.89686,0.8978
2024-07-10,0.89758,0.90011,0.89641,0.89958
2024-07-11,0.89956,0.89981,0.89152,0.8964
2024-07-12,0.89646,0.89706,0.89326,0.8944
2024-07-15,0.8945,0.89724,0.89342,0.89577
2024-07-16,0.8958,0.89792,0.89352,0.89384
2024-07-17,0.89372,0.89451,0.88274,0.88343
2024-07-18,0.88336,0.88788,0.882,0.88775
2024-07-19,0.88653,0.89,0.88653,0.88901
2024-07-22,0.88851,0.89024,0.88712,0.88967
2024-07-23,0.88978,0.89239,0.88886,0.89137
2024-07-24,0.89125,0.89215,0.8829,0.88518
2024-07-25,0.88484,0.88558,0.8777,0.88162
2024-07-26,0.88158,0.88446,0.88024,0.88364
2024-07-29,0.88388,0.88716,0.88204,0.88606
2024-07-30,0.88644,0.88756,0.88256,0.88268
2024-07-31,0.88296,0.88343,0.87706,0.87804
2024-08-01,0.87828,0.87844,0.87262,0.87294
2024-08-02,0.87319,0.8734,0.85739,0.85798
2024-08-05,0.8606,0.8606,0.84323,0.8524
2024-08-06,0.85245,0.85719,0.85012,0.85124
2024-08-07,0.85142,0.86624,0.85142,0.8617
2024-08-08,0.86168,0.86744,0.856,0.86675
2024-08-09,0.86674,0.8672,0.86322,0.86518
2024-08-12,0.86446,0.8712,0.86424,0.86522
2024-08-13,0.86545,0.86801,0.86372,0.8649
2024-08-14,0.86496,0.86614,0.86172,0.86516
2024-08-15,0.86504,0.87486,0.86471,0.87258
2024-08-16,0.87278,0.87288,0.86598,0.86616
2024-08-19,0.86614,0.86776,0.86158,0.8629
2024-08-20,0.86302,0.86324,0.854,0.85408
2024-08-21,0.85407,0.85616,0.84953,0.85169
2024-08-22,0.85168,0.85342,0.84892,0.85224
2024-08-23,0.85197,0.85417,0.84706,0.84778
2024-08-26,0.84784,0.84859,0.84559,0.84731
2024-08-27,0.84732,0.84844,0.84092,0.84156
2024-08-28,0.84189,0.84523,0.84095,0.84224
2024-08-29,0.84259,0.84936,0.84002,0.84739
2024-08-30,0.84679,0.85107,0.84664,0.85008
2024-09-02,0.8496,0.85375,0.84851,0.85168
2024-09-03,0.85186,0.85376,0.84782,0.85039
2024-09-04,0.85031,0.85188,0.84632,0.84651
2024-09-05,0.84666,0.84911,0.84338,0.84406
2024-09-06,0.84426,0.84759,0.83746,0.84312
2024-09-09,0.84389,0.84944,0.84271,0.84936
2024-09-10,0.84931,0.84988,0.84565,0.84697
2024-09-11,0.84718,0.85316,0.84221,0.85222
2024-09-12,0.85202,0.85498,0.85067,0.85113
2024-09-13,0.85138,0.8517,0.84439,0.8492
2024-09-16,0.8479,0.84876,0.84345,0.84476
2024-09-17,0.84475,0.84771,0.84299,0.84721
2024-09-18,0.84719,0.848,0.8391,0.84624
2024-09-19,0.84642,0.8515,0.84492,0.84771
2024-09-20,0.84745,0.85171,0.84516,0.85024
2024-09-23,0.84999,0.8518,0.84564,0.8476
2024-09-24,0.84787,0.84902,0.84309,0.84334
2024-09-25,0.84372,0.85072,0.84152,0.85042
2024-09-26,0.84971,0.85164,0.8453,0.84619
2024-09-27,0.84598,0.84932,0.84018,0.84044
2024-09-30,0.84103,0.84739,0.84035,0.8456
2024-10-01,0.84598,0.84822,0.84316,0.84656
2024-10-02,0.8466,0.85078,0.8449,0.84982
2024-10-03,0.84993,0.8543,0.8491,0.85281
2024-10-04,0.85256,0.86079,0.85001,0.85813
2024-10-07,0.8586,0.85982,0.85342,0.85441
2024-10-08,0.85507,0.85843,0.85304,0.85726
2024-10-09,0.85712,0.86106,0.85656,0.8608
2024-10-10,0.86062,0.86147,0.85586,0.85623
2024-10-11,0.85642,0.85847,0.8559,0.8572
2024-10-14,0.85729,0.86418,0.85692,0.86242
2024-10-15,0.86334,0.86371,0.86066,0.86221
2024-10-16,0.8621,0.8658,0.86143,0.86554
2024-10-17,0.86533,0.86699,0.863,0.86601
2024-10-18,0.86603,0.86696,0.8646,0.86476
2024-10-21,0.86448,0.8664,0.86332,0.86616
2024-10-22,0.86608,0.86631,0.86452,0.86536
2024-10-23,0.86538,0.86862,0.86509,0.86644
2024-10-24,0.86619,0.86716,0.86508,0.8658
2024-10-25,0.86556,0.86747,0.86504,0.86687
2024-10-28,0.86776,0.87,0.86468,0.8653
2024-10-29,0.86528,0.86986,0.86436,0.86728
2024-10-30,0.86747,0.8694,0.8654,0.86658
2024-10-31,0.86661,0.86674,0.8633,0.86349
2024-11-01,0.86362,0.87116,0.8632,0.86982
2024-11-04,0.86752,0.86812,0.8615,0.86416
2024-11-05,0.8644,0.86478,0.86162,0.86326
2024-11-06,0.86352,0.87736,0.86199,0.8766
2024-11-07,0.87616,0.87747,0.87096,0.87238
2024-11-08,0.87241,0.87691,0.87012,0.87558
2024-11-11,0.87606,0.881,0.87518,0.88092
2024-11-12,0.88036,0.88364,0.88028,0.88172
2024-11-13,0.88168,0.88638,0.87978,0.88602
2024-11-14,0.88553,0.8918,0.88534,0.89041
2024-11-15,0.89034,0.89078,0.88592,0.88816
2024-11-18,0.88777,0.88874,0.88293,0.8832
2024-11-19,0.88346,0.8845,0.88012,0.88237
2024-11-20,0.88236,0.88624,0.88176,0.8842
2024-11-21,0.88422,0.88702,0.88211,0.88677
2024-11-22,0.88662,0.8958,0.88518,0.89408
2024-11-25,0.89048,0.89204,0.88486,0.88628
2024-11-26,0.88666,0.8895,0.88422,0.88652
2024-11-27,0.88636,0.88674,0.87977,0.88192
2024-11-28,0.88156,0.88484,0.88128,0.88309
2024-11-29,0.88308,0.88314,0.87955,0.88133
2024-12-02,0.88038,0.88898,0.88038,0.88652
2024-12-03,0.88669,0.88887,0.88297,0.88642
2024-12-04,0.8862,0.88798,0.88267,0.88444
2024-12-05,0.88424,0.88533,0.87792,0.87856
2024-12-06,0.87872,0.87974,0.87355,0.87874
2024-12-09,0.87866,0.88042,0.87588,0.87881
2024-12-10,0.87861,0.88328,0.8771,0.88288
2024-12-11,0.88278,0.88544,0.8811,0.88419
2024-12-12,0.88437,0.89278,0.88166,0.89232
2024-12-13,0.89213,0.8946,0.89149,0.8929
2024-12-16,0.89292,0.89488,0.88987,0.89455
2024-12-17,0.89419,0.8975,0.89148,0.89278
2024-12-18,0.89274,0.90206,0.89174,0.90114
2024-12-19,0.90115,0.9022,0.8952,0.89878
2024-12-20,0.89883,0.89928,0.89137,0.89312
2024-12-23,0.89241,0.9002,0.89194,0.89858
2024-12-24,0.89898,0.90123,0.89825,0.90035
2024-12-26,0.89998,0.90104,0.89848,0.89869
2024-12-27,0.89884,0.90276,0.89853,0.9017
2024-12-30,0.90149,0.9074,0.90101,0.90372
2024-12-31,0.9042,0.90808,0.90232,0.90754
2025-01-02,0.90656,0.91372,0.90392,0.9123
2025-01-03,0.91188,0.91248,0.90804,0.90846
2025-01-06,0.90874,0.91053,0.90084,0.9046
2025-01-07,0.90468,0.9098,0.90228,0.90974
2025-01-08,0.90954,0.91285,0.90874,0.91128
2025-01-09,0.91107,0.91312,0.90982,0.91224
2025-01-10,0.91174,0.9189,0.91147,0.91642
2025-01-13,0.91658,0.92013,0.91545,0.91705
2025-01-14,0.9166,0.91739,0.91218,0.91234
2025-01-15,0.91294,0.91468,0.90806,0.91266
2025-01-16,0.91301,0.91366,0.91,0.91072
2025-01-17,0.91071,0.91538,0.90966,0.915
2025-01-20,0.9132,0.91524,0.90557,0.9067
2025-01-21,0.90716,0.91148,0.90515,0.90586
2025-01-22,0.90593,0.90754,0.90328,0.9066
2025-01-23,0.90667,0.91088,0.90567,0.90736
2025-01-24,0.9073,0.90768,0.90276,0.90608
2025-01-27,0.90646,0.90732,0.89654,0.90202
2025-01-28,0.90192,0.9071,0.9015,0.90411
2025-01-29,0.90412,0.90954,0.90318,0.90686
2025-01-30,0.90703,0.91038,0.9059,0.9097
2025-01-31,0.9093,0.91158,0.90716,0.91132
2025-02-03,0.91486,0.91968,0.90929,0.9104
2025-02-04,0.91074,0.91316,0.90455,0.9051
2025-02-05,0.9051,0.90595,0.90016,0.90175
2025-02-06,0.90162,0.9062,0.9008,0.90494
2025-02-07,0.90489,0.91064,0.90458,0.90998
2025-02-10,0.91068,0.91225,0.90938,0.91138
2025-02-11,0.9108,0.91408,0.91068,0.91328
2025-02-12,0.91304,0.9156,0.91028,0.91359
2025-02-13,0.91328,0.91404,0.90282,0.9031
2025-02-14,0.90348,0.90493,0.89722,0.89952
2025-02-17,0.89858,0.90182,0.89835,0.90074
2025-02-18,0.90078,0.90413,0.89956,0.90339
2025-02-19,0.90324,0.90546,0.90235,0.90456
2025-02-20,0.90437,0.90466,0.89759,0.8979
2025-02-21,0.89841,0.90048,0.8968,0.89775
2025-02-24,0.8973,0.89985,0.89536,0.89709
2025-02-25,0.89722,0.89782,0.89124,0.89292
2025-02-26,0.89323,0.89648,0.89163,0.89463
2025-02-27,0.89466,0.90057,0.8939,0.89966
2025-02-28,0.8999,0.90362,0.89827,0.90329
2025-03-03,0.90272,0.90313,0.89606,0.89676
2025-03-04,0.8969,0.89746,0.88717,0.88952
2025-03-05,0.88956,0.89147,0.8856,0.8909
2025-03-06,0.89102,0.89258,0.88254,0.88374
2025-03-07,0.88452,0.88469,0.8767,0.87974
2025-03-10,0.88026,0.8822,0.87583,0.88085
2025-03-11,0.88078,0.88356,0.8773,0.88265
2025-03-12,0.88281,0.88523,0.88004,0.88174
2025-03-13,0.88184,0.88548,0.88038,0.88205
2025-03-14,0.8823,0.8864,0.88174,0.88502
2025-03-17,0.8849,0.88545,0.87978,0.88091
2025-03-18,0.88106,0.88186,0.87594,0.87672
2025-03-19,0.87709,0.88096,0.87631,0.8777
2025-03-20,0.87781,0.88428,0.87558,0.8818
2025-03-21,0.88233,0.88402,0.87966,0.88318
2025-03-24,0.8832,0.88458,0.87996,0.88297
2025-03-25,0.88338,0.88488,0.88004,0.88255
2025-03-26,0.88242,0.88506,0.88236,0.88372
2025-03-27,0.88386,0.8849,0.88039,0.8817
2025-03-28,0.88159,0.88356,0.87996,0.88084
2025-03-31,0.87985,0.88554,0.87812,0.88437
2025-04-01,0.8843,0.88456,0.8817,0.88366
2025-04-02,0.88312,0.88488,0.8813,0.88196
2025-04-03,0.882,0.88337,0.85471,0.85922
2025-04-04,0.85918,0.86256,0.84767,0.86075
2025-04-07,0.85521,0.86742,0.8451,0.86042
2025-04-08,0.86034,0.86112,0.84556,0.84774
2025-04-09,0.84775,0.85838,0.83594,0.85792
2025-04-10,0.85747,0.85795,0.82314,0.82375
2025-04-11,0.8236,0.82578,0.80994,0.81522
2025-04-14,0.81916,0.82686,0.81188,0.81489
2025-04-15,0.81561,0.81886,0.81381,0.81544