time,open,high,low,close
2002-05-07,1.56675,1.56675,1.56675,1.56675
2002-05-08,1.56675,1.57005,1.56675,1.57005
2002-05-09,1.57005,1.57005,1.56525,1.56525
2002-05-10,1.56525,1.56525,1.5585,1.5585
2002-05-13,1.5585,1.5585,1.55395,1.55395
2002-05-14,1.55395,1.5582,1.55395,1.5582
2002-05-15,1.5582,1.5582,1.5573,1.5573
2002-05-16,1.5573,1.5573,1.5547,1.5547
2002-05-20,1.5465,1.5465,1.5427,1.5427
2002-05-21,1.5427,1.5427,1.53725,1.53725
2002-05-22,1.53725,1.53725,1.53185,1.53185
2002-05-23,1.53185,1.536,1.53185,1.536
2002-05-24,1.536,1.536,1.533,1.533
2002-05-27,1.5329,1.5334,1.5329,1.5334
2002-05-28,1.5334,1.5334,1.5307,1.5307
2002-05-29,1.5307,1.5349,1.5307,1.5349
2002-05-30,1.5349,1.5349,1.5347,1.5347
2002-05-31,1.5347,1.5347,1.5282,1.5282
2002-06-03,1.5368,1.5368,1.52715,1.52715
2002-06-04,1.52715,1.53165,1.52715,1.53165
2002-06-05,1.53165,1.53175,1.53165,1.53175
2002-06-06,1.53175,1.53325,1.53175,1.53325
2002-06-10,1.5329,1.53945,1.5329,1.53945
2002-06-11,1.53945,1.53945,1.53595,1.53595
2002-06-12,1.53595,1.53595,1.53535,1.53535
2002-06-13,1.53535,1.53985,1.53535,1.53985
2002-06-14,1.53985,1.5467,1.53985,1.5467
2002-06-17,1.5464,1.5464,1.54635,1.54635
2002-06-18,1.54635,1.54635,1.5456,1.5456
2002-06-19,1.5456,1.5456,1.5407,1.5407
2002-06-20,1.5407,1.5407,1.5279,1.5279
2002-06-21,1.5279,1.5279,1.5204,1.5204
2002-06-24,1.5209,1.5209,1.52065,1.52065
2002-06-25,1.52065,1.52065,1.51505,1.51505
2002-06-26,1.51505,1.51885,1.51505,1.51885
2002-06-27,1.51885,1.51885,1.51065,1.51065
2002-06-28,1.51065,1.5188,1.51065,1.5188
2002-07-01,1.5188,1.5188,1.51635,1.51635
2002-07-02,1.51635,1.52665,1.51635,1.52665
2002-07-03,1.52665,1.5314,1.52665,1.5314
2002-07-04,1.5314,1.5314,1.52785,1.52785
2002-07-05,1.52785,1.52785,1.5224,1.5224
2002-07-08,1.5225,1.52355,1.5225,1.52355
2002-07-09,1.52355,1.52355,1.51195,1.51195
2002-07-10,1.51195,1.52025,1.51195,1.52025
2002-07-11,1.52025,1.52545,1.52025,1.52545
2002-07-12,1.52545,1.5335,1.52545,1.5335
2002-07-15,1.5331,1.53875,1.5331,1.53875
2002-07-16,1.53875,1.53895,1.53875,1.53895
2002-07-17,1.53895,1.53975,1.53895,1.53975
2002-07-18,1.53975,1.5449,1.53975,1.5449
2002-07-19,1.5449,1.5449,1.543,1.543
2002-07-22,1.5431,1.56495,1.5431,1.56495
2002-07-23,1.56495,1.5837,1.56495,1.5837
2002-07-24,1.5837,1.5837,1.56305,1.56305
2002-07-25,1.56305,1.5684,1.56305,1.5684
2002-07-26,1.5684,1.5865,1.5684,1.5865
2002-07-29,1.5862,1.5862,1.5724,1.5724
2002-07-30,1.5724,1.5752,1.5724,1.5752
2002-07-31,1.5752,1.584,1.5752,1.584
2002-08-01,1.584,1.59055,1.584,1.59055
2002-08-02,1.59055,1.59055,1.5847,1.5847
2002-08-05,1.5838,1.59635,1.5838,1.59635
2002-08-06,1.59635,1.59635,1.58415,1.58415
2002-08-07,1.58415,1.58415,1.57635,1.57635
2002-08-08,1.57635,1.57965,1.57635,1.57965
2002-08-09,1.57965,1.57965,1.5732,1.5732
2002-08-12,1.5733,1.57395,1.5733,1.57395
2002-08-13,1.57395,1.57395,1.56395,1.56395
2002-08-14,1.56395,1.56395,1.56385,1.56385
2002-08-15,1.56385,1.56385,1.55885,1.55885
2002-08-16,1.55885,1.559,1.55885,1.559
2002-08-19,1.559,1.5747,1.559,1.5747
2002-08-20,1.5747,1.5747,1.5679,1.5679
2002-08-21,1.5679,1.5679,1.55655,1.55655
2002-08-22,1.55655,1.55985,1.55655,1.55985
2002-08-23,1.55985,1.55985,1.5567,1.5567
2002-08-26,1.5564,1.5564,1.55535,1.55535
2002-08-27,1.55535,1.55535,1.55425,1.55425
2002-08-28,1.55425,1.55915,1.55425,1.55915
2002-08-29,1.55915,1.55915,1.55895,1.55895
2002-08-30,1.55895,1.559,1.55895,1.559
2002-09-02,1.559,1.559,1.55685,1.55685
2002-09-03,1.55685,1.55685,1.55305,1.55305
2002-09-04,1.55305,1.56645,1.55305,1.56645
2002-09-05,1.56645,1.57235,1.56645,1.57235
2002-09-09,1.5591,1.56355,1.5591,1.56355
2002-09-10,1.56355,1.57275,1.56355,1.57275
2002-09-12,1.57275,1.58705,1.57275,1.58705
2002-09-13,1.58705,1.58705,1.58,1.58
2002-09-16,1.58,1.58115,1.58,1.58115
2002-09-17,1.58115,1.58115,1.58115,1.58115
2002-09-18,1.58115,1.58115,1.57885,1.57885
2002-09-19,1.57885,1.57885,1.57395,1.57395
2002-09-20,1.57395,1.57395,1.5735,1.5735
2002-09-23,1.5736,1.58205,1.5736,1.58205
2002-09-24,1.58205,1.58715,1.58205,1.58715
2002-09-25,1.58715,1.58715,1.57945,1.57945
2002-09-26,1.57945,1.57945,1.57485,1.57485
2002-09-27,1.57485,1.5789,1.57485,1.5789
2002-09-30,1.5785,1.58695,1.5785,1.58695
2002-10-01,1.58695,1.58695,1.58155,1.58155
2002-10-02,1.58155,1.58945,1.58155,1.58945
2002-10-03,1.58945,1.59165,1.58945,1.59165
2002-10-04,1.59165,1.5919,1.59165,1.5919
2002-10-07,1.5921,1.59565,1.5921,1.59565
2002-10-08,1.59565,1.59795,1.59565,1.59795
2002-10-09,1.59795,1.59795,1.59695,1.59695
2002-10-10,1.59695,1.59695,1.58985,1.58985
2002-10-11,1.58985,1.58985,1.5869,1.5869
2002-10-14,1.5867,1.5867,1.58605,1.58605
2002-10-15,1.58605,1.58725,1.58605,1.58725
2002-10-16,1.58725,1.58725,1.58375,1.58375
2002-10-17,1.58375,1.58375,1.56975,1.56975
2002-10-18,1.56975,1.5736,1.56975,1.5736
2002-10-21,1.5741,1.5741,1.5642,1.5642
2002-10-22,1.5642,1.5689,1.5642,1.5689
2002-10-23,1.5689,1.5689,1.5643,1.5643
2002-10-24,1.5643,1.5651,1.5643,1.5651
2002-10-25,1.5651,1.5674,1.5651,1.5674
2002-10-28,1.5674,1.5674,1.55835,1.55835
2002-10-29,1.55835,1.56255,1.55835,1.56255
2002-10-30,1.56255,1.56585,1.56255,1.56585
2002-10-31,1.56585,1.56585,1.55765,1.55765
2002-11-01,1.55765,1.5578,1.55765,1.5578
2002-11-04,1.5584,1.5584,1.55435,1.55435
2002-11-05,1.55435,1.55665,1.55435,1.55665
2002-11-06,1.55665,1.55665,1.55395,1.55395
2002-11-07,1.55395,1.557,1.55395,1.557
2002-11-08,1.557,1.5646,1.557,1.5646
2002-11-11,1.5641,1.5698,1.5641,1.5698
2002-11-12,1.5698,1.5775,1.5698,1.5775
2002-11-13,1.5775,1.5775,1.5747,1.5747
2002-11-14,1.5747,1.5751,1.5747,1.5751
2002-11-15,1.5751,1.5843,1.5751,1.5843
2002-11-18,1.5837,1.5905,1.5837,1.5905
2002-11-19,1.5905,1.5905,1.58445,1.58445
2002-11-20,1.58445,1.58585,1.58445,1.58585
2002-11-21,1.58585,1.58585,1.5777,1.5777
2002-11-22,1.5777,1.5783,1.5777,1.5783
2002-11-25,1.5771,1.5771,1.5738,1.5738
2002-11-26,1.5738,1.5758,1.5738,1.5758
2002-11-27,1.5758,1.5758,1.57285,1.57285
2002-11-28,1.57285,1.57285,1.57285,1.57285
2002-11-29,1.57285,1.57285,1.565,1.565
2002-12-02,1.5631,1.5631,1.5562,1.5562
2002-12-03,1.5562,1.557,1.5562,1.557
2002-12-04,1.557,1.5602,1.557,1.5602
2002-12-05,1.5602,1.5613,1.5602,1.5613
2002-12-06,1.5613,1.5656,1.5613,1.5656
2002-12-09,1.5649,1.5649,1.5627,1.5627
2002-12-10,1.5627,1.5627,1.56065,1.56065
2002-12-11,1.56065,1.56065,1.5559,1.5559
2002-12-12,1.5559,1.5559,1.5544,1.5544
2002-12-13,1.5544,1.5609,1.5544,1.5609
2002-12-16,1.5613,1.5613,1.5612,1.5612
2002-12-17,1.5612,1.5612,1.54885,1.54885
2002-12-18,1.54885,1.55215,1.54885,1.55215
2002-12-19,1.55215,1.55285,1.55215,1.55285
2002-12-20,1.55285,1.55285,1.5497,1.5497
2002-12-23,1.5507,1.55225,1.5507,1.55225
2002-12-24,1.55225,1.55225,1.5478,1.5478
2002-12-25,1.5478,1.5479,1.5478,1.5479
2002-12-26,1.5479,1.5582,1.5479,1.5582
2002-12-27,1.5582,1.5697,1.5582,1.5697
2002-12-30,1.5681,1.5694,1.5681,1.5694
2003-01-01,1.5694,1.573,1.5694,1.573
2003-01-02,1.573,1.573,1.56705,1.56705
2003-01-03,1.56705,1.56705,1.5646,1.5646
2003-01-06,1.5642,1.5642,1.55945,1.55945
2003-01-07,1.55945,1.5627,1.55945,1.5627
2003-01-08,1.5627,1.5627,1.5617,1.5617
2003-01-09,1.5617,1.5617,1.5515,1.5515
2003-01-10,1.5515,1.5515,1.5454,1.5454
2003-01-13,1.5464,1.5464,1.54155,1.54155
2003-01-14,1.54155,1.54155,1.54055,1.54055
2003-01-15,1.54055,1.54055,1.53685,1.53685
2003-01-16,1.53685,1.53685,1.5346,1.5346
2003-01-17,1.5346,1.5354,1.5346,1.5354
2003-01-20,1.5349,1.5356,1.5349,1.5356
2003-01-21,1.5356,1.5356,1.5325,1.5325
2003-01-22,1.5325,1.5325,1.53185,1.53185
2003-01-23,1.53185,1.53185,1.52475,1.52475
2003-01-24,1.52475,1.52475,1.5184,1.5184
2003-01-27,1.5187,1.52455,1.5187,1.52455
2003-01-28,1.52455,1.52835,1.52455,1.52835
2003-01-29,1.52835,1.52835,1.52225,1.52225
2003-01-30,1.52225,1.5282,1.52225,1.5282
2003-01-31,1.5282,1.5282,1.5218,1.5218
2003-02-03,1.5206,1.5206,1.51695,1.51695
2003-02-04,1.51695,1.51695,1.51465,1.51465
2003-02-05,1.51465,1.52125,1.51465,1.52125
2003-02-06,1.52125,1.52125,1.5174,1.5174
2003-02-07,1.5174,1.5208,1.5174,1.5208
2003-02-10,1.5209,1.52965,1.5209,1.52965
2003-02-11,1.52965,1.52965,1.52925,1.52925
2003-02-12,1.52925,1.52925,1.52915,1.52915
2003-02-13,1.52915,1.52915,1.51775,1.51775
2003-02-14,1.51775,1.523,1.51775,1.523
2003-02-17,1.5224,1.5224,1.52105,1.52105
2003-02-18,1.52105,1.52105,1.51695,1.51695
2003-02-19,1.51695,1.51695,1.51285,1.51285
2003-02-20,1.51285,1.51285,1.50505,1.50505
2003-02-21,1.50505,1.50505,1.505,1.505
2003-02-24,1.505,1.505,1.49175,1.49175
2003-02-25,1.49175,1.49405,1.49175,1.49405
2003-02-26,1.49405,1.49465,1.49405,1.49465
2003-02-27,1.49465,1.49465,1.4937,1.4937
2003-02-28,1.4937,1.4937,1.4841,1.4841
2003-03-03,1.4837,1.4837,1.4836,1.4836
2003-03-04,1.4836,1.4836,1.47865,1.47865
2003-03-05,1.47865,1.47865,1.46895,1.46895
2003-03-06,1.46895,1.47065,1.46895,1.47065
2003-03-07,1.47065,1.47065,1.4656,1.4656
2003-03-10,1.4658,1.4658,1.46525,1.46525
2003-03-11,1.46525,1.47205,1.46525,1.47205
2003-03-12,1.47205,1.47505,1.47205,1.47505
2003-03-13,1.47505,1.48405,1.47505,1.48405
2003-03-14,1.48405,1.48405,1.4732,1.4732
2003-03-17,1.4732,1.48005,1.4732,1.48005
2003-03-18,1.48005,1.48005,1.47455,1.47455
2003-03-19,1.47455,1.48255,1.47455,1.48255
2003-03-20,1.48255,1.48255,1.48125,1.48125
2003-03-21,1.48125,1.4944,1.48125,1.4944
2003-03-24,1.4918,1.4918,1.48005,1.48005
2003-03-25,1.48005,1.48005,1.47605,1.47605
2003-03-26,1.47605,1.47605,1.46955,1.46955
2003-03-27,1.46955,1.46955,1.46285,1.46285
2003-03-28,1.46285,1.4719,1.46285,1.4719
2003-03-31,1.4714,1.4714,1.46775,1.46775
2003-04-01,1.46775,1.474,1.46775,1.474
2003-04-02,1.474,1.474,1.47005,1.47005
2003-04-03,1.47005,1.47345,1.47005,1.47345
2003-04-04,1.47345,1.47345,1.4719,1.4719
2003-04-07,1.4744,1.47735,1.4744,1.47735
2003-04-08,1.47735,1.47735,1.46795,1.46795
2003-04-09,1.46795,1.46795,1.46605,1.46605
2003-04-10,1.46605,1.46605,1.45375,1.45375
2003-04-11,1.45375,1.45375,1.4532,1.4532
2003-04-14,1.4531,1.45455,1.4531,1.45455
2003-04-15,1.45455,1.45455,1.44975,1.44975
2003-04-16,1.44975,1.45495,1.44975,1.45495
2003-04-17,1.45495,1.45495,1.45065,1.45065
2003-04-18,1.45065,1.45065,1.4505,1.4505
2003-04-21,1.4505,1.4545,1.4505,1.4545
2003-04-22,1.4545,1.4545,1.4471,1.4471
2003-04-23,1.4471,1.45145,1.4471,1.45145
2003-04-24,1.45145,1.45675,1.45145,1.45675
2003-04-25,1.45675,1.45675,1.4465,1.4465
2003-04-28,1.446,1.44765,1.446,1.44765
2003-04-29,1.44765,1.44765,1.44205,1.44205
2003-04-30,1.44205,1.44205,1.43315,1.43315
2003-05-01,1.43315,1.43315,1.4196,1.4196
2003-05-02,1.4196,1.4196,1.4184,1.4184
2003-05-05,1.419,1.419,1.41085,1.41085
2003-05-06,1.41085,1.41085,1.3925,1.3925
2003-05-07,1.3925,1.3968,1.3925,1.3968
2003-05-08,1.3968,1.3968,1.3931,1.3931
2003-05-09,1.3931,1.3934,1.3931,1.3934
2003-05-12,1.3898,1.3898,1.38805,1.38805
2003-05-13,1.38805,1.38805,1.38675,1.38675
2003-05-14,1.38675,1.38675,1.37395,1.37395
2003-05-15,1.37395,1.38065,1.37395,1.38065
2003-05-16,1.38065,1.38065,1.3661,1.3661
2003-05-19,1.35315,1.3634,1.35315,1.3634
2003-05-20,1.3634,1.3634,1.35035,1.35035
2003-05-21,1.35035,1.3509,1.35035,1.3509
2003-05-22,1.3509,1.3736,1.3509,1.3736
2003-05-23,1.3736,1.3746,1.3736,1.3746
2003-05-26,1.37975,1.37975,1.3727,1.3727
2003-05-27,1.3727,1.3756,1.3727,1.3756
2003-05-28,1.3756,1.38545,1.3756,1.38545
2003-05-29,1.38545,1.38545,1.36845,1.36845
2003-05-30,1.36845,1.36845,1.3668,1.3668
2003-06-02,1.37205,1.37205,1.36925,1.36925
2003-06-03,1.36925,1.36925,1.36625,1.36625
2003-06-04,1.36625,1.36625,1.36235,1.36235
2003-06-05,1.36235,1.36235,1.34205,1.34205
2003-06-06,1.34205,1.3593,1.34205,1.3593
2003-06-09,1.35995,1.35995,1.3575,1.3575
2003-06-10,1.3575,1.3624,1.3575,1.3624
2003-06-11,1.3624,1.3624,1.3511,1.3511
2003-06-12,1.3511,1.3511,1.3482,1.3482
2003-06-13,1.3482,1.3482,1.3338,1.3338
2003-06-16,1.33425,1.34425,1.33425,1.34425
2003-06-17,1.34425,1.34425,1.33595,1.33595
2003-06-18,1.33595,1.33595,1.33595,1.33595
2003-06-19,1.33595,1.34415,1.33595,1.34415
2003-06-20,1.34415,1.3597,1.34415,1.3597
2003-06-23,1.35955,1.35955,1.3592,1.3592
2003-06-24,1.3592,1.35925,1.3592,1.35925
2003-06-25,1.35925,1.35925,1.34695,1.34695
2003-06-26,1.34695,1.3571,1.34695,1.3571
2003-06-27,1.3571,1.3571,1.347,1.347
2003-06-30,1.34735,1.34735,1.34715,1.34715
2003-07-01,1.34715,1.3525,1.34715,1.3525
2003-07-02,1.3525,1.3525,1.3378,1.3378
2003-07-03,1.3378,1.3378,1.33615,1.33615
2003-07-04,1.33615,1.3402,1.33615,1.3402
2003-07-07,1.3402,1.34815,1.3402,1.34815
2003-07-08,1.34815,1.3638,1.34815,1.3638
2003-07-09,1.3638,1.37465,1.3638,1.37465
2003-07-10,1.37465,1.38295,1.37465,1.38295
2003-07-11,1.38295,1.38295,1.3767,1.3767
2003-07-14,1.37645,1.37645,1.37395,1.37395
2003-07-15,1.37395,1.39125,1.37395,1.39125
2003-07-16,1.39125,1.39125,1.38935,1.38935
2003-07-17,1.38935,1.39715,1.38935,1.39715
2003-07-18,1.39715,1.4067,1.39715,1.4067
2003-07-21,1.4079,1.4079,1.40555,1.40555
2003-07-22,1.40555,1.4167,1.40555,1.4167
2003-07-23,1.4167,1.4167,1.39755,1.39755
2003-07-24,1.39755,1.39755,1.39475,1.39475
2003-07-25,1.39475,1.39475,1.3805,1.3805
2003-07-28,1.3815,1.3863,1.3815,1.3863
2003-07-29,1.3863,1.3865,1.3863,1.3865
2003-07-30,1.3865,1.40115,1.3865,1.40115
2003-07-31,1.40115,1.40425,1.40115,1.40425
2003-08-01,1.40425,1.40425,1.3989,1.3989
2003-08-04,1.3988,1.40395,1.3988,1.40395
2003-08-05,1.40395,1.40395,1.39985,1.39985
2003-08-06,1.39985,1.4045,1.39985,1.4045
2003-08-07,1.4045,1.4045,1.39245,1.39245
2003-08-08,1.39245,1.39245,1.3916,1.3916
2003-08-11,1.3915,1.3915,1.3811,1.3811
2003-08-12,1.3811,1.38495,1.3811,1.38495
2003-08-13,1.38495,1.38495,1.37945,1.37945
2003-08-14,1.37945,1.39415,1.37945,1.39415
2003-08-15,1.39415,1.39415,1.3867,1.3867
2003-08-18,1.3868,1.3915,1.3868,1.3915
2003-08-19,1.3915,1.39585,1.3915,1.39585
2003-08-20,1.39585,1.4017,1.39585,1.4017
2003-08-21,1.4017,1.40685,1.4017,1.40685
2003-08-22,1.40685,1.40685,1.4011,1.4011
2003-08-25,1.402,1.402,1.40155,1.40155
2003-08-26,1.40155,1.40155,1.3938,1.3938
2003-08-27,1.3938,1.40245,1.3938,1.40245
2003-08-28,1.40245,1.40245,1.39515,1.39515
2003-08-29,1.39515,1.39515,1.3865,1.3865
2003-09-01,1.3849,1.3849,1.3785,1.3785
2003-09-02,1.3785,1.39355,1.3785,1.39355
2003-09-03,1.39355,1.39355,1.37885,1.37885
2003-09-04,1.37885,1.37885,1.37205,1.37205
2003-09-05,1.37205,1.37205,1.3685,1.3685
2003-09-08,1.3704,1.37455,1.3704,1.37455
2003-09-09,1.37455,1.37455,1.36695,1.36695
2003-09-10,1.36695,1.36805,1.36695,1.36805
2003-09-11,1.36805,1.37045,1.36805,1.37045
2003-09-12,1.37045,1.37045,1.3654,1.3654
2003-09-15,1.3651,1.36645,1.3651,1.36645
2003-09-16,1.36645,1.36905,1.36645,1.36905
2003-09-17,1.36905,1.36905,1.36655,1.36655
2003-09-18,1.36655,1.36655,1.36115,1.36115
2003-09-19,1.36115,1.36115,1.3487,1.3487
2003-09-22,1.3431,1.3506,1.3431,1.3506
2003-09-23,1.3506,1.357,1.3506,1.357
2003-09-24,1.357,1.357,1.34935,1.34935
2003-09-25,1.34935,1.34935,1.34915,1.34915
2003-09-26,1.34915,1.3532,1.34915,1.3532
2003-09-29,1.3539,1.3539,1.3515,1.3515
2003-09-30,1.3515,1.3521,1.3515,1.3521
2003-10-01,1.3521,1.3521,1.34725,1.34725
2003-10-02,1.34725,1.34725,1.34045,1.34045
2003-10-03,1.34045,1.3437,1.34045,1.3437
2003-10-06,1.34515,1.34515,1.3407,1.3407
2003-10-07,1.3407,1.3407,1.3319,1.3319
2003-10-08,1.3319,1.3344,1.3319,1.3344
2003-10-09,1.3344,1.3391,1.3344,1.3391
2003-10-10,1.3391,1.3391,1.3209,1.3209
2003-10-13,1.3198,1.3198,1.3197,1.3197
2003-10-14,1.3197,1.3241,1.3197,1.3241
2003-10-15,1.3241,1.3277,1.3241,1.3277
2003-10-16,1.3277,1.3277,1.31855,1.31855
2003-10-17,1.31855,1.31855,1.3157,1.3157
2003-10-20,1.3138,1.3204,1.3138,1.3204
2003-10-21,1.3204,1.3204,1.3159,1.3159
2003-10-22,1.3159,1.3159,1.3035,1.3035
2003-10-23,1.3035,1.30765,1.3035,1.30765
2003-10-24,1.30765,1.30765,1.3072,1.3072
2003-10-27,1.3075,1.3112,1.3075,1.3112
2003-10-28,1.3112,1.3112,1.3095,1.3095
2003-10-29,1.3095,1.3115,1.3095,1.3115
2003-10-30,1.3115,1.3157,1.3115,1.3157
2003-10-31,1.3157,1.3185,1.3157,1.3185
2003-11-03,1.3195,1.3329,1.3195,1.3329
2003-11-04,1.3329,1.3329,1.329,1.329
2003-11-05,1.329,1.3323,1.329,1.3323
2003-11-06,1.3323,1.33835,1.3323,1.33835
2003-11-07,1.33835,1.33835,1.3231,1.3231
2003-11-10,1.3225,1.3225,1.3123,1.3123
2003-11-11,1.3123,1.3123,1.3122,1.3122
2003-11-12,1.3122,1.3122,1.3041,1.3041
2003-11-13,1.3041,1.3041,1.29935,1.29935
2003-11-14,1.29935,1.3024,1.29935,1.3024
2003-11-17,1.3029,1.3126,1.3029,1.3126
2003-11-18,1.3126,1.3126,1.2995,1.2995
2003-11-19,1.2995,1.3049,1.2995,1.3049
2003-11-20,1.3049,1.3049,1.3018,1.3018
2003-11-21,1.3018,1.3023,1.3018,1.3023
2003-11-24,1.3017,1.3194,1.3017,1.3194
2003-11-25,1.3194,1.3194,1.3104,1.3104
2003-11-26,1.3104,1.3104,1.30415,1.30415
2003-11-27,1.30415,1.30735,1.30415,1.30735
2003-11-28,1.30735,1.30735,1.2988,1.2988
2003-12-01,1.2997,1.3034,1.2997,1.3034
2003-12-02,1.3034,1.3034,1.29815,1.29815
2003-12-03,1.29815,1.29955,1.29815,1.29955
2003-12-04,1.29955,1.31215,1.29955,1.31215
2003-12-05,1.31215,1.31215,1.3052,1.3052
2003-12-08,1.3049,1.3049,1.29835,1.29835
2003-12-09,1.29835,1.30835,1.29835,1.30835
2003-12-10,1.30835,1.30835,1.3078,1.3078
2003-12-11,1.3078,1.3184,1.3078,1.3184
2003-12-12,1.3184,1.3184,1.317,1.317
2003-12-15,1.32205,1.32205,1.3126,1.3126
2003-12-16,1.3126,1.32765,1.3126,1.32765
2003-12-17,1.32765,1.32765,1.32575,1.32575
2003-12-18,1.32575,1.32905,1.32575,1.32905
2003-12-19,1.32905,1.3373,1.32905,1.3373
2003-12-22,1.3344,1.3344,1.3298,1.3298
2003-12-23,1.3298,1.3298,1.32285,1.32285
2003-12-24,1.32285,1.32285,1.3083,1.3083
2003-12-25,1.3083,1.3104,1.3083,1.3104
2003-12-26,1.3104,1.3104,1.3068,1.3068
2003-12-29,1.3098,1.3108,1.3098,1.3108
2003-12-30,1.3108,1.3108,1.2943,1.2943
2003-12-31,1.2943,1.2943,1.2939,1.2939
2004-01-01,1.2939,1.2968,1.2939,1.2968
2004-01-02,1.2968,1.2968,1.2884,1.2884
2004-01-05,1.2877,1.2877,1.2822,1.2822
2004-01-06,1.2822,1.2857,1.2822,1.2857
2004-01-07,1.2857,1.2899,1.2857,1.2899
2004-01-08,1.2899,1.2899,1.2804,1.2804
2004-01-09,1.2804,1.2804,1.2713,1.2713
2004-01-12,1.2723,1.2761,1.2723,1.2761
2004-01-13,1.2761,1.2761,1.2717,1.2717
2004-01-14,1.2717,1.2884,1.2717,1.2884
2004-01-15,1.2884,1.2959,1.2884,1.2959
2004-01-16,1.2959,1.3002,1.2959,1.3002
2004-01-19,1.2988,1.3023,1.2988,1.3023
2004-01-20,1.3023,1.3023,1.2906,1.2906
2004-01-21,1.2906,1.3006,1.2906,1.3006
2004-01-22,1.3006,1.3006,1.2952,1.2952
2004-01-23,1.2952,1.3131,1.2952,1.3131
2004-01-26,1.3141,1.3142,1.3141,1.3142
2004-01-27,1.3142,1.3142,1.3052,1.3052
2004-01-28,1.3052,1.32515,1.3052,1.32515
2004-01-29,1.32515,1.3301,1.32515,1.3301
2004-01-30,1.3301,1.3301,1.3246,1.3246
2004-02-02,1.3241,1.3378,1.3241,1.3378
2004-02-03,1.3378,1.3378,1.33755,1.33755
2004-02-04,1.33755,1.33755,1.33305,1.33305
2004-02-05,1.33305,1.3386,1.33305,1.3386
2004-02-06,1.3386,1.3386,1.327,1.327
2004-02-09,1.3282,1.3282,1.3279,1.3279
2004-02-10,1.3279,1.3302,1.3279,1.3302
2004-02-11,1.3302,1.3302,1.31395,1.31395
2004-02-12,1.31395,1.3189,1.31395,1.3189
2004-02-13,1.3189,1.3189,1.3163,1.3163
2004-02-16,1.3161,1.3161,1.31595,1.31595
2004-02-17,1.31595,1.31595,1.3105,1.3105
2004-02-18,1.3105,1.32495,1.3105,1.32495
2004-02-19,1.32495,1.3304,1.32495,1.3304
2004-02-20,1.3304,1.337,1.3304,1.337
2004-02-23,1.3379,1.3379,1.3368,1.3368
2004-02-24,1.3368,1.3368,1.3289,1.3289
2004-02-25,1.3289,1.3353,1.3289,1.3353
2004-02-26,1.3353,1.3422,1.3353,1.3422
2004-02-27,1.3422,1.3422,1.3355,1.3355
2004-03-01,1.3347,1.3393,1.3347,1.3393
2004-03-02,1.3393,1.3426,1.3393,1.3426
2004-03-03,1.3426,1.3426,1.3389,1.3389
2004-03-04,1.3389,1.3389,1.333,1.333
2004-03-05,1.333,1.333,1.3217,1.3217
2004-03-08,1.3217,1.3217,1.3189,1.3189
2004-03-09,1.3189,1.3239,1.3189,1.3239
2004-03-10,1.3239,1.3239,1.32335,1.32335
2004-03-11,1.32335,1.32335,1.31965,1.31965
2004-03-12,1.31965,1.3355,1.31965,1.3355
2004-03-15,1.3338,1.3339,1.3338,1.3339
2004-03-16,1.3339,1.3339,1.3327,1.3327
2004-03-17,1.3327,1.3387,1.3327,1.3387
2004-03-18,1.3387,1.3387,1.32795,1.32795
2004-03-19,1.32795,1.3343,1.32795,1.3343
2004-03-22,1.3342,1.3342,1.3336,1.3336
2004-03-23,1.3336,1.3336,1.3326,1.3326
2004-03-24,1.3326,1.3413,1.3326,1.3413
2004-03-25,1.3413,1.3413,1.3293,1.3293
2004-03-26,1.3293,1.3293,1.3185,1.3185
2004-03-29,1.3193,1.3193,1.3083,1.3083
2004-03-30,1.3083,1.3083,1.3068,1.3068
2004-03-31,1.3068,1.3112,1.3068,1.3112
2004-04-01,1.3112,1.3112,1.3069,1.3069
2004-04-02,1.3069,1.3147,1.3069,1.3147
2004-04-05,1.3141,1.3141,1.314,1.314
2004-04-06,1.314,1.314,1.3085,1.3085
2004-04-07,1.3085,1.3089,1.3085,1.3089
2004-04-08,1.3089,1.3271,1.3089,1.3271
2004-04-09,1.3271,1.3297,1.3271,1.3297
2004-04-12,1.3289,1.3352,1.3289,1.3352
2004-04-13,1.3352,1.3352,1.3352,1.3352
2004-04-14,1.3352,1.3445,1.3352,1.3445
2004-04-15,1.3445,1.3445,1.3429,1.3429
2004-04-16,1.3429,1.3449,1.3429,1.3449
2004-04-19,1.346,1.346,1.3443,1.3443
2004-04-20,1.3443,1.3572,1.3443,1.3572
2004-04-21,1.3572,1.3588,1.3572,1.3588
2004-04-22,1.3588,1.3588,1.3556,1.3556
2004-04-23,1.3556,1.3616,1.3556,1.3616
2004-04-26,1.3606,1.3606,1.348,1.348
2004-04-27,1.348,1.3519,1.348,1.3519
2004-04-28,1.3519,1.37555,1.3519,1.37555
2004-04-29,1.37555,1.37555,1.37,1.37
2004-04-30,1.37,1.3723,1.37,1.3723
2004-05-03,1.3721,1.37255,1.3721,1.37255
2004-05-04,1.37255,1.37255,1.3694,1.3694
2004-05-05,1.3694,1.3739,1.3694,1.3739
2004-05-06,1.3739,1.3792,1.3739,1.3792
2004-05-07,1.3792,1.3827,1.3792,1.3827
2004-05-10,1.3842,1.3914,1.3842,1.3914
2004-05-11,1.3914,1.3914,1.3863,1.3863
2004-05-12,1.3863,1.3873,1.3863,1.3873
2004-05-13,1.3873,1.3933,1.3873,1.3933
2004-05-14,1.3933,1.3933,1.3894,1.3894
2004-05-17,1.3885,1.3968,1.3885,1.3968
2004-05-18,1.3968,1.3968,1.3909,1.3909
2004-05-19,1.3909,1.3909,1.3758,1.3758
2004-05-20,1.3758,1.3758,1.3675,1.3675
2004-05-21,1.3675,1.3732,1.3675,1.3732
2004-05-24,1.3731,1.3731,1.37095,1.37095
2004-05-25,1.37095,1.3718,1.37095,1.3718
2004-05-26,1.3718,1.3718,1.3707,1.3707
2004-05-27,1.3707,1.3707,1.3567,1.3567
2004-05-28,1.3567,1.3621,1.3567,1.3621
2004-05-31,1.3623,1.3623,1.36175,1.36175
2004-06-01,1.36175,1.3684,1.36175,1.3684
2004-06-02,1.3684,1.3684,1.36145,1.36145
2004-06-03,1.36145,1.3629,1.36145,1.3629
2004-06-04,1.3629,1.3629,1.3513,1.3513
2004-06-07,1.3515,1.3515,1.34685,1.34685
2004-06-08,1.34685,1.3494,1.34685,1.3494
2004-06-09,1.3494,1.3597,1.3494,1.3597
2004-06-10,1.3597,1.3604,1.3597,1.3604
2004-06-11,1.3604,1.3638,1.3604,1.3638
2004-06-14,1.3636,1.375,1.3636,1.375
2004-06-15,1.375,1.375,1.3685,1.3685
2004-06-16,1.3685,1.373,1.3685,1.373
2004-06-17,1.373,1.373,1.3711,1.3711
2004-06-18,1.3711,1.3711,1.3629,1.3629
2004-06-21,1.3634,1.3654,1.3634,1.3654
2004-06-22,1.3654,1.3654,1.3579,1.3579
2004-06-23,1.3579,1.3601,1.3579,1.3601
2004-06-24,1.3601,1.3601,1.3451,1.3451
2004-06-25,1.3451,1.3497,1.3451,1.3497
2004-06-28,1.3498,1.3498,1.3486,1.3486
2004-06-29,1.3486,1.3486,1.3445,1.3445
2004-06-30,1.3445,1.3445,1.33275,1.33275
2004-07-01,1.33275,1.33275,1.3327,1.3327
2004-07-02,1.3327,1.3327,1.324,1.324
2004-07-05,1.3236,1.32605,1.3236,1.32605
2004-07-06,1.32605,1.3281,1.32605,1.3281
2004-07-07,1.3281,1.3281,1.3202,1.3202
2004-07-08,1.3202,1.3202,1.3183,1.3183
2004-07-09,1.3183,1.3183,1.3181,1.3181
2004-07-12,1.3176,1.3176,1.3176,1.3176
2004-07-13,1.3176,1.3186,1.3176,1.3186
2004-07-14,1.3186,1.3224,1.3186,1.3224
2004-07-15,1.3224,1.32345,1.3224,1.32345
2004-07-16,1.32345,1.32345,1.3114,1.3114
2004-07-19,1.3097,1.3097,1.3077,1.3077
2004-07-20,1.3077,1.3138,1.3077,1.3138
2004-07-21,1.3138,1.3214,1.3138,1.3214
2004-07-22,1.3214,1.3214,1.31725,1.31725
2004-07-23,1.31725,1.3211,1.31725,1.3211
2004-07-26,1.3213,1.333,1.3213,1.333
2004-07-27,1.333,1.333,1.33155,1.33155
2004-07-28,1.33155,1.33155,1.3285,1.3285
2004-07-29,1.3285,1.3285,1.32455,1.32455
2004-07-30,1.32455,1.3313,1.32455,1.3313
2004-08-02,1.3285,1.33235,1.3285,1.33235
2004-08-03,1.33235,1.33235,1.31755,1.31755
2004-08-04,1.31755,1.31755,1.3159,1.3159
2004-08-05,1.3159,1.31875,1.3159,1.31875
2004-08-06,1.31875,1.31875,1.3126,1.3126
2004-08-09,1.3112,1.31755,1.3112,1.31755
2004-08-10,1.31755,1.32075,1.31755,1.32075
2004-08-11,1.32075,1.32475,1.32075,1.32475
2004-08-12,1.32475,1.33145,1.32475,1.33145
2004-08-13,1.33145,1.33145,1.3093,1.3093
2004-08-16,1.3088,1.3088,1.30675,1.30675
2004-08-17,1.30675,1.30765,1.30675,1.30765
2004-08-18,1.30765,1.30765,1.3039,1.3039
2004-08-19,1.3039,1.3039,1.2972,1.2972
2004-08-20,1.2972,1.2981,1.2972,1.2981
2004-08-23,1.2982,1.3073,1.2982,1.3073
2004-08-24,1.3073,1.3073,1.3067,1.3067
2004-08-25,1.3067,1.3067,1.3049,1.3049
2004-08-26,1.3049,1.30755,1.3049,1.30755
2004-08-27,1.30755,1.313,1.30755,1.313
2004-08-30,1.3132,1.318,1.3132,1.318
2004-08-31,1.318,1.318,1.3126,1.3126
2004-09-01,1.3126,1.3126,1.3074,1.3074
2004-09-02,1.3074,1.3074,1.2995,1.2995
2004-09-03,1.2995,1.3003,1.2995,1.3003
2004-09-06,1.3001,1.3001,1.2985,1.2985
2004-09-07,1.2985,1.2985,1.2871,1.2871
2004-09-08,1.2871,1.2901,1.2871,1.2901
2004-09-09,1.2901,1.2901,1.2887,1.2887
2004-09-10,1.2887,1.2915,1.2887,1.2915
2004-09-13,1.2912,1.3014,1.2912,1.3014
2004-09-14,1.3014,1.3014,1.2932,1.2932
2004-09-15,1.2932,1.2963,1.2932,1.2963
2004-09-16,1.2963,1.2963,1.2905,1.2905
2004-09-17,1.2905,1.2975,1.2905,1.2975
2004-09-20,1.2973,1.2973,1.2945,1.2945
2004-09-21,1.2945,1.2945,1.2874,1.2874
2004-09-22,1.2874,1.2874,1.282,1.282
2004-09-23,1.282,1.282,1.2797,1.2797
2004-09-24,1.2797,1.2797,1.2741,1.2741
2004-09-27,1.2752,1.2752,1.2726,1.2726
2004-09-28,1.2726,1.2726,1.2717,1.2717
2004-09-29,1.2717,1.2717,1.2708,1.2708
2004-09-30,1.2708,1.2708,1.2613,1.2613
2004-10-01,1.2613,1.2613,1.2613,1.2613
2004-10-04,1.2629,1.2717,1.2629,1.2717
2004-10-05,1.2717,1.2717,1.2613,1.2613
2004-10-06,1.2613,1.2613,1.2589,1.2589
2004-10-07,1.2589,1.2607,1.2589,1.2607
2004-10-08,1.2607,1.2607,1.2517,1.2517
2004-10-11,1.2508,1.2552,1.2508,1.2552
2004-10-12,1.2552,1.2553,1.2552,1.2553
2004-10-13,1.2553,1.2562,1.2553,1.2562
2004-10-14,1.2562,1.25695,1.2562,1.25695
2004-10-15,1.25695,1.25695,1.253,1.253
2004-10-18,1.2531,1.257,1.2531,1.257
2004-10-19,1.257,1.2585,1.257,1.2585
2004-10-20,1.2585,1.2585,1.2452,1.2452
2004-10-21,1.2452,1.2452,1.2436,1.2436
2004-10-22,1.2436,1.2436,1.2339,1.2339
2004-10-25,1.2329,1.2329,1.2212,1.2212
2004-10-26,1.2212,1.225,1.2212,1.225
2004-10-27,1.225,1.2256,1.225,1.2256
2004-10-28,1.2256,1.2256,1.223,1.223
2004-10-29,1.223,1.223,1.2177,1.2177
2004-11-01,1.2181,1.2226,1.2181,1.2226
2004-11-02,1.2226,1.2241,1.2226,1.2241
2004-11-03,1.2241,1.2241,1.209,1.209
2004-11-04,1.209,1.209,1.2074,1.2074
2004-11-05,1.2074,1.2074,1.1977,1.1977
2004-11-08,1.1945,1.1945,1.1939,1.1939
2004-11-09,1.1939,1.2001,1.1939,1.2001
2004-11-10,1.2001,1.2001,1.19405,1.19405
2004-11-11,1.19405,1.1959,1.19405,1.1959
2004-11-12,1.1959,1.1959,1.1927,1.1927
2004-11-15,1.1936,1.2006,1.1936,1.2006
2004-11-16,1.2006,1.2006,1.1958,1.1958
2004-11-17,1.1958,1.1958,1.1931,1.1931
2004-11-18,1.1931,1.206,1.1931,1.206
2004-11-19,1.206,1.206,1.193,1.193
2004-11-22,1.1935,1.1935,1.1866,1.1866
2004-11-23,1.1866,1.1866,1.1862,1.1862
2004-11-24,1.1862,1.1862,1.1807,1.1807
2004-11-25,1.1807,1.1807,1.1775,1.1775
2004-11-26,1.1775,1.1775,1.1759,1.1759
2004-11-29,1.1779,1.1863,1.1779,1.1863
2004-11-30,1.1863,1.1863,1.186,1.186
2004-12-01,1.186,1.186,1.1838,1.1838
2004-12-02,1.1838,1.1942,1.1838,1.1942
2004-12-03,1.1942,1.1942,1.1919,1.1919
2004-12-06,1.1911,1.2009,1.1911,1.2009
2004-12-07,1.2009,1.2079,1.2009,1.2079
2004-12-08,1.2079,1.2162,1.2079,1.2162
2004-12-09,1.2162,1.2205,1.2162,1.2205
2004-12-10,1.2205,1.2253,1.2205,1.2253
2004-12-13,1.2253,1.22805,1.2253,1.22805
2004-12-14,1.22805,1.2355,1.22805,1.2355
2004-12-15,1.2355,1.2355,1.2248,1.2248
2004-12-16,1.2248,1.2332,1.2248,1.2332
2004-12-17,1.2332,1.2332,1.2271,1.2271
2004-12-20,1.2277,1.2294,1.2277,1.2294
2004-12-21,1.2294,1.23085,1.2294,1.23085
2004-12-22,1.23085,1.24165,1.23085,1.24165
2004-12-23,1.24165,1.24165,1.23235,1.23235
2004-12-27,1.2306,1.2306,1.21905,1.21905
2004-12-28,1.21905,1.21905,1.21675,1.21675
2004-12-29,1.21675,1.21675,1.21025,1.21025
2004-12-30,1.21025,1.21025,1.20465,1.20465
2004-12-31,1.20465,1.20465,1.1996,1.1996
2005-01-03,1.2024,1.2127,1.2004,1.2077
2005-01-04,1.2077,1.2272,1.2059,1.2243
2005-01-05,1.2243,1.2328,1.2212,1.2256
2005-01-06,1.2256,1.2396,1.22385,1.2353
2005-01-07,1.2353,1.2382,1.223,1.2316
2005-01-10,1.2332,1.234,1.2184,1.2233
2005-01-11,1.2233,1.2243,1.2142,1.2194
2005-01-12,1.2194,1.2215,1.1947,1.202
2005-01-13,1.202,1.2059,1.1995,1.2023
2005-01-14,1.2023,1.2215,1.2021,1.2175
2005-01-17,1.2171,1.2186,1.2122,1.21755
2005-01-18,1.21755,1.2263,1.21745,1.2228
2005-01-19,1.2228,1.2311,1.2168,1.2277
2005-01-20,1.2277,1.2367,1.2266,1.2343
2005-01-21,1.2343,1.2354,1.2184,1.2223
2005-01-24,1.2216,1.2269,1.2144,1.2252
2005-01-25,1.2252,1.2409,1.2217,1.2359
2005-01-26,1.2359,1.2387,1.2278,1.2323
2005-01-27,1.2323,1.2429,1.2313,1.2374
2005-01-28,1.2374,1.247,1.237,1.2389
2005-01-31,1.2397,1.2447,1.2363,1.2399
2005-02-01,1.2399,1.2438,1.2345,1.2364
2005-02-02,1.2364,1.2416,1.2309,1.2384
2005-02-03,1.2384,1.2461,1.2376,1.2408
2005-02-04,1.2408,1.2503,1.23705,1.2496
2005-02-07,1.2496,1.2582,1.249,1.2551
2005-02-08,1.2551,1.2574,1.2455,1.2467
2005-02-09,1.2467,1.2524,1.2461,1.2477
2005-02-10,1.2477,1.256,1.2388,1.2423
2005-02-11,1.2423,1.2436,1.236,1.2363
2005-02-14,1.2363,1.2388,1.2291,1.233
2005-02-15,1.233,1.2372,1.2288,1.2304
2005-02-16,1.2304,1.2452,1.2291,1.2371
2005-02-17,1.2371,1.2383,1.2266,1.23
2005-02-18,1.23,1.2336,1.2279,1.2314
2005-02-21,1.2318,1.2362,1.2279,1.2332
2005-02-22,1.2332,1.2353,1.2232,1.2253
2005-02-23,1.2253,1.2469,1.2248,1.2452
2005-02-24,1.2452,1.24985,1.2386,1.2389
2005-02-25,1.2389,1.24515,1.2379,1.2385
2005-02-28,1.2394,1.2396,1.2276,1.2338
2005-03-01,1.2338,1.2448,1.2328,1.241
2005-03-02,1.241,1.2461,1.2378,1.2389
2005-03-03,1.2389,1.2494,1.2381,1.2439
2005-03-04,1.2439,1.2454,1.2292,1.2316
2005-03-07,1.2318,1.2351,1.228,1.2296
2005-03-08,1.2296,1.2302,1.2126,1.2129
2005-03-09,1.2129,1.2141,1.2001,1.207
2005-03-10,1.207,1.207,1.1996,1.2051
2005-03-11,1.2051,1.2119,1.2021,1.2065
2005-03-14,1.2057,1.2099,1.2033,1.2072
2005-03-15,1.2072,1.2089,1.1981,1.20725
2005-03-16,1.20725,1.20805,1.19985,1.20475
2005-03-17,1.20475,1.2094,1.1979,1.2012
2005-03-18,1.2012,1.2078,1.2001,1.2027
2005-03-21,1.2037,1.214,1.2021,1.2113
2005-03-22,1.2113,1.2128,1.1986,1.20865
2005-03-23,1.20865,1.2181,1.20765,1.2153
2005-03-24,1.2153,1.21965,1.2123,1.214
2005-03-25,1.214,1.219,1.213,1.2183
2005-03-28,1.2184,1.22645,1.21675,1.21845
2005-03-29,1.21845,1.21945,1.2083,1.2105
2005-03-30,1.2105,1.2183,1.2057,1.2168
2005-03-31,1.2168,1.2174,1.2084,1.2105
2005-04-01,1.2105,1.2185,1.20665,1.2143
2005-04-04,1.2151,1.2222,1.2149,1.222
2005-04-05,1.222,1.2256,1.2171,1.2178
2005-04-06,1.2178,1.225,1.2166,1.2223
2005-04-07,1.2223,1.2237,1.2178,1.2228
2005-04-08,1.2228,1.23215,1.22265,1.2289
2005-04-11,1.2288,1.2364,1.2238,1.2335
2005-04-12,1.2335,1.24215,1.2309,1.23765
2005-04-13,1.23765,1.2386,1.2333,1.2383
2005-04-14,1.2383,1.2457,1.2375,1.24175
2005-04-15,1.24175,1.2478,1.2396,1.2466
2005-04-18,1.2454,1.2498,1.2425,1.2479
2005-04-19,1.2479,1.2492,1.2369,1.237
2005-04-20,1.237,1.2451,1.2361,1.2422
2005-04-21,1.2422,1.2427,1.2357,1.2392
2005-04-22,1.2392,1.2406,1.2316,1.2348
2005-04-25,1.2332,1.2414,1.2331,1.23705
2005-04-26,1.23705,1.2491,1.23635,1.24505
2005-04-27,1.24505,1.2511,1.2424,1.24905
2005-04-28,1.24905,1.2538,1.24845,1.2522
2005-04-29,1.2522,1.2618,1.2462,1.2582
2005-05-02,1.2591,1.2638,1.2537,1.25405
2005-05-03,1.25405,1.2579,1.2514,1.25185
2005-05-04,1.25185,1.25435,1.2453,1.2458
2005-05-05,1.2458,1.24865,1.2429,1.24555
2005-05-06,1.24555,1.2476,1.2387,1.2424
2005-05-09,1.242,1.2439,1.2367,1.2378
2005-05-10,1.2378,1.2388,1.2358,1.2365
2005-05-11,1.2365,1.2499,1.2363,1.24825
2005-05-12,1.24825,1.2524,1.24715,1.2511
2005-05-13,1.2511,1.2658,1.2502,1.2653
2005-05-16,1.2654,1.27335,1.265,1.2694
2005-05-17,1.2694,1.2729,1.2634,1.265
2005-05-18,1.265,1.2667,1.2591,1.2595
2005-05-19,1.2595,1.2648,1.2583,1.2589
2005-05-20,1.2589,1.2675,1.2556,1.2661
2005-05-23,1.2662,1.26655,1.2563,1.2583
2005-05-24,1.2583,1.2638,1.2572,1.2595
2005-05-25,1.2595,1.266,1.2577,1.2644
2005-05-26,1.2644,1.2694,1.2635,1.2668
2005-05-27,1.2668,1.267,1.2515,1.2542
2005-05-30,1.2575,1.2595,1.25485,1.2561
2005-05-31,1.2561,1.2633,1.25055,1.25485
2005-06-01,1.25485,1.2573,1.2447,1.24835
2005-06-02,1.24835,1.2517,1.2457,1.2488
2005-06-03,1.2488,1.2509,1.2425,1.2468
2005-06-06,1.2476,1.24895,1.24365,1.2446
2005-06-07,1.2446,1.2509,1.2426,1.2459
2005-06-08,1.2459,1.2533,1.2431,1.2509
2005-06-09,1.2509,1.258,1.2497,1.257
2005-06-10,1.257,1.2587,1.2455,1.2517
2005-06-13,1.2509,1.2588,1.25,1.2553
2005-06-14,1.2553,1.2589,1.2517,1.2526
2005-06-15,1.2526,1.2538,1.2352,1.2363
2005-06-16,1.2363,1.2419,1.2351,1.2359
2005-06-17,1.2359,1.2392,1.2287,1.2293
2005-06-20,1.2313,1.237,1.22785,1.2354
2005-06-21,1.2354,1.243,1.2296,1.2318
2005-06-22,1.2318,1.2387,1.2315,1.2345
2005-06-23,1.2345,1.2381,1.2299,1.2324
2005-06-24,1.2324,1.2348,1.22675,1.2338
2005-06-27,1.2343,1.2377,1.2277,1.2302
2005-06-28,1.2302,1.2357,1.229,1.2324
2005-06-29,1.2324,1.2351,1.2234,1.2285
2005-06-30,1.2285,1.2339,1.2239,1.22505
2005-07-01,1.22505,1.24305,1.22475,1.2422
2005-07-04,1.2442,1.2479,1.23965,1.24045
2005-07-05,1.24045,1.24655,1.23835,1.24375
2005-07-06,1.24375,1.2445,1.2349,1.2374
2005-07-07,1.2374,1.23775,1.22715,1.22815
2005-07-08,1.22815,1.23055,1.2175,1.219
2005-07-11,1.2192,1.221,1.2108,1.21775
2005-07-12,1.21775,1.21785,1.2023,1.2034
2005-07-13,1.2034,1.20845,1.2023,1.2079
2005-07-14,1.2079,1.2133,1.2025,1.2125
2005-07-15,1.2125,1.2218,1.2087,1.2207
2005-07-18,1.2213,1.2226,1.2123,1.2163
2005-07-19,1.2163,1.2236,1.2162,1.2198
2005-07-20,1.2198,1.22455,1.2141,1.22055
2005-07-21,1.22055,1.22475,1.2109,1.21685
2005-07-22,1.21685,1.2229,1.2122,1.2194
2005-07-25,1.2189,1.2215,1.2155,1.2186
2005-07-26,1.2186,1.2314,1.2168,1.2301
2005-07-27,1.2301,1.2428,1.22965,1.2364
2005-07-28,1.2364,1.2384,1.2292,1.2297
2005-07-29,1.2297,1.2317,1.2218,1.2234
2005-08-01,1.2221,1.2262,1.2088,1.2121
2005-08-02,1.2121,1.21875,1.20675,1.21865
2005-08-03,1.21865,1.2194,1.20935,1.21665
2005-08-04,1.21665,1.218,1.21005,1.21365
2005-08-05,1.21365,1.2243,1.212,1.2163
2005-08-08,1.2164,1.21905,1.21035,1.21475
2005-08-09,1.21475,1.21835,1.21145,1.2121
2005-08-10,1.2121,1.21685,1.20945,1.21075
2005-08-11,1.21075,1.2121,1.19955,1.2002
2005-08-12,1.2002,1.2048,1.1925,1.1971
2005-08-15,1.1973,1.2016,1.1943,1.1999
2005-08-16,1.1999,1.2045,1.1972,1.1983
2005-08-17,1.1983,1.2137,1.198,1.2133
2005-08-18,1.2133,1.2219,1.2106,1.2188
2005-08-19,1.2188,1.2217,1.2096,1.2113
2005-08-22,1.2108,1.2132,1.2014,1.2022
2005-08-23,1.2022,1.2049,1.1964,1.1975
2005-08-24,1.1975,1.2025,1.1891,1.1908
2005-08-25,1.1908,1.193,1.1862,1.1921
2005-08-26,1.1921,1.2005,1.1906,1.1999
2005-08-29,1.1969,1.2007,1.1895,1.1979
2005-08-30,1.1979,1.2031,1.1899,1.1917
2005-08-31,1.1917,1.1937,1.1836,1.1878
2005-09-01,1.1878,1.1908,1.1809,1.1835
2005-09-02,1.1835,1.1917,1.182,1.188
2005-09-05,1.1884,1.19115,1.1838,1.18925
2005-09-06,1.18925,1.1943,1.1854,1.18915
2005-09-07,1.18915,1.1936,1.1845,1.1884
2005-09-08,1.1884,1.1894,1.1808,1.1814
2005-09-09,1.1814,1.1832,1.1729,1.178
2005-09-12,1.177,1.188,1.1763,1.1872
2005-09-13,1.1872,1.1882,1.1779,1.1817
2005-09-14,1.1817,1.1838,1.1783,1.1805
2005-09-15,1.1805,1.1897,1.1796,1.1849
2005-09-16,1.1849,1.1867,1.1781,1.1792
2005-09-19,1.1816,1.1831,1.1663,1.1681
2005-09-20,1.1681,1.17135,1.1653,1.1707
2005-09-21,1.1707,1.1723,1.16465,1.1679
2005-09-22,1.1679,1.1721,1.1623,1.1715
2005-09-23,1.1715,1.1758,1.1684,1.1703
2005-09-26,1.1728,1.1796,1.1694,1.1727
2005-09-27,1.1727,1.1808,1.1692,1.1777
2005-09-28,1.1777,1.182,1.1725,1.1743
2005-09-29,1.1743,1.1779,1.1691,1.1717
2005-09-30,1.1717,1.1739,1.1589,1.1632
2005-10-03,1.1624,1.1674,1.1623,1.1659
2005-10-04,1.1659,1.1735,1.1636,1.1729
2005-10-05,1.1729,1.1842,1.1709,1.1823
2005-10-06,1.1823,1.1867,1.1771,1.181
2005-10-07,1.181,1.1824,1.1731,1.1742
2005-10-10,1.1748,1.1772,1.1728,1.1761
2005-10-11,1.1761,1.1819,1.1737,1.1763
2005-10-12,1.1763,1.1782,1.1686,1.1707
2005-10-13,1.1707,1.1848,1.1704,1.1834
2005-10-14,1.1834,1.1894,1.1793,1.1868
2005-10-17,1.1863,1.1865,1.1777,1.1798
2005-10-18,1.1798,1.18785,1.1769,1.1778
2005-10-19,1.1778,1.1819,1.1738,1.1755
2005-10-20,1.1755,1.1795,1.1708,1.1783
2005-10-21,1.1783,1.1884,1.1744,1.188
2005-10-24,1.1884,1.1924,1.1847,1.1863
2005-10-25,1.1863,1.1882,1.174,1.175
2005-10-26,1.175,1.1787,1.1688,1.17
2005-10-27,1.17,1.1729,1.1642,1.1727
2005-10-28,1.1727,1.1793,1.1692,1.1771
2005-10-31,1.1778,1.1836,1.1731,1.182
2005-11-01,1.182,1.1846,1.1738,1.1753
2005-11-02,1.1753,1.1824,1.1743,1.1796
2005-11-03,1.1796,1.1829,1.1753,1.1814
2005-11-04,1.1814,1.1866,1.1717,1.1836
2005-11-07,1.1845,1.1913,1.1822,1.1873
2005-11-08,1.1873,1.1973,1.1843,1.1845
2005-11-09,1.1845,1.1909,1.1826,1.187
2005-11-10,1.187,1.1918,1.1802,1.1911
2005-11-11,1.1911,1.1928,1.1878,1.1897
2005-11-14,1.1896,1.1971,1.1882,1.1931
2005-11-15,1.1931,1.1977,1.1917,1.1928
2005-11-16,1.1928,1.1971,1.1899,1.1939
2005-11-17,1.1939,1.1946,1.1855,1.1875
2005-11-18,1.1875,1.1929,1.1863,1.1886
2005-11-21,1.1886,1.1909,1.1812,1.1825
2005-11-22,1.1825,1.186,1.1729,1.174
2005-11-23,1.174,1.1749,1.1705,1.1723
2005-11-24,1.1723,1.1736,1.1701,1.1719
2005-11-25,1.1719,1.1739,1.1677,1.1699
2005-11-28,1.169,1.1719,1.1646,1.1676
2005-11-29,1.1676,1.1711,1.1658,1.169
2005-11-30,1.169,1.1697,1.1644,1.1657
2005-12-01,1.1657,1.1736,1.1625,1.1663
2005-12-02,1.1663,1.1673,1.1604,1.1621
2005-12-05,1.1624,1.1628,1.1552,1.1574
2005-12-06,1.1574,1.1593,1.15335,1.1574
2005-12-07,1.1574,1.1641,1.1565,1.1598
2005-12-08,1.1598,1.1629,1.1573,1.1588
2005-12-09,1.1588,1.1615,1.1563,1.1574
2005-12-12,1.1577,1.1587,1.1502,1.1512
2005-12-13,1.1512,1.1539,1.1489,1.1502
2005-12-14,1.1502,1.1531,1.14275,1.1519
2005-12-15,1.1519,1.1614,1.1508,1.1583
2005-12-16,1.1583,1.16,1.1546,1.1591
2005-12-19,1.1597,1.1701,1.1581,1.1689
2005-12-20,1.1689,1.1753,1.166,1.1722
2005-12-21,1.1722,1.1747,1.1652,1.1654
2005-12-22,1.1654,1.1698,1.1634,1.1665
2005-12-23,1.1665,1.16985,1.1635,1.1657
2005-12-26,1.1657,1.1684,1.1651,1.1669
2005-12-27,1.1669,1.1747,1.1658,1.1745
2005-12-28,1.1745,1.1747,1.16165,1.16555
2005-12-29,1.16555,1.16785,1.16265,1.16415
2005-12-30,1.16415,1.17025,1.16075,1.1622
2006-01-02,1.1622,1.1658,1.1606,1.1633
2006-01-03,1.1633,1.1667,1.1531,1.156
2006-01-04,1.156,1.1578,1.1453,1.1477
2006-01-05,1.1477,1.1652,1.146,1.1621
2006-01-06,1.1621,1.1727,1.1615,1.1656
2006-01-09,1.1657,1.1748,1.164,1.1682
2006-01-10,1.1682,1.1709,1.16225,1.16565
2006-01-11,1.16565,1.16895,1.1572,1.159
2006-01-12,1.159,1.1654,1.1561,1.1628
2006-01-13,1.1628,1.164,1.15825,1.1604
2006-01-16,1.159,1.1613,1.1571,1.1584
2006-01-17,1.1584,1.1653,1.1561,1.1637
2006-01-18,1.1637,1.1738,1.1614,1.1708
2006-01-19,1.1708,1.1798,1.1627,1.1635
2006-01-20,1.1635,1.1662,1.1517,1.1526
2006-01-23,1.1531,1.1549,1.1473,1.1496
2006-01-24,1.1496,1.1583,1.1489,1.1516
2006-01-25,1.1516,1.154,1.1478,1.1506
2006-01-26,1.1506,1.1565,1.1484,1.1513
2006-01-27,1.1513,1.1519,1.1456,1.1496
2006-01-30,1.1485,1.1503,1.1432,1.1451
2006-01-31,1.1451,1.1472,1.1377,1.1391
2006-02-01,1.1391,1.1428,1.1384,1.1414
2006-02-02,1.1414,1.1463,1.1396,1.1449
2006-02-03,1.1449,1.1501,1.143,1.1444
2006-02-06,1.1438,1.1478,1.142,1.1468
2006-02-07,1.1468,1.1545,1.1454,1.1534
2006-02-08,1.1534,1.15625,1.1485,1.1493
2006-02-09,1.1493,1.1507,1.144,1.1455
2006-02-10,1.1455,1.1559,1.1443,1.1527
2006-02-13,1.1535,1.1573,1.1529,1.1553
2006-02-14,1.1553,1.1612,1.1514,1.153
2006-02-15,1.153,1.1592,1.1513,1.1563
2006-02-16,1.1563,1.1608,1.1561,1.1573
2006-02-17,1.1573,1.1593,1.1501,1.1503
2006-02-20,1.1506,1.1514,1.1464,1.1479
2006-02-21,1.1479,1.1493,1.1454,1.1467
2006-02-22,1.1467,1.1511,1.1464,1.1489
2006-02-23,1.1489,1.154,1.1465,1.1527
2006-02-24,1.1527,1.1557,1.1477,1.1485
2006-02-27,1.1494,1.151,1.1401,1.1409
2006-02-28,1.1409,1.1424,1.1353,1.137
2006-03-01,1.137,1.1394,1.1335,1.1349
2006-03-02,1.1349,1.1373,1.1299,1.1315
2006-03-03,1.1315,1.13645,1.1308,1.1343
2006-03-06,1.1342,1.1413,1.1334,1.1391
2006-03-07,1.1391,1.1514,1.139,1.1501
2006-03-08,1.1501,1.1586,1.1472,1.1562
2006-03-09,1.1562,1.1626,1.1527,1.16
2006-03-10,1.16,1.165,1.1585,1.1606
2006-03-13,1.16,1.1637,1.1568,1.1576
2006-03-14,1.1576,1.1616,1.1544,1.1573
2006-03-15,1.1573,1.158,1.1525,1.1546
2006-03-16,1.1546,1.16,1.1515,1.1524
2006-03-17,1.1524,1.1615,1.152,1.1586
2006-03-20,1.1588,1.1683,1.1573,1.161
2006-03-21,1.161,1.1665,1.1585,1.1644
2006-03-22,1.1644,1.1722,1.1626,1.1663
2006-03-23,1.1663,1.17,1.1644,1.1646
2006-03-24,1.1646,1.171,1.1644,1.1675
2006-03-27,1.168,1.1731,1.1665,1.1687
2006-03-28,1.1687,1.172,1.1645,1.1709
2006-03-29,1.1709,1.1746,1.1692,1.1719
2006-03-30,1.1719,1.1731,1.159,1.1597
2006-03-31,1.1597,1.1701,1.1577,1.1686
2006-04-03,1.1682,1.1773,1.1681,1.1712
2006-04-04,1.1712,1.1756,1.1624,1.1634
2006-04-05,1.1634,1.165,1.1599,1.1619
2006-04-06,1.1619,1.1626,1.1519,1.153
2006-04-07,1.153,1.1566,1.1438,1.1494
2006-04-10,1.1491,1.1495,1.145,1.1483
2006-04-11,1.1483,1.1498,1.1427,1.1429
2006-04-12,1.1429,1.1493,1.1427,1.1469
2006-04-13,1.1469,1.1535,1.145,1.1509
2006-04-14,1.1509,1.152,1.14905,1.1518
2006-04-17,1.1506,1.1537,1.14365,1.1455
2006-04-18,1.1455,1.1469,1.14,1.1406
2006-04-19,1.1406,1.1417,1.1352,1.1356
2006-04-20,1.1356,1.1423,1.1352,1.1392
2006-04-21,1.1392,1.1415,1.1358,1.1379
2006-04-24,1.13585,1.1398,1.1343,1.13725
2006-04-25,1.13725,1.1393,1.13055,1.13135
2006-04-26,1.13135,1.13355,1.1253,1.1279
2006-04-27,1.1279,1.1317,1.12185,1.12295
2006-04-28,1.12295,1.1255,1.1163,1.1169
2006-05-01,1.1167,1.11885,1.11145,1.11335
2006-05-02,1.11335,1.11675,1.10515,1.10595
2006-05-03,1.10595,1.10975,1.10145,1.10845
2006-05-04,1.10845,1.11435,1.1054,1.1072
2006-05-05,1.1072,1.11085,1.10525,1.1054
2006-05-08,1.1066,1.11345,1.10245,1.11165
2006-05-09,1.11165,1.11645,1.09745,1.09945
2006-05-10,1.09945,1.1033,1.09805,1.10035
2006-05-11,1.10035,1.10805,1.0978,1.10305
2006-05-12,1.10305,1.1099,1.09915,1.1095
2006-05-15,1.1087,1.11765,1.1076,1.11285
2006-05-16,1.11285,1.11735,1.10615,1.10655
2006-05-17,1.10655,1.11465,1.10115,1.11445
2006-05-18,1.11445,1.12245,1.10965,1.12025
2006-05-19,1.12025,1.12735,1.1171,1.1179
2006-05-22,1.1203,1.12675,1.11225,1.11515
2006-05-23,1.11515,1.12485,1.11235,1.12465
2006-05-24,1.12465,1.12635,1.11795,1.11995
2006-05-25,1.11995,1.12275,1.10545,1.10725
2006-05-26,1.10725,1.11105,1.10455,1.106
2006-05-29,1.1066,1.1072,1.1027,1.1062
2006-05-30,1.1062,1.1065,1.09735,1.09845
2006-05-31,1.09845,1.10345,1.09285,1.10145
2006-06-01,1.10145,1.1101,1.09995,1.103
2006-06-02,1.103,1.1055,1.09735,1.101
2006-06-05,1.101,1.1082,1.0977,1.1079
2006-06-06,1.1079,1.1173,1.1049,1.1135
2006-06-07,1.1135,1.1163,1.1098,1.1133
2006-06-08,1.1133,1.1244,1.1112,1.1231
2006-06-09,1.1231,1.1231,1.10515,1.1064
2006-06-12,1.1067,1.1073,1.0965,1.0993
2006-06-13,1.0993,1.114,1.097,1.1132
2006-06-14,1.1132,1.1175,1.1084,1.1139
2006-06-15,1.1139,1.119,1.11135,1.11135
2006-06-16,1.11135,1.1253,1.11095,1.1229
2006-06-19,1.1226,1.1255,1.1185,1.1201
2006-06-20,1.1201,1.1248,1.1153,1.1184
2006-06-21,1.1184,1.1185,1.1032,1.1087
2006-06-22,1.1087,1.12,1.107,1.1172
2006-06-23,1.1172,1.1289,1.1166,1.1228
2006-06-26,1.1185,1.1248,1.1171,1.1236
2006-06-27,1.1236,1.1255,1.1191,1.1234
2006-06-28,1.1234,1.1267,1.1207,1.1234
2006-06-29,1.1234,1.1237,1.1096,1.1103
2006-06-30,1.1103,1.1179,1.1081,1.1164
2006-07-03,1.1156,1.1191,1.1089,1.1115
2006-07-04,1.1115,1.11295,1.10555,1.10635
2006-07-05,1.10635,1.114,1.10405,1.1122
2006-07-06,1.1122,1.1152,1.1085,1.1129
2006-07-07,1.1129,1.1154,1.10875,1.1137
2006-07-10,1.1139,1.1261,1.1133,1.124
2006-07-11,1.124,1.1345,1.1222,1.1323
2006-07-12,1.1323,1.1399,1.13105,1.1342
2006-07-13,1.1342,1.1354,1.1285,1.1312
2006-07-14,1.1312,1.1327,1.12555,1.1285
2006-07-17,1.1283,1.1369,1.1276,1.1367
2006-07-18,1.1367,1.1377,1.1306,1.1366
2006-07-19,1.1366,1.14055,1.1315,1.1348
2006-07-20,1.1348,1.1353,1.1281,1.1327
2006-07-21,1.1327,1.1393,1.1263,1.1379
2006-07-24,1.1372,1.1457,1.1372,1.1412
2006-07-25,1.1412,1.1435,1.1378,1.1417
2006-07-26,1.1417,1.1431,1.1337,1.1348
2006-07-27,1.1348,1.1387,1.1289,1.1353
2006-07-28,1.1353,1.1372,1.1283,1.1316
2006-07-31,1.13,1.1319,1.1219,1.1312
2006-08-01,1.1312,1.1374,1.1294,1.1306
2006-08-02,1.1306,1.1321,1.1246,1.1268
2006-08-03,1.1268,1.1277,1.1227,1.1254
2006-08-04,1.1254,1.13465,1.1232,1.1274
2006-08-07,1.1272,1.1274,1.1176,1.1195
2006-08-08,1.1195,1.1236,1.1177,1.1235
2006-08-09,1.1235,1.1255,1.1175,1.1205
2006-08-10,1.1205,1.1284,1.1185,1.1274
2006-08-11,1.1274,1.12815,1.1171,1.1248
2006-08-14,1.125,1.1278,1.12065,1.1271
2006-08-15,1.1271,1.1319,1.1212,1.1217
2006-08-16,1.1217,1.1238,1.1143,1.1194
2006-08-17,1.1194,1.1233,1.1157,1.1221
2006-08-18,1.1221,1.1273,1.1198,1.1256
2006-08-21,1.1256,1.1258,1.1166,1.1176
2006-08-22,1.1176,1.1203,1.1146,1.11545
2006-08-23,1.11545,1.11585,1.1051,1.1128
2006-08-24,1.1128,1.1131,1.1074,1.1095
2006-08-25,1.1095,1.11065,1.10545,1.1091
2006-08-28,1.109,1.1123,1.1062,1.112
2006-08-29,1.112,1.1129,1.1056,1.1077
2006-08-30,1.1077,1.1117,1.10565,1.1096
2006-08-31,1.1096,1.1115,1.10345,1.10355
2006-09-01,1.10355,1.10735,1.10305,1.1042
2006-09-04,1.1043,1.1076,1.1041,1.10735
2006-09-05,1.10735,1.1139,1.10675,1.11175
2006-09-06,1.11175,1.1139,1.1045,1.10565
2006-09-07,1.10565,1.1106,1.1044,1.10995
2006-09-08,1.10995,1.1208,1.1092,1.1206
2006-09-11,1.1204,1.1226,1.1173,1.12165
2006-09-12,1.12165,1.12215,1.1156,1.1198
2006-09-13,1.1198,1.1236,1.1169,1.1202
2006-09-14,1.1202,1.1203,1.1121,1.1168
2006-09-15,1.1168,1.1222,1.1168,1.1191
2006-09-18,1.1196,1.1224,1.116,1.1178
2006-09-19,1.1178,1.1286,1.1173,1.1271
2006-09-20,1.1271,1.1296,1.1254,1.1278
2006-09-21,1.1278,1.1286,1.1166,1.1197
2006-09-22,1.1197,1.1209,1.1121,1.1176
2006-09-25,1.1178,1.1191,1.1143,1.1168
2006-09-26,1.1168,1.1183,1.1127,1.1142
2006-09-27,1.1142,1.1165,1.1089,1.1113
2006-09-28,1.1113,1.1125,1.1086,1.1112
2006-09-29,1.1112,1.119,1.1101,1.1179
2006-10-02,1.1176,1.1219,1.1147,1.1153
2006-10-03,1.1153,1.1224,1.1149,1.1222
2006-10-04,1.1222,1.1305,1.1217,1.1269
2006-10-05,1.1269,1.1288,1.1242,1.1251
2006-10-06,1.1251,1.1284,1.12,1.1256
2006-10-09,1.126,1.1267,1.1212,1.1238
2006-10-10,1.1238,1.1339,1.1226,1.1326
2006-10-11,1.1326,1.1384,1.1326,1.1382
2006-10-12,1.1382,1.1386,1.1332,1.1336
2006-10-13,1.1336,1.1384,1.1321,1.1379
2006-10-16,1.1372,1.1393,1.1348,1.1374
2006-10-17,1.1374,1.1413,1.1351,1.141
2006-10-18,1.141,1.1412,1.1356,1.1365
2006-10-19,1.1365,1.1373,1.1265,1.1272
2006-10-20,1.1272,1.1291,1.1205,1.1255
2006-10-23,1.1252,1.1287,1.1243,1.1286
2006-10-24,1.1286,1.1323,1.1249,1.1267
2006-10-25,1.1267,1.1288,1.1234,1.1238
2006-10-26,1.1238,1.1307,1.1213,1.1232
2006-10-27,1.1232,1.1261,1.1179,1.1197
2006-10-30,1.1196,1.1264,1.118,1.1256
2006-10-31,1.1256,1.1287,1.1199,1.1222
2006-11-01,1.1222,1.1351,1.1212,1.1321
2006-11-02,1.1321,1.1374,1.1305,1.1333
2006-11-03,1.1333,1.1356,1.1265,1.1299
2006-11-06,1.1298,1.1365,1.1287,1.1298
2006-11-07,1.1298,1.1308,1.1258,1.1298
2006-11-08,1.1298,1.1326,1.1267,1.1296
2006-11-09,1.1296,1.1332,1.1284,1.1294
2006-11-10,1.1294,1.1324,1.1266,1.1321
2006-11-13,1.1313,1.1394,1.1304,1.1375
2006-11-14,1.1375,1.1404,1.1345,1.1375
2006-11-15,1.1375,1.1427,1.136,1.1387
2006-11-16,1.1387,1.1424,1.1367,1.1424
2006-11-17,1.1424,1.1475,1.1405,1.1468
2006-11-20,1.1464,1.1485,1.1422,1.1465
2006-11-21,1.1465,1.1494,1.1444,1.1464
2006-11-22,1.1464,1.1467,1.1383,1.1415
2006-11-23,1.1415,1.143,1.1398,1.1418
2006-11-24,1.1418,1.1427,1.1306,1.1348
2006-11-27,1.1317,1.1351,1.1304,1.1334
2006-11-28,1.1334,1.1335,1.1288,1.1306
2006-11-29,1.1306,1.1389,1.1297,1.1381
2006-11-30,1.1381,1.1437,1.1368,1.1404
2006-12-01,1.1404,1.1466,1.1374,1.1449
2006-12-04,1.1448,1.1476,1.1398,1.1406
2006-12-05,1.1406,1.1434,1.1373,1.1424
2006-12-06,1.1424,1.1486,1.1397,1.1476
2006-12-07,1.1476,1.1504,1.146,1.1495
2006-12-08,1.1495,1.1516,1.1445,1.1496
2006-12-11,1.1488,1.1506,1.1468,1.1479
2006-12-12,1.1479,1.1555,1.1457,1.1525
2006-12-13,1.1525,1.1573,1.1498,1.1568
2006-12-14,1.1568,1.1579,1.1537,1.1572
2006-12-15,1.1572,1.1589,1.1528,1.1579
2006-12-18,1.1578,1.1587,1.1534,1.1572
2006-12-19,1.1572,1.158,1.151,1.1526
2006-12-20,1.1526,1.1537,1.1432,1.1489
2006-12-21,1.1489,1.1563,1.1457,1.1548
2006-12-22,1.1548,1.1589,1.1518,1.1586
2006-12-25,1.1586,1.1592,1.1575,1.1581
2006-12-26,1.1581,1.1625,1.15725,1.1613
2006-12-27,1.1613,1.16365,1.16015,1.1621
2006-12-28,1.1621,1.1621,1.158,1.1604
2006-12-29,1.1604,1.1669,1.1583,1.1659
2007-01-01,1.1659,1.166,1.1659,1.166
2007-01-02,1.166,1.166,1.1625,1.1656
2007-01-03,1.1656,1.1734,1.1637,1.1733
2007-01-04,1.1733,1.1779,1.1716,1.1774
2007-01-05,1.1774,1.1788,1.1722,1.1732
2007-01-08,1.1732,1.1784,1.1724,1.1751
2007-01-09,1.1751,1.1798,1.1733,1.1771
2007-01-10,1.1771,1.1795,1.1739,1.1743
2007-01-11,1.1743,1.1804,1.1688,1.1779
2007-01-12,1.1779,1.1782,1.1685,1.1705
2007-01-15,1.1696,1.1705,1.1661,1.1683
2007-01-16,1.1683,1.1774,1.1647,1.1758
2007-01-17,1.1758,1.1771,1.1722,1.1729
2007-01-18,1.1729,1.1774,1.1713,1.1741
2007-01-19,1.1741,1.1754,1.1699,1.1724
2007-01-22,1.1723,1.1836,1.1715,1.1821
2007-01-23,1.1821,1.18505,1.1788,1.1806
2007-01-24,1.1806,1.1836,1.1764,1.1789
2007-01-25,1.1789,1.1835,1.1731,1.1832
2007-01-26,1.1832,1.1844,1.1781,1.1798
2007-01-29,1.1795,1.1848,1.179,1.1833
2007-01-30,1.1833,1.1843,1.179,1.1794
2007-01-31,1.1794,1.1842,1.1751,1.177
2007-02-01,1.177,1.1804,1.1738,1.1784
2007-02-02,1.1784,1.187,1.1777,1.1843
2007-02-05,1.1843,1.1865,1.181,1.1825
2007-02-06,1.1825,1.1843,1.181,1.1818
2007-02-07,1.1818,1.1856,1.1815,1.1843
2007-02-08,1.1843,1.1875,1.1822,1.1829
2007-02-09,1.1829,1.185,1.1715,1.1725
2007-02-12,1.1734,1.1762,1.1708,1.1752
2007-02-13,1.1752,1.1767,1.1661,1.1667
2007-02-14,1.1667,1.1689,1.1645,1.1661
2007-02-15,1.1661,1.1672,1.1622,1.1629
2007-02-16,1.1629,1.1656,1.1622,1.1633
2007-02-19,1.1642,1.1662,1.1632,1.1644
2007-02-20,1.1644,1.1715,1.1638,1.1703
2007-02-21,1.1703,1.1714,1.1597,1.16
2007-02-22,1.16,1.1632,1.1594,1.1622
2007-02-23,1.1622,1.1629,1.1566,1.1598
2007-02-26,1.1596,1.161,1.1576,1.1606
2007-02-27,1.1606,1.1673,1.1587,1.167
2007-02-28,1.167,1.1738,1.1657,1.1699
2007-03-01,1.1699,1.1749,1.1673,1.1723
2007-03-02,1.1723,1.1776,1.1706,1.1773
2007-03-05,1.1766,1.1826,1.1757,1.181
2007-03-06,1.181,1.1817,1.1731,1.1767
2007-03-07,1.1767,1.1798,1.1746,1.1789
2007-03-08,1.1789,1.1817,1.1767,1.1801
2007-03-09,1.1801,1.1812,1.1704,1.1724
2007-03-12,1.1726,1.174,1.1685,1.1719
2007-03-13,1.1719,1.1755,1.1681,1.1752
2007-03-14,1.1752,1.1775,1.1723,1.1766
2007-03-15,1.1766,1.178,1.1734,1.1773
2007-03-16,1.1773,1.1774,1.1715,1.1759
2007-03-19,1.1773,1.1782,1.1744,1.1772
2007-03-20,1.1772,1.1787,1.1602,1.1619
2007-03-21,1.1619,1.1634,1.1529,1.1557
2007-03-22,1.1557,1.1595,1.1553,1.1574
2007-03-23,1.1574,1.1612,1.1559,1.1608
2007-03-26,1.1607,1.1638,1.1593,1.1615
2007-03-27,1.1615,1.1621,1.1556,1.1575
2007-03-28,1.1575,1.1611,1.1558,1.1592
2007-03-29,1.1592,1.1613,1.157,1.1591
2007-03-30,1.1591,1.1593,1.15,1.15401
2007-04-02,1.1519,1.15716,1.15136,1.15635
2007-04-03,1.15635,1.15976,1.15496,1.15855
2007-04-04,1.15855,1.15945,1.1545,1.15915
2007-04-05,1.15915,1.1594,1.1488,1.15115
2007-04-06,1.15115,1.15356,1.14996,1.15141
2007-04-09,1.15085,1.15314,1.15035,1.1527
2007-04-10,1.1527,1.15292,1.14579,1.14745
2007-04-11,1.14745,1.14795,1.13946,1.13961
2007-04-12,1.13961,1.14135,1.1336,1.13465
2007-04-13,1.13465,1.13947,1.133,1.13786
2007-04-16,1.13675,1.13681,1.13026,1.13171
2007-04-17,1.13171,1.13446,1.12896,1.13106
2007-04-18,1.13106,1.13415,1.1266,1.12781
2007-04-19,1.12781,1.13095,1.1224,1.12967
2007-04-20,1.12967,1.13019,1.12145,1.12381
2007-04-23,1.12331,1.12455,1.12165,1.1221
2007-04-24,1.1221,1.1249,1.11934,1.12161
2007-04-25,1.12161,1.12286,1.1137,1.11505
2007-04-26,1.11505,1.1223,1.11425,1.12161
2007-04-27,1.12161,1.12275,1.11286,1.11631
2007-04-30,1.11591,1.11986,1.10499,1.10966
2007-05-01,1.10966,1.11146,1.10487,1.11096
2007-05-02,1.11096,1.1142,1.10665,1.10934
2007-05-03,1.10934,1.10974,1.10549,1.10779
2007-05-04,1.10779,1.10849,1.10326,1.10771
2007-05-07,1.107,1.10751,1.10083,1.10196
2007-05-08,1.10196,1.10603,1.10071,1.10485
2007-05-09,1.10485,1.10937,1.10428,1.10476
2007-05-10,1.10476,1.11285,1.10431,1.11124
2007-05-11,1.11124,1.11662,1.10925,1.11061
2007-05-14,1.11071,1.11267,1.10555,1.10589
2007-05-15,1.10589,1.107295,1.096515,1.09859
2007-05-16,1.09859,1.106335,1.09691,1.10461
2007-05-17,1.10461,1.1056,1.096845,1.09989
2007-05-18,1.09989,1.1001,1.087805,1.08866
2007-05-21,1.08966,1.09001,1.082435,1.08468
2007-05-22,1.08468,1.08788,1.082885,1.08642
2007-05-23,1.08642,1.088965,1.081295,1.08221
2007-05-24,1.08221,1.085355,1.080365,1.08376
2007-05-25,1.08376,1.087245,1.077755,1.08036
2007-05-28,1.07946,1.08134,1.07885,1.07991
2007-05-29,1.07991,1.083635,1.071075,1.07369
2007-05-30,1.07369,1.075835,1.068835,1.07428
2007-05-31,1.07428,1.07465,1.066565,1.06887
2007-06-01,1.06887,1.07107,1.059885,1.06085
2007-06-04,1.06115,1.0621,1.055005,1.05867
2007-06-05,1.05867,1.06385,1.056255,1.0634
2007-06-06,1.0634,1.06385,1.056155,1.05845
2007-06-07,1.05845,1.06557,1.05615,1.06475
2007-06-08,1.06475,1.071375,1.059545,1.0608
2007-06-11,1.06135,1.063505,1.059755,1.0599
2007-06-12,1.0599,1.06782,1.059,1.06782
2007-06-13,1.06782,1.073925,1.064655,1.06588
2007-06-14,1.06588,1.069035,1.064785,1.06835
2007-06-15,1.06835,1.06925,1.060495,1.0678
2007-06-18,1.067,1.075205,1.06525,1.0711
2007-06-19,1.0711,1.07325,1.06161,1.06238
2007-06-20,1.06238,1.068645,1.06193,1.06631
2007-06-21,1.06631,1.075835,1.06455,1.07462
2007-06-22,1.07462,1.07506,1.066605,1.06796
2007-06-25,1.0691,1.073205,1.0681,1.07015
2007-06-26,1.07015,1.072605,1.067205,1.06945
2007-06-27,1.06945,1.07341,1.06876,1.07052
2007-06-28,1.07052,1.07162,1.05752,1.05944
2007-06-29,1.05944,1.065815,1.046205,1.0652
2007-07-02,1.06315,1.0638,1.052745,1.05586
2007-07-03,1.05586,1.063535,1.05417,1.06138
2007-07-04,1.06138,1.06178,1.055835,1.05768
2007-07-05,1.05768,1.059305,1.055505,1.05625
2007-07-06,1.05625,1.05698,1.046375,1.04947
2007-07-09,1.04942,1.0504,1.044535,1.04985
2007-07-10,1.04985,1.05478,1.047645,1.05408
2007-07-11,1.05408,1.061175,1.05341,1.0544
2007-07-12,1.0544,1.05565,1.045085,1.04588
2007-07-13,1.04588,1.049875,1.044705,1.04762
2007-07-16,1.0483,1.0485,1.041705,1.04385
2007-07-17,1.04385,1.045315,1.042145,1.043805
2007-07-18,1.043805,1.047895,1.040005,1.0438
2007-07-19,1.0438,1.046455,1.041335,1.04343
2007-07-20,1.04343,1.049785,1.041485,1.04875
2007-07-23,1.0483,1.0487,1.042575,1.04682
2007-07-24,1.04682,1.04742,1.034175,1.03585
2007-07-25,1.03585,1.044875,1.034105,1.04175
2007-07-26,1.04175,1.055485,1.040505,1.05356
2007-07-27,1.05356,1.06485,1.05251,1.06425
2007-07-30,1.0644,1.070025,1.06395,1.06723
2007-07-31,1.06723,1.06872,1.058605,1.06655
2007-08-01,1.06655,1.06978,1.05528,1.05623
2007-08-02,1.05623,1.059935,1.050885,1.05223
2007-08-03,1.05223,1.057685,1.050205,1.05695
2007-08-06,1.0568,1.05886,1.050495,1.05265
2007-08-07,1.05265,1.057625,1.04905,1.05515
2007-08-08,1.05515,1.056605,1.046335,1.04872
2007-08-09,1.04872,1.064275,1.047075,1.05792
2007-08-10,1.05792,1.061755,1.051645,1.05325
2007-08-13,1.0538,1.056505,1.048505,1.0539
2007-08-14,1.0539,1.068555,1.05345,1.0673
2007-08-15,1.0673,1.079705,1.06717,1.07885
2007-08-16,1.07885,1.086905,1.06735,1.076
2007-08-17,1.076,1.07945,1.0556,1.05995
2007-08-20,1.05995,1.0627,1.053305,1.055335
2007-08-21,1.055335,1.064905,1.05445,1.06215
2007-08-22,1.06215,1.0665,1.057315,1.06206
2007-08-23,1.06206,1.06344,1.047335,1.0532
2007-08-24,1.0532,1.05683,1.049235,1.05201
2007-08-27,1.05201,1.05508,1.047135,1.05453
2007-08-28,1.05453,1.065255,1.053405,1.06415
2007-08-29,1.06415,1.06785,1.057805,1.06015
2007-08-30,1.06015,1.066325,1.054475,1.05862
2007-08-31,1.05862,1.059535,1.050645,1.05575
2007-09-03,1.05585,1.05595,1.051735,1.0528
2007-09-04,1.0528,1.057005,1.048255,1.04927
2007-09-05,1.04927,1.056725,1.04847,1.05385
2007-09-06,1.05385,1.058325,1.050685,1.05213
2007-09-07,1.05213,1.057625,1.04715,1.0552
2007-09-10,1.0552,1.05925,1.051705,1.05205
2007-09-11,1.05205,1.05315,1.041155,1.04235
2007-09-12,1.04235,1.044515,1.035425,1.036825
2007-09-13,1.036825,1.03818,1.031225,1.03411
2007-09-14,1.03411,1.03652,1.027755,1.02985
2007-09-17,1.03015,1.031305,1.024005,1.02775
2007-09-18,1.02775,1.02895,1.012185,1.01288
2007-09-19,1.01288,1.01815,1.008335,1.01512
2007-09-20,1.01512,1.01552,0.9994,1.0024
2007-09-21,1.0024,1.0055,0.9933,1.0009
2007-09-24,0.9998,1.00295,0.99715,1.0022
2007-09-25,1.0022,1.00647,0.999795,1.00378
2007-09-26,1.00378,1.009605,1.00223,1.00387
2007-09-27,1.00387,1.00582,0.997715,1.00156
2007-09-28,1.00156,1.00216,0.991505,0.99235
2007-10-01,0.9937,0.995715,0.991035,0.99178
2007-10-02,0.99178,1.001105,0.99123,0.9976
2007-10-03,0.9976,0.9993,0.993605,0.99827
2007-10-04,0.99827,1.001645,0.99632,0.99682
2007-10-05,0.99682,0.99832,0.978705,0.9806
2007-10-08,0.9811,0.987705,0.9804,0.98687
2007-10-09,0.98687,0.989585,0.98135,0.98155
2007-10-10,0.98155,0.983505,0.9792,0.9817
2007-10-11,0.9817,0.98275,0.972925,0.97672
2007-10-12,0.97672,0.979805,0.9718,0.9719
2007-10-15,0.97215,0.977775,0.970685,0.97667
2007-10-16,0.97667,0.98162,0.97447,0.97918
2007-10-17,0.97918,0.982185,0.972855,0.97458
2007-10-18,0.97458,0.977865,0.972115,0.97366
2007-10-19,0.97366,0.97561,0.96338,0.96683
2007-10-22,0.96698,0.982405,0.96539,0.97911
2007-10-23,0.97911,0.97946,0.96282,0.96653
2007-10-24,0.96653,0.973385,0.96433,0.96873
2007-10-25,0.96873,0.96998,0.961375,0.96697
2007-10-26,0.96697,0.96722,0.958965,0.96209
2007-10-29,0.9612,0.962775,0.951525,0.95405
2007-10-30,0.95405,0.957615,0.951345,0.954
2007-10-31,0.954,0.95647,0.941705,0.94301
2007-11-01,0.94301,0.952005,0.94239,0.9509
2007-11-02,0.9509,0.95219,0.932725,0.93473
2007-11-05,0.93515,0.93707,0.930475,0.93335
2007-11-06,0.93335,0.93378,0.92006,0.9205
2007-11-07,0.9205,0.9307,0.905845,0.9307
2007-11-08,0.9307,0.94035,0.923635,0.93495
2007-11-09,0.93495,0.94485,0.92525,0.9448
2007-11-12,0.94585,0.970555,0.9434,0.9688
2007-11-13,0.9688,0.9724,0.952365,0.959
2007-11-14,0.959,0.96765,0.95131,0.96728
2007-11-15,0.96728,0.986455,0.96066,0.98545
2007-11-16,0.98545,0.98876,0.970605,0.9733
2007-11-19,0.9773,0.985,0.970525,0.98371
2007-11-20,0.98371,0.98649,0.97438,0.97916
2007-11-21,0.97916,0.99259,0.97759,0.9869
2007-11-22,0.9869,0.98865,0.97907,0.98585
2007-11-23,0.98585,0.989915,0.98,0.9895
2007-11-26,0.98715,0.991475,0.980115,0.99024
2007-11-27,0.99024,1.000145,0.98229,0.9965
2007-11-28,0.9965,0.99988,0.9845,0.98545
2007-11-29,0.98545,0.9993,0.983645,0.99835
2007-11-30,0.99835,1.002,0.9924,0.99885
2007-12-03,0.99985,1.004245,0.99755,0.99934
2007-12-04,0.99934,1.01545,0.999,1.0104
2007-12-05,1.0104,1.0216,1.00868,1.01165
2007-12-06,1.01165,1.01953,1.00715,1.00805
2007-12-07,1.00805,1.014995,1.00095,1.00535
2007-12-10,1.00435,1.012005,1.000605,1.00724
2007-12-11,1.00724,1.01687,1.003935,1.01515
2007-12-12,1.01515,1.0177,1.00553,1.01243
2007-12-13,1.01243,1.023555,1.009665,1.02085
2007-12-14,1.02085,1.0249,1.013,1.01725
2007-12-17,1.018,1.02295,1.00275,1.00525
2007-12-18,1.00525,1.01445,1.00125,1.00579
2007-12-19,1.00579,1.009235,1.001795,1.00255
2007-12-20,1.00255,1.004855,0.995255,1.00145
2007-12-21,1.00145,1.0021,0.99125,0.99177
2007-12-24,0.99165,0.99332,0.98375,0.9838
2007-12-25,0.9838,0.98695,0.98315,0.9855
2007-12-26,0.9855,0.98675,0.98035,0.98155
2007-12-27,0.98155,0.985505,0.978555,0.9804
2007-12-28,0.9804,0.9849,0.97565,0.98155
2007-12-31,0.98065,0.9986,0.97635,0.9984
2008-01-01,0.9984,0.99865,0.99135,0.9925
2008-01-02,0.9925,0.99713,0.98615,0.99373
2008-01-03,0.99373,0.996715,0.987405,0.98965
2008-01-04,0.98965,1.0044,0.984205,1.00285
2008-01-07,1.0023,1.0081,0.996905,1.00469
2008-01-08,1.00469,1.00775,0.996645,1.00638
2008-01-09,1.00638,1.012375,1.002105,1.0101
2008-01-10,1.0101,1.015015,1.005215,1.0101
2008-01-11,1.0101,1.02227,1.006985,1.0189
2008-01-14,1.0197,1.021315,1.014735,1.0171
2008-01-15,1.0171,1.019825,1.012505,1.01842
2008-01-16,1.01842,1.028375,1.015385,1.02518
2008-01-17,1.02518,1.030855,1.018185,1.02945
2008-01-18,1.02945,1.0307,1.021675,1.02728
2008-01-21,1.02627,1.03549,1.02612,1.03499
2008-01-22,1.03499,1.037905,1.020805,1.02942
2008-01-23,1.02942,1.031885,1.022305,1.02413
2008-01-24,1.02413,1.02569,1.0014,1.00365
2008-01-25,1.00365,1.01093,1.00165,1.00818
2008-01-28,1.00953,1.011875,1.002345,1.00359
2008-01-29,1.00359,1.00707,0.994505,0.9984
2008-01-30,0.9984,1.000295,0.987305,0.99315
2008-01-31,0.99315,1.0087,0.99247,1.0029
2008-02-01,1.0029,1.00365,0.99175,0.99525
2008-02-04,0.99445,1.001405,0.992305,0.9935
2008-02-05,0.9935,1.008105,0.9928,1.0079
2008-02-06,1.0079,1.010435,1.000665,1.00603
2008-02-07,1.00603,1.012765,1.00463,1.00871
2008-02-08,1.00871,1.01021,0.994705,0.9988
2008-02-11,0.9999,1.003385,0.995655,1.00165
2008-02-12,1.00165,1.0043,0.993835,1.00173
2008-02-13,1.00173,1.002935,0.996535,0.99713
2008-02-14,0.99713,1.001625,0.993755,1.00025
2008-02-15,1.00025,1.01134,0.992065,1.00693
2008-02-18,1.00945,1.009855,1.004855,1.00762
2008-02-19,1.00762,1.01772,1.00216,1.0171
2008-02-20,1.0171,1.019875,1.010655,1.01287
2008-02-21,1.01287,1.014325,1.006675,1.011275
2008-02-22,1.011275,1.016785,1.007185,1.01276
2008-02-25,1.01283,1.01306,0.9947,0.9962
2008-02-26,0.9962,0.9985,0.978435,0.98148
2008-02-27,0.98148,0.983285,0.975935,0.98033
2008-02-28,0.98033,0.98228,0.971055,0.97517
2008-02-29,0.97517,0.98943,0.97492,0.9879
2008-03-03,0.98545,0.993405,0.982725,0.99016
2008-03-04,0.99016,0.997805,0.985355,0.9936
2008-03-05,0.9936,0.995415,0.983445,0.98431
2008-03-06,0.98431,0.988495,0.981865,0.98571
2008-03-07,0.98571,0.992455,0.97415,0.99082
2008-03-10,0.99012,0.998455,0.985655,0.99652
2008-03-11,0.99652,0.997275,0.989275,0.99215
2008-03-12,0.99215,0.993725,0.983705,0.989625
2008-03-13,0.989625,0.99182,0.979725,0.98422
2008-03-14,0.98422,0.996625,0.98167,0.98932
2008-03-17,0.98872,1.00137,0.98592,0.99792
2008-03-18,0.99792,0.99892,0.9892,0.99218
2008-03-19,0.99218,1.01747,0.98765,1.01372
2008-03-20,1.01372,1.0294,1.01072,1.0235
2008-03-21,1.0235,1.0267,1.02215,1.0233
2008-03-24,1.0254,1.03085,1.01575,1.01735
2008-03-25,1.01735,1.022275,1.012675,1.01655
2008-03-26,1.01655,1.020765,1.009505,1.01796
2008-03-27,1.01796,1.023465,1.012615,1.01869
2008-03-28,1.01869,1.0229,1.01436,1.02265
2008-03-31,1.0225,1.029355,1.019165,1.02525
2008-04-01,1.02525,1.032655,1.0206,1.0213
2008-04-02,1.0213,1.02445,1.013045,1.016275
2008-04-03,1.016275,1.01677,1.002805,1.0048
2008-04-04,1.0048,1.01034,1.00204,1.00855
2008-04-07,1.00887,1.01427,1.003975,1.01407
2008-04-08,1.01407,1.017415,1.010745,1.01327
2008-04-09,1.01327,1.021965,1.0126,1.01842
2008-04-10,1.01842,1.022605,1.015535,1.01942
2008-04-11,1.01942,1.02492,1.013365,1.02316
2008-04-14,1.02712,1.027435,1.017715,1.01895
2008-04-15,1.01895,1.023905,1.0164,1.0182
2008-04-16,1.0182,1.01865,1.00015,1.001
2008-04-17,1.001,1.014405,0.9988,1.01055
2008-04-18,1.01055,1.0147,1.002675,1.00423
2008-04-21,1.00553,1.009485,0.999885,1.00606
2008-04-22,1.00606,1.015355,1.002635,1.00818
2008-04-23,1.00818,1.021585,1.006085,1.01698
2008-04-24,1.01698,1.021405,1.012185,1.01422
2008-04-25,1.01422,1.020455,1.012275,1.01381
2008-04-28,1.0142,1.018305,1.00685,1.01265
2008-04-29,1.01265,1.016645,1.010855,1.01255
2008-04-30,1.01255,1.01431,1.00382,1.00797
2008-05-01,1.00797,1.023825,1.00616,1.0189
2008-05-02,1.0189,1.024355,1.014675,1.01944
2008-05-05,1.0195,1.02,1.01214,1.01255
2008-05-06,1.01255,1.014575,0.9999,1.00248
2008-05-07,1.00248,1.00981,1.000585,1.00931
2008-05-08,1.00931,1.017685,1.00801,1.01723
2008-05-09,1.01723,1.01773,1.00431,1.00526
2008-05-12,1.00593,1.0106,1.002475,1.00443
2008-05-13,1.00443,1.009415,0.998645,1.00385
2008-05-14,1.00385,1.006775,0.996455,1.00362
2008-05-15,1.00362,1.00622,0.999225,0.99978
2008-05-16,0.99978,1.001955,0.994425,0.99922
2008-05-19,0.99987,1.00012,0.989985,0.99155
2008-05-20,0.99155,0.996055,0.987385,0.99234
2008-05-21,0.99234,0.99279,0.98215,0.98377
2008-05-22,0.98377,0.98772,0.982815,0.98469
2008-05-23,0.98469,0.98998,0.98347,0.98989
2008-05-26,0.98897,0.993455,0.98625,0.9911
2008-05-27,0.9911,0.994845,0.986945,0.99389
2008-05-28,0.99389,0.995875,0.98897,0.99007
2008-05-29,0.99007,0.992255,0.982605,0.98775
2008-05-30,0.98775,0.99788,0.98725,0.9934
2008-06-02,0.9949,1.002775,0.992885,1.00132
2008-06-03,1.00132,1.0096,0.996775,1.00885
2008-06-04,1.00885,1.01893,1.0079,1.0164
2008-06-05,1.0164,1.022045,1.01415,1.01783
2008-06-06,1.01783,1.02165,1.01625,1.01963
2008-06-09,1.01863,1.024265,1.015245,1.02336
2008-06-10,1.02336,1.032385,1.0195,1.02205
2008-06-11,1.02205,1.02465,1.015445,1.0199
2008-06-12,1.0199,1.02787,1.01939,1.02407
2008-06-13,1.02407,1.029805,1.02172,1.0294
2008-06-16,1.0286,1.03,1.019625,1.02372
2008-06-17,1.02372,1.02482,1.016775,1.01867
2008-06-18,1.01867,1.021275,1.016725,1.01717
2008-06-19,1.01717,1.018775,1.010955,1.0156
2008-06-20,1.0156,1.019405,1.01065,1.01665
2008-06-23,1.01725,1.019255,1.013,1.01586
2008-06-24,1.01586,1.01731,1.01109,1.01129
2008-06-25,1.01129,1.014325,1.008805,1.00945
2008-06-26,1.00945,1.0142,1.008205,1.01405
2008-06-27,1.01405,1.0143,1.004935,1.01065
2008-06-30,1.01105,1.02177,1.006285,1.0216
2008-07-01,1.0216,1.023955,1.014315,1.02219
2008-07-02,1.02219,1.02295,1.008955,1.01245
2008-07-03,1.01245,1.021855,1.0111,1.01798
2008-07-04,1.01798,1.02042,1.01406,1.01963
2008-07-07,1.02012,1.023255,1.015105,1.01695
2008-07-08,1.01695,1.023255,1.015635,1.01915
2008-07-09,1.01915,1.01985,1.009785,1.01165
2008-07-10,1.01165,1.013735,1.0077,1.0086
2008-07-11,1.0086,1.01785,1.007,1.00925
2008-07-14,1.0081,1.014075,1.004435,1.00632
2008-07-15,1.00632,1.00707,0.997465,1.00173
2008-07-16,1.00173,1.004905,0.999775,1.00197
2008-07-17,1.00197,1.00806,0.9981,1.00573
2008-07-18,1.00573,1.007885,1.002305,1.0058
2008-07-21,1.0058,1.00735,0.99982,0.99987
2008-07-22,0.99987,1.01163,0.99917,1.00815
2008-07-23,1.00815,1.011815,1.005855,1.0104
2008-07-24,1.0104,1.015055,1.007625,1.0148
2008-07-25,1.0148,1.02075,1.012725,1.01975
2008-07-28,1.0195,1.024415,1.017345,1.0226
2008-07-29,1.0226,1.027355,1.02058,1.02372
2008-07-30,1.02372,1.027025,1.021935,1.023455
2008-07-31,1.023455,1.0272,1.021375,1.0247
2008-08-01,1.0247,1.02975,1.0227,1.02725
2008-08-04,1.02687,1.03688,1.02622,1.03662
2008-08-05,1.03662,1.04527,1.03613,1.04335
2008-08-06,1.04335,1.04955,1.040055,1.0493
2008-08-07,1.0493,1.05343,1.044835,1.053
2008-08-08,1.053,1.069675,1.0516,1.06665
2008-08-11,1.06765,1.071665,1.061205,1.06911
2008-08-12,1.06911,1.072855,1.061525,1.06372
2008-08-13,1.06372,1.071725,1.061425,1.06267
2008-08-14,1.06267,1.065675,1.056275,1.06367
2008-08-15,1.06367,1.069475,1.05815,1.05917
2008-08-18,1.0599,1.064755,1.054355,1.064555
2008-08-19,1.064555,1.0668,1.05937,1.06137
2008-08-20,1.06137,1.065275,1.05705,1.059885
2008-08-21,1.059885,1.06091,1.0423,1.04295
2008-08-22,1.04295,1.048815,1.042025,1.04703
2008-08-25,1.04938,1.05163,1.044045,1.051335
2008-08-26,1.051335,1.056185,1.041055,1.04858
2008-08-27,1.04858,1.049715,1.042815,1.046135
2008-08-28,1.046135,1.053835,1.043285,1.05103
2008-08-29,1.05103,1.06467,1.047155,1.06402
2008-09-01,1.06212,1.069255,1.06137,1.066725
2008-09-02,1.066725,1.074945,1.066115,1.0672
2008-09-03,1.0672,1.077685,1.057905,1.0626
2008-09-04,1.0626,1.07008,1.054255,1.06963
2008-09-05,1.06963,1.07286,1.060365,1.0624
2008-09-08,1.0589,1.07141,1.05538,1.06488
2008-09-09,1.06488,1.07165,1.060425,1.07135
2008-09-10,1.07135,1.074355,1.065755,1.07135
2008-09-11,1.07135,1.08206,1.07006,1.07521
2008-09-12,1.07521,1.07649,1.058805,1.0601
2008-09-15,1.061,1.07525,1.05713,1.07063
2008-09-16,1.07063,1.07491,1.0666,1.0679
2008-09-17,1.0679,1.08093,1.06196,1.0733
2008-09-18,1.0733,1.0742,1.05783,1.06055
2008-09-19,1.06055,1.06697,1.04315,1.04605
2008-09-22,1.04675,1.051445,1.03145,1.03575
2008-09-23,1.03575,1.039975,1.03052,1.03837
2008-09-24,1.03837,1.03932,1.031275,1.03852
2008-09-25,1.03852,1.03907,1.029845,1.0347
2008-09-26,1.0347,1.037405,1.031525,1.03357
2008-09-29,1.03397,1.0456,1.03355,1.0455
2008-09-30,1.0455,1.06655,1.044,1.06455
2008-10-01,1.06455,1.0662,1.05475,1.06267
2008-10-02,1.06267,1.08085,1.06142,1.07905
2008-10-03,1.07905,1.08425,1.07274,1.08274
2008-10-06,1.08269,1.108855,1.0815,1.09943
2008-10-07,1.09943,1.10863,1.09513,1.10585
2008-10-08,1.10585,1.1282,1.0996,1.1282
2008-10-09,1.1282,1.15075,1.11885,1.1502
2008-10-10,1.1502,1.21275,1.14599,1.17375
2008-10-13,1.16825,1.1804,1.14668,1.14745
2008-10-14,1.14745,1.1652,1.13048,1.1626
2008-10-15,1.1626,1.1915,1.15363,1.1915
2008-10-16,1.1915,1.19958,1.17828,1.17828
2008-10-17,1.17828,1.19323,1.17538,1.18253
2008-10-20,1.18163,1.19825,1.17433,1.19105
2008-10-21,1.19105,1.22093,1.18975,1.2142
2008-10-22,1.2142,1.260125,1.2107,1.2541
2008-10-23,1.2541,1.274165,1.2451,1.2474
2008-10-24,1.2474,1.28425,1.24343,1.27755
2008-10-27,1.277,1.29725,1.2703,1.29525
2008-10-28,1.29525,1.30165,1.27225,1.27325
2008-10-29,1.27325,1.28703,1.212645,1.22335
2008-10-30,1.22335,1.226,1.18993,1.20035
2008-10-31,1.20035,1.23795,1.19429,1.212
2008-11-03,1.20949,1.21155,1.17955,1.18115
2008-11-04,1.18115,1.1894,1.14695,1.1502
2008-11-05,1.1502,1.16985,1.14625,1.16965
2008-11-06,1.16965,1.19875,1.1615,1.19795
2008-11-07,1.19795,1.20245,1.1671,1.18945
2008-11-10,1.17765,1.19927,1.16557,1.19432
2008-11-11,1.19432,1.209915,1.18912,1.20765
2008-11-12,1.20765,1.23825,1.19835,1.2381
2008-11-13,1.2381,1.2445,1.20985,1.21115
2008-11-14,1.21115,1.23735,1.20933,1.23695
2008-11-17,1.23875,1.2424,1.211355,1.22575
2008-11-18,1.22575,1.23865,1.218,1.23095
2008-11-19,1.23095,1.25555,1.2283,1.2549
2008-11-20,1.2549,1.2979,1.2519,1.297
2008-11-21,1.297,1.2985,1.26615,1.26665
2008-11-24,1.2672,1.2773,1.22428,1.23223
2008-11-25,1.23223,1.248035,1.212435,1.2249
2008-11-26,1.2249,1.2415,1.21605,1.2323
2008-11-27,1.2323,1.23735,1.22345,1.2313
2008-11-28,1.2313,1.24673,1.23105,1.2395
2008-12-01,1.237,1.25245,1.23065,1.24835
2008-12-02,1.24835,1.258405,1.238155,1.2465
2008-12-03,1.2465,1.267005,1.244,1.25235
2008-12-04,1.25235,1.280635,1.251385,1.27583
2008-12-05,1.27583,1.300755,1.26574,1.27129
2008-12-08,1.27085,1.275,1.244655,1.25021
2008-12-09,1.25021,1.2744,1.24966,1.2626
2008-12-10,1.2626,1.266805,1.24871,1.25688
2008-12-11,1.25688,1.26125,1.216175,1.23605
2008-12-12,1.23605,1.25147,1.22839,1.24777
2008-12-15,1.24612,1.24652,1.22295,1.23365
2008-12-16,1.23365,1.23777,1.19858,1.20145
2008-12-17,1.20145,1.2124,1.191,1.19125
2008-12-18,1.19125,1.2119,1.1818,1.20465
2008-12-19,1.20465,1.2394,1.20295,1.2152
2008-12-22,1.21595,1.2221,1.1984,1.22145
2008-12-23,1.22145,1.2253,1.20475,1.21925
2008-12-24,1.21925,1.2212,1.20815,1.21375
2008-12-25,1.21375,1.21976,1.21338,1.21515
2008-12-26,1.21515,1.22245,1.21273,1.22191
2008-12-29,1.22008,1.22289,1.20709,1.22072
2008-12-30,1.22072,1.23409,1.21414,1.21644
2008-12-31,1.21644,1.23724,1.21079,1.2204
2009-01-01,1.2204,1.22165,1.21953,1.22025
2009-01-02,1.22025,1.22742,1.20465,1.20465
2009-01-05,1.2059,1.222555,1.1866,1.18895
2009-01-06,1.18895,1.2001,1.17613,1.18402
2009-01-07,1.18402,1.20015,1.17748,1.194
2009-01-08,1.194,1.20725,1.177145,1.17995
2009-01-09,1.17995,1.197045,1.1796,1.18562
2009-01-12,1.18777,1.21987,1.18777,1.21837
2009-01-13,1.21837,1.234625,1.21516,1.22427
2009-01-14,1.22427,1.2493,1.21055,1.24905
2009-01-15,1.24905,1.267325,1.241375,1.252835
2009-01-16,1.252835,1.2576,1.23161,1.24315
2009-01-19,1.24341,1.257305,1.23775,1.2538
2009-01-20,1.2538,1.2699,1.2531,1.26705
2009-01-21,1.26705,1.2768,1.25463,1.2552
2009-01-22,1.2552,1.274155,1.251705,1.25515
2009-01-23,1.25515,1.26527,1.22675,1.23115
2009-01-26,1.23253,1.23898,1.214205,1.2229
2009-01-27,1.2229,1.23345,1.2154,1.23065
2009-01-28,1.23065,1.2308,1.20255,1.2109
2009-01-29,1.2109,1.22685,1.2093,1.2268
2009-01-30,1.2268,1.2419,1.2217,1.22965
2009-02-02,1.22868,1.24685,1.22578,1.2449
2009-02-03,1.2449,1.25235,1.22935,1.2296
2009-02-04,1.2296,1.2438,1.22262,1.23225
2009-02-05,1.23225,1.23835,1.22275,1.23248
2009-02-06,1.23248,1.25427,1.2189,1.2194
2009-02-09,1.22235,1.23,1.21313,1.2174
2009-02-10,1.2174,1.24945,1.21495,1.2438
2009-02-11,1.2438,1.253385,1.238355,1.238355
2009-02-12,1.238355,1.25504,1.238355,1.24389
2009-02-13,1.24389,1.24654,1.22824,1.23534
2009-02-16,1.24079,1.24882,1.23914,1.24252
2009-02-17,1.24252,1.2675,1.24152,1.2655
2009-02-18,1.2655,1.2657,1.25315,1.261
2009-02-19,1.261,1.26195,1.24675,1.258
2009-02-20,1.258,1.265155,1.24223,1.252
2009-02-23,1.25068,1.25575,1.2351,1.25025
2009-02-24,1.25025,1.25405,1.2397,1.2423
2009-02-25,1.2423,1.26125,1.24,1.25735
2009-02-26,1.25735,1.2579,1.23958,1.25368
2009-02-27,1.25368,1.27632,1.25165,1.27632
2009-03-02,1.27717,1.29338,1.27275,1.29338
2009-03-03,1.29338,1.297605,1.280755,1.29305
2009-03-04,1.29305,1.29684,1.27118,1.27315
2009-03-05,1.27315,1.291385,1.27245,1.2912
2009-03-06,1.2912,1.2912,1.2766,1.2873
2009-03-09,1.2853,1.3065,1.28135,1.30131
2009-03-10,1.30131,1.30171,1.272665,1.27915
2009-03-11,1.27915,1.29026,1.27522,1.28511
2009-03-12,1.28511,1.29579,1.27675,1.27775
2009-03-13,1.27775,1.284455,1.26265,1.27175
2009-03-16,1.27202,1.27913,1.2636,1.2719
2009-03-17,1.2719,1.27684,1.26745,1.2698
2009-03-18,1.2698,1.27523,1.24303,1.24678
2009-03-19,1.24678,1.25041,1.21908,1.23963
2009-03-20,1.23963,1.244735,1.229135,1.24063
2009-03-23,1.23953,1.23988,1.22028,1.22178
2009-03-24,1.22178,1.23238,1.22026,1.23203
2009-03-25,1.23203,1.23563,1.22198,1.23183
2009-03-26,1.23183,1.23373,1.22398,1.23048
2009-03-27,1.23048,1.24463,1.22668,1.24223
2009-03-30,1.23913,1.2648,1.23853,1.26248
2009-03-31,1.26248,1.265455,1.250295,1.26035
2009-04-01,1.26035,1.27175,1.2575,1.26005
2009-04-02,1.26005,1.26283,1.23366,1.23775
2009-04-03,1.23775,1.24562,1.22955,1.2298
2009-04-06,1.22943,1.24425,1.22255,1.23825
2009-04-07,1.23825,1.24845,1.2331,1.2372
2009-04-08,1.2372,1.24673,1.230925,1.23649
2009-04-09,1.23649,1.24029,1.221125,1.22359
2009-04-10,1.22359,1.22994,1.22339,1.22574
2009-04-13,1.22554,1.23005,1.21642,1.21985
2009-04-14,1.21985,1.224185,1.206315,1.21532
2009-04-15,1.21532,1.21867,1.20142,1.20322
2009-04-16,1.20322,1.214855,1.198325,1.20719
2009-04-17,1.20719,1.21795,1.2071,1.21315
2009-04-20,1.2142,1.2397,1.21235,1.23915
2009-04-21,1.23915,1.250585,1.232655,1.23575
2009-04-22,1.23575,1.247625,1.232845,1.23982
2009-04-23,1.23982,1.24167,1.222775,1.22287
2009-04-24,1.22287,1.22717,1.20729,1.20965
2009-04-27,1.2114,1.2217,1.20765,1.2209
2009-04-28,1.2209,1.226805,1.2164,1.21965
2009-04-29,1.21965,1.22195,1.19895,1.2026
2009-04-30,1.2026,1.20505,1.1862,1.19252
2009-05-01,1.19252,1.19537,1.18302,1.18545
2009-05-04,1.18765,1.19035,1.17238,1.17238
2009-05-05,1.17238,1.17915,1.16788,1.1751
2009-05-06,1.1751,1.182615,1.1652,1.16565
2009-05-07,1.16565,1.17645,1.16282,1.16985
2009-05-08,1.16985,1.1732,1.14915,1.1495
2009-05-11,1.15035,1.1673,1.14765,1.1669
2009-05-12,1.1669,1.16976,1.15392,1.16251
2009-05-13,1.16251,1.177815,1.15531,1.17401
2009-05-14,1.17401,1.17909,1.16841,1.16911
2009-05-15,1.16911,1.180675,1.16485,1.17765
2009-05-18,1.17815,1.18164,1.16078,1.16363
2009-05-19,1.16363,1.16618,1.15219,1.15603
2009-05-20,1.15603,1.15853,1.136395,1.14161
2009-05-21,1.14161,1.14825,1.134755,1.13756
2009-05-22,1.13756,1.13891,1.1188,1.1194
2009-05-25,1.12148,1.12795,1.1195,1.12398
2009-05-26,1.12398,1.135755,1.115655,1.116455
2009-05-27,1.116455,1.12368,1.1097,1.12368
2009-05-28,1.12368,1.125805,1.1105,1.1133
2009-05-29,1.1133,1.11575,1.0892,1.09165
2009-06-01,1.08985,1.09465,1.078575,1.09375
2009-06-02,1.09375,1.097425,1.07894,1.081
2009-06-03,1.081,1.11185,1.07948,1.1106
2009-06-04,1.1106,1.1161,1.092855,1.09695
2009-06-05,1.09695,1.12102,1.0963,1.11897
2009-06-08,1.12002,1.129105,1.114105,1.11573
2009-06-09,1.11573,1.11957,1.09827,1.10437
2009-06-10,1.10437,1.11655,1.094145,1.10861
2009-06-11,1.10861,1.11061,1.0948,1.10252
2009-06-12,1.10252,1.1248,1.10098,1.11903
2009-06-15,1.11938,1.13759,1.11833,1.13347
2009-06-16,1.13347,1.13745,1.12228,1.13563
2009-06-17,1.13563,1.144975,1.127725,1.13181
2009-06-18,1.13181,1.136485,1.12338,1.13227
2009-06-19,1.13227,1.13642,1.1252,1.13442
2009-06-22,1.13569,1.155755,1.13296,1.15501
2009-06-23,1.15501,1.15843,1.14653,1.14963
2009-06-24,1.14963,1.15803,1.14188,1.15762
2009-06-25,1.15762,1.163915,1.152565,1.15456
2009-06-26,1.15456,1.15644,1.144585,1.15272
2009-06-29,1.15265,1.16018,1.15095,1.15635
2009-06-30,1.15635,1.164065,1.15105,1.16238
2009-07-01,1.16238,1.16555,1.14387,1.14964
2009-07-02,1.14964,1.16329,1.14722,1.16306
2009-07-03,1.16306,1.16392,1.156205,1.16073
2009-07-06,1.16148,1.168125,1.15874,1.15933
2009-07-07,1.15933,1.167315,1.154345,1.16642
2009-07-08,1.16642,1.172495,1.158755,1.16754
2009-07-09,1.16754,1.16812,1.15481,1.16241
2009-07-10,1.16241,1.16757,1.15992,1.16388
2009-07-13,1.16228,1.1672,1.150435,1.150465
2009-07-14,1.150465,1.15312,1.13229,1.13289
2009-07-15,1.13289,1.1349,1.11178,1.11261
2009-07-16,1.11261,1.122615,1.11235,1.11716
2009-07-17,1.11716,1.120095,1.11302,1.11347
2009-07-20,1.11636,1.11655,1.101985,1.10619
2009-07-21,1.10619,1.111525,1.096605,1.10378
2009-07-22,1.10378,1.10897,1.09502,1.09971
2009-07-23,1.09971,1.101195,1.084205,1.08887
2009-07-24,1.08887,1.09242,1.07948,1.08675
2009-07-27,1.08555,1.08794,1.077885,1.08118
2009-07-28,1.08118,1.09067,1.07504,1.08137
2009-07-29,1.08137,1.09348,1.07932,1.0895
2009-07-30,1.0895,1.0913,1.08051,1.08346
2009-07-31,1.08346,1.08573,1.07643,1.0776
2009-08-03,1.07667,1.07929,1.06436,1.06584
2009-08-04,1.06584,1.076705,1.06329,1.07264
2009-08-05,1.07264,1.07847,1.06793,1.07059
2009-08-06,1.07059,1.079965,1.06773,1.07773
2009-08-07,1.07773,1.08678,1.07573,1.08133
2009-08-10,1.08318,1.092945,1.07966,1.08873
2009-08-11,1.08873,1.104665,1.08667,1.10172
2009-08-12,1.10172,1.10759,1.084985,1.08936
2009-08-13,1.08936,1.09091,1.07926,1.08723
2009-08-14,1.08723,1.10227,1.08142,1.09822
2009-08-17,1.09938,1.112515,1.09922,1.10859
2009-08-18,1.10859,1.110735,1.100245,1.10095
2009-08-19,1.10095,1.11136,1.094295,1.09534
2009-08-20,1.09534,1.099605,1.086405,1.08698
2009-08-21,1.08698,1.09434,1.07632,1.08117
2009-08-24,1.08151,1.082605,1.072695,1.07618
2009-08-25,1.07618,1.087,1.07197,1.08684
2009-08-26,1.08684,1.10006,1.08311,1.09736
2009-08-27,1.09736,1.102055,1.08315,1.0876
2009-08-28,1.0876,1.0937,1.07919,1.0915
2009-08-31,1.09165,1.10922,1.09012,1.09378
2009-09-01,1.09378,1.1068,1.087225,1.10423
2009-09-02,1.10423,1.11031,1.100745,1.10517
2009-09-03,1.10517,1.107495,1.096795,1.10189
2009-09-04,1.10189,1.10378,1.08244,1.08881
2009-09-07,1.08665,1.08709,1.07413,1.07807
2009-09-08,1.07807,1.08232,1.067465,1.07853
2009-09-09,1.07853,1.08364,1.07466,1.07851
2009-09-10,1.07851,1.08802,1.07701,1.07714
2009-09-11,1.07714,1.07936,1.0716,1.07669
2009-09-14,1.07741,1.09262,1.07668,1.082795
2009-09-15,1.082795,1.0871,1.071295,1.072415
2009-09-16,1.072415,1.073685,1.06447,1.06597
2009-09-17,1.06597,1.06763,1.059205,1.06469
2009-09-18,1.06469,1.076915,1.0645,1.06918
2009-09-21,1.06981,1.085365,1.06794,1.079
2009-09-22,1.079,1.07907,1.066085,1.06913
2009-09-23,1.06913,1.07774,1.06626,1.07446
2009-09-24,1.07446,1.094765,1.07079,1.08922
2009-09-25,1.08922,1.098335,1.086075,1.091
2009-09-28,1.09099,1.09931,1.0833,1.08456
2009-09-29,1.08456,1.0924,1.07949,1.08455
2009-09-30,1.08455,1.08541,1.067185,1.06947
2009-10-01,1.06947,1.08461,1.0673,1.08384
2009-10-02,1.08384,1.09598,1.07894,1.07972
2009-10-05,1.07939,1.08241,1.06934,1.06952
2009-10-06,1.06952,1.07158,1.0547,1.05943
2009-10-07,1.05943,1.06482,1.05285,1.06109
2009-10-08,1.06109,1.06315,1.05053,1.05179
2009-10-09,1.05179,1.05523,1.041185,1.04226
2009-10-12,1.04356,1.0453,1.031865,1.03488
2009-10-13,1.03488,1.03748,1.02673,1.03198
2009-10-14,1.03198,1.03263,1.02354,1.02366
2009-10-15,1.02366,1.03719,1.02077,1.03389
2009-10-16,1.03389,1.04364,1.02893,1.03705
2009-10-19,1.03887,1.04224,1.02796,1.02836
2009-10-20,1.02836,1.05267,1.02665,1.04939
2009-10-21,1.04939,1.05832,1.03789,1.04293
2009-10-22,1.04293,1.05451,1.04186,1.04751
2009-10-23,1.04751,1.054565,1.04489,1.05381
2009-10-26,1.05227,1.06976,1.05028,1.06911
2009-10-27,1.06911,1.071755,1.062825,1.06474
2009-10-28,1.06474,1.08138,1.06376,1.08106
2009-10-29,1.08106,1.08222,1.065585,1.06656
2009-10-30,1.06656,1.08481,1.065405,1.08479
2009-11-02,1.08437,1.08703,1.071445,1.07678
2009-11-03,1.07678,1.08532,1.06552,1.06616
2009-11-04,1.06616,1.06859,1.059595,1.062845
2009-11-05,1.062845,1.06823,1.06064,1.06501
2009-11-06,1.06501,1.07804,1.06098,1.07534
2009-11-09,1.07199,1.07478,1.054295,1.05542
2009-11-10,1.05542,1.06085,1.04847,1.04956
2009-11-11,1.04956,1.05046,1.04332,1.04494
2009-11-12,1.04494,1.057695,1.041815,1.0557
2009-11-13,1.0557,1.056755,1.047315,1.05151
2009-11-16,1.05395,1.05418,1.042725,1.04752
2009-11-17,1.04752,1.06187,1.04659,1.05098
2009-11-18,1.05098,1.0583,1.045035,1.05471
2009-11-19,1.05471,1.068915,1.05453,1.06363
2009-11-20,1.06363,1.07335,1.061525,1.07061
2009-11-23,1.07048,1.07133,1.05407,1.05564
2009-11-24,1.05564,1.06435,1.05542,1.05796
2009-11-25,1.05796,1.058385,1.04505,1.04527
2009-11-26,1.04527,1.06214,1.04513,1.058995
2009-11-27,1.058995,1.075035,1.058195,1.0619
2009-11-30,1.05783,1.06197,1.053375,1.05624
2009-12-01,1.05624,1.057845,1.040705,1.04624
2009-12-02,1.04624,1.05159,1.043265,1.05107
2009-12-03,1.05107,1.05841,1.04632,1.0574
2009-12-04,1.0574,1.059625,1.043505,1.05801
2009-12-07,1.05628,1.06506,1.04834,1.05133
2009-12-08,1.05133,1.067085,1.048835,1.06392
2009-12-09,1.06392,1.066235,1.051585,1.05462
2009-12-10,1.05462,1.058415,1.047955,1.05171
2009-12-11,1.05171,1.062325,1.048515,1.06013
2009-12-14,1.06044,1.06636,1.056815,1.0588
2009-12-15,1.0588,1.065205,1.055345,1.06113
2009-12-16,1.06113,1.06433,1.057175,1.06124
2009-12-17,1.06124,1.074705,1.06105,1.07108
2009-12-18,1.07108,1.072645,1.062865,1.06643
2009-12-21,1.06688,1.06992,1.05365,1.06205
2009-12-22,1.06205,1.06338,1.0542,1.05724
2009-12-23,1.05724,1.057615,1.04708,1.04877
2009-12-24,1.04877,1.05085,1.0448,1.0498
2009-12-25,1.0498,1.05074,1.04784,1.04959
2009-12-28,1.04942,1.05009,1.041885,1.04291
2009-12-29,1.04291,1.044535,1.03671,1.04337
2009-12-30,1.04337,1.057855,1.04268,1.05534
2009-12-31,1.05534,1.05606,1.04565,1.05324
2010-01-01,1.05324,1.05335,1.05324,1.05331
2010-01-04,1.05175,1.05179,1.035165,1.041605
2010-01-05,1.041605,1.04211,1.03368,1.03895
2010-01-06,1.03895,1.040955,1.03131,1.03229
2010-01-07,1.03229,1.037345,1.02918,1.03462
2010-01-08,1.03462,1.03844,1.029495,1.02987
2010-01-11,1.02815,1.034395,1.025305,1.03347
2010-01-12,1.03347,1.04142,1.03141,1.03885
2010-01-13,1.03885,1.041185,1.02901,1.03091
2010-01-14,1.03091,1.03225,1.02252,1.0234
2010-01-15,1.0234,1.03141,1.02328,1.02913
2010-01-18,1.03016,1.03147,1.024835,1.02606
2010-01-19,1.02606,1.034845,1.024935,1.03138
2010-01-20,1.03138,1.048915,1.03034,1.04638
2010-01-21,1.04638,1.05254,1.043895,1.05245
2010-01-22,1.05245,1.06024,1.04649,1.05783
2010-01-25,1.05811,1.061295,1.053285,1.05768
2010-01-26,1.05768,1.06922,1.05469,1.06274
2010-01-27,1.06274,1.06881,1.06093,1.06421
2010-01-28,1.06421,1.06699,1.055675,1.0663
2010-01-29,1.0663,1.07057,1.062335,1.07042
2010-02-01,1.07068,1.07217,1.06061,1.06061
2010-02-02,1.06061,1.064065,1.056595,1.057
2010-02-03,1.057,1.06348,1.054695,1.06254
2010-02-04,1.06254,1.075295,1.059755,1.07437
2010-02-05,1.07437,1.07806,1.06441,1.07165
2010-02-08,1.06893,1.07587,1.065735,1.07578
2010-02-09,1.07578,1.07756,1.064565,1.0656
2010-02-10,1.0656,1.070815,1.059785,1.06217
2010-02-11,1.06217,1.06305,1.048005,1.04995
2010-02-12,1.04995,1.057945,1.048945,1.05034
2010-02-15,1.05122,1.053335,1.04637,1.04933
2010-02-16,1.04933,1.049955,1.04109,1.043
2010-02-17,1.043,1.047185,1.04119,1.04635
2010-02-18,1.04635,1.0498,1.039775,1.0471
2010-02-19,1.0471,1.053045,1.038895,1.0392
2010-02-22,1.03841,1.044105,1.03705,1.04297
2010-02-23,1.04297,1.057995,1.0382,1.0565
2010-02-24,1.0565,1.05943,1.05104,1.05363
2010-02-25,1.05363,1.068065,1.051395,1.06061
2010-02-26,1.06061,1.061905,1.05116,1.05177
2010-03-01,1.05472,1.05741,1.041035,1.04141
2010-03-02,1.04141,1.044315,1.03096,1.03557
2010-03-03,1.03557,1.0367,1.02747,1.03192
2010-03-04,1.03192,1.03398,1.027065,1.03168
2010-03-05,1.03168,1.03319,1.02611,1.02873
2010-03-08,1.02828,1.029465,1.025115,1.02712
2010-03-09,1.02712,1.032045,1.02363,1.02621
2010-03-10,1.02621,1.029235,1.021685,1.02452
2010-03-11,1.02452,1.032205,1.022935,1.0239
2010-03-12,1.0239,1.02514,1.01554,1.01931
2010-03-15,1.01768,1.023215,1.016515,1.01929
2010-03-16,1.01929,1.020285,1.01357,1.01406
2010-03-17,1.01406,1.014765,1.007135,1.01039
2010-03-18,1.01039,1.014335,1.008975,1.01402
2010-03-19,1.01402,1.018885,1.00624,1.01728
2010-03-22,1.01585,1.024345,1.014745,1.01896
2010-03-23,1.01896,1.022955,1.015195,1.01595
2010-03-24,1.01595,1.028195,1.01563,1.02676
2010-03-25,1.02676,1.02713,1.017135,1.02403
2010-03-26,1.02403,1.030415,1.020555,1.02662
2010-03-29,1.02548,1.02731,1.017685,1.02113
2010-03-30,1.02113,1.022315,1.01572,1.02004
2010-03-31,1.02004,1.02032,1.01292,1.01517
2010-04-01,1.01517,1.01619,1.006655,1.0086
2010-04-02,1.0086,1.012995,1.00812,1.01105
2010-04-05,1.00866,1.008935,1.00108,1.00225
2010-04-06,1.00225,1.004805,0.998815,1.00157
2010-04-07,1.00157,1.00641,0.997815,1.00641
2010-04-08,1.00641,1.01049,1.00187,1.00231
2010-04-09,1.00231,1.008545,0.99907,1.00269
2010-04-12,1.00237,1.008855,1.00119,1.00253
2010-04-13,1.00253,1.00655,1.00049,1.00102
2010-04-14,1.00102,1.00215,0.99546,0.99867
2010-04-15,0.99867,1.003655,0.996465,1.00205
2010-04-16,1.00205,1.01641,1.000405,1.01287
2010-04-19,1.01457,1.021545,1.013655,1.01449
2010-04-20,1.01449,1.016445,0.99714,0.99846
2010-04-21,0.99846,1.0014,0.993005,0.99973
2010-04-22,0.99973,1.003935,0.996075,1.00034
2010-04-23,1.00034,1.0065,0.996865,0.99912
2010-04-26,0.99981,1.002325,0.997125,1.00099
2010-04-27,1.00099,1.018145,1.000055,1.01755
2010-04-28,1.01755,1.019695,1.00747,1.0097
2010-04-29,1.0097,1.011335,1.001405,1.00518
2010-04-30,1.00518,1.01792,1.00163,1.01786
2010-05-03,1.0175,1.01865,1.01008,1.01076
2010-05-04,1.01076,1.02575,1.01036,1.02465
2010-05-05,1.02465,1.03557,1.023275,1.03073
2010-05-06,1.03073,1.07446,1.028235,1.05259
2010-05-07,1.05259,1.057145,1.03399,1.04404
2010-05-10,1.03478,1.039335,1.02105,1.02316
2010-05-11,1.02316,1.028835,1.01495,1.02203
2010-05-12,1.02203,1.024695,1.01535,1.01919
2010-05-13,1.01919,1.02085,1.011015,1.02002
2010-05-14,1.02002,1.03783,1.01953,1.03564
2010-05-17,1.03364,1.043875,1.03187,1.03254
2010-05-18,1.03254,1.04096,1.02466,1.03934
2010-05-19,1.03934,1.05384,1.03815,1.04377
2010-05-20,1.04377,1.07201,1.040445,1.07017
2010-05-21,1.07017,1.075045,1.05519,1.05955
2010-05-24,1.06072,1.066085,1.053465,1.06262
2010-05-25,1.06262,1.085485,1.06241,1.0675
2010-05-26,1.0675,1.074525,1.058095,1.07096
2010-05-27,1.07096,1.07191,1.04813,1.04819
2010-05-28,1.04819,1.05602,1.04433,1.05463
2010-05-31,1.05245,1.05538,1.04129,1.0445
2010-06-01,1.0445,1.05624,1.042195,1.05517
2010-06-02,1.05517,1.057185,1.03719,1.03829
2010-06-03,1.03829,1.04632,1.03339,1.04025
2010-06-04,1.04025,1.06289,1.03523,1.06282
2010-06-07,1.06278,1.067965,1.05156,1.06166
2010-06-08,1.06166,1.06182,1.04696,1.04748
2010-06-09,1.04748,1.051655,1.03649,1.04456
2010-06-10,1.04456,1.045405,1.02879,1.02973
2010-06-11,1.02973,1.03892,1.0297,1.03221
2010-06-14,1.03176,1.03498,1.02245,1.03385
2010-06-15,1.03385,1.03615,1.0242,1.02535
2010-06-16,1.02535,1.032345,1.02243,1.02429
2010-06-17,1.02429,1.03384,1.02245,1.02831
2010-06-18,1.02831,1.03129,1.02073,1.02181
2010-06-21,1.01884,1.0261,1.0139,1.02425
2010-06-22,1.02425,1.02958,1.01817,1.02958
2010-06-23,1.02958,1.04603,1.027285,1.03979
2010-06-24,1.03979,1.04699,1.03744,1.04298
2010-06-25,1.04298,1.044275,1.03404,1.03525
2010-06-28,1.03418,1.037235,1.032075,1.0358
2010-06-29,1.0358,1.05772,1.034295,1.05597
2010-06-30,1.05597,1.06486,1.046715,1.06389
2010-07-01,1.06389,1.067485,1.057815,1.05966
2010-07-02,1.05966,1.06686,1.055695,1.06239
2010-07-05,1.06184,1.067715,1.057645,1.06336
2010-07-06,1.06336,1.067745,1.048595,1.05444
2010-07-07,1.05444,1.06062,1.0464,1.04666
2010-07-08,1.04666,1.04875,1.03797,1.04206
2010-07-09,1.04206,1.04552,1.029775,1.03381
2010-07-12,1.03225,1.03865,1.030095,1.03714
2010-07-13,1.03714,1.0386,1.02769,1.02997
2010-07-14,1.02997,1.037075,1.028595,1.03261
2010-07-15,1.03261,1.04431,1.02832,1.03823
2010-07-16,1.03823,1.0584,1.03798,1.05827
2010-07-19,1.05646,1.058125,1.049945,1.05494
2010-07-20,1.05494,1.058625,1.04311,1.04348
2010-07-21,1.04348,1.05024,1.035175,1.04907
2010-07-22,1.04907,1.050385,1.035605,1.03715
2010-07-23,1.03715,1.0439,1.034685,1.03586
2010-07-26,1.03802,1.03884,1.030345,1.03225
2010-07-27,1.03225,1.03955,1.02569,1.03537
2010-07-28,1.03537,1.039105,1.029885,1.03885
2010-07-29,1.03885,1.039205,1.030365,1.03664
2010-07-30,1.03664,1.03761,1.02649,1.02969
2010-08-02,1.02875,1.03018,1.020495,1.02295
2010-08-03,1.02295,1.02741,1.02199,1.02346
2010-08-04,1.02346,1.02718,1.01631,1.01824
2010-08-05,1.01824,1.018755,1.01076,1.01679
2010-08-06,1.01679,1.03063,1.01473,1.02726
2010-08-09,1.02683,1.02998,1.02563,1.02701
2010-08-10,1.02701,1.038815,1.02682,1.03141
2010-08-11,1.03141,1.04741,1.0303,1.04628
2010-08-12,1.04628,1.049395,1.042125,1.04232
2010-08-13,1.04232,1.04392,1.03508,1.04185
2010-08-16,1.04143,1.04653,1.03713,1.04345
2010-08-17,1.04345,1.04393,1.03088,1.03208
2010-08-18,1.03208,1.034155,1.027095,1.02955
2010-08-19,1.02955,1.04164,1.024805,1.04039
2010-08-20,1.04039,1.0515,1.038265,1.04747
2010-08-23,1.0494,1.053,1.04448,1.05215
2010-08-24,1.05215,1.06643,1.05122,1.06144
2010-08-25,1.06144,1.0668,1.05744,1.05962
2010-08-26,1.05962,1.06055,1.05219,1.05789
2010-08-27,1.05789,1.06495,1.05061,1.05078
2010-08-30,1.04932,1.06047,1.047255,1.05996
2010-08-31,1.05996,1.067335,1.05753,1.06561
2010-09-01,1.06561,1.06569,1.048455,1.0497
2010-09-02,1.0497,1.055545,1.047155,1.05228
2010-09-03,1.05228,1.0569,1.0382,1.03877
2010-09-06,1.03983,1.040385,1.03407,1.03538
2010-09-07,1.03538,1.0482,1.03497,1.04788
2010-09-08,1.04788,1.05088,1.03463,1.03745
2010-09-09,1.03745,1.039455,1.03019,1.03396
2010-09-10,1.03396,1.03745,1.02875,1.03699
2010-09-13,1.03352,1.034595,1.02659,1.02718
2010-09-14,1.02718,1.030585,1.02168,1.02763
2010-09-15,1.02763,1.032105,1.02519,1.0262
2010-09-16,1.0262,1.029075,1.02399,1.0266
2010-09-17,1.0266,1.03504,1.02167,1.03296
2010-09-20,1.03225,1.034725,1.02619,1.02823
2010-09-21,1.02823,1.0331,1.02166,1.02682
2010-09-22,1.02682,1.03588,1.01917,1.03072
2010-09-23,1.03072,1.03798,1.028445,1.03422
2010-09-24,1.03422,1.035545,1.02263,1.0241
2010-09-27,1.02454,1.02984,1.02234,1.0292
2010-09-28,1.0292,1.03618,1.02831,1.02971
2010-09-29,1.02971,1.03417,1.02406,1.0326
2010-09-30,1.0326,1.034575,1.02312,1.02925
2010-10-01,1.02925,1.03139,1.01877,1.01966
2010-10-04,1.01907,1.02446,1.018055,1.02392
2010-10-05,1.02392,1.027305,1.01543,1.0158
2010-10-06,1.0158,1.016705,1.006265,1.01113
2010-10-07,1.01113,1.021145,1.00782,1.01749
2010-10-08,1.01749,1.02303,1.00919,1.01109
2010-10-11,1.01012,1.01503,1.009255,1.01372
2010-10-12,1.01372,1.01833,1.00898,1.01011
2010-10-13,1.01011,1.010575,1.00117,1.00334
2010-10-14,1.00334,1.00742,0.99807,1.004
2010-10-15,1.004,1.01393,1.00129,1.01035
2010-10-18,1.01199,1.02282,1.01183,1.01721
2010-10-19,1.01721,1.037365,1.016225,1.0336
2010-10-20,1.0336,1.034935,1.02075,1.02103
2010-10-21,1.02103,1.030225,1.01685,1.02672
2010-10-22,1.02672,1.030225,1.02235,1.02585
2010-10-25,1.02545,1.02687,1.015475,1.01995
2010-10-26,1.01995,1.026655,1.018165,1.02387
2010-10-27,1.02387,1.03395,1.022645,1.0281
2010-10-28,1.0281,1.028655,1.01817,1.0211
2010-10-29,1.0211,1.024855,1.01692,1.0194
2010-11-01,1.01926,1.02029,1.01269,1.01524
2010-11-02,1.01524,1.017345,1.00817,1.00817
2010-11-03,1.00817,1.015665,1.00471,1.00525
2010-11-04,1.00525,1.01278,1.00104,1.00215
2010-11-05,1.00215,1.0092,0.9992,1.00027
2010-11-08,1.00048,1.00551,0.999455,1.00354
2010-11-09,1.00354,1.009445,0.99801,1.00801
2010-11-10,1.00801,1.00921,0.999365,1.00093
2010-11-11,1.00093,1.007245,0.997775,1.00332
2010-11-12,1.00332,1.01461,1.002775,1.01235
2010-11-15,1.01089,1.013945,1.005705,1.00985
2010-11-16,1.00985,1.025415,1.006985,1.02232
2010-11-17,1.02232,1.02619,1.018145,1.0246
2010-11-18,1.0246,1.02476,1.01556,1.01898
2010-11-19,1.01898,1.0234,1.01644,1.01685
2010-11-22,1.01672,1.02172,1.01221,1.01872
2010-11-23,1.01872,1.026425,1.01631,1.02468
2010-11-24,1.02468,1.02468,1.009155,1.00989
2010-11-25,1.00989,1.01239,1.007765,1.00922
2010-11-26,1.00922,1.024735,1.008565,1.02125
2010-11-29,1.01674,1.02582,1.01674,1.01805
2010-11-30,1.01805,1.028675,1.017165,1.02644
2010-12-01,1.02644,1.027225,1.01432,1.01702
2010-12-02,1.01702,1.018995,1.0026,1.00268
2010-12-03,1.00268,1.00807,1.00031,1.00399
2010-12-06,1.00362,1.00833,1.00221,1.00565
2010-12-07,1.00565,1.01262,1.0012,1.01238
2010-12-08,1.01238,1.01409,1.00636,1.0112
2010-12-09,1.0112,1.01262,1.0067,1.01062
2010-12-10,1.01062,1.01167,1.00839,1.00903
2010-12-13,1.0102,1.01079,1.00277,1.00737
2010-12-14,1.00737,1.01115,1.00289,1.00617
2010-12-15,1.00617,1.009535,1.00015,1.00494
2010-12-16,1.00494,1.00753,1.00326,1.00621
2010-12-17,1.00621,1.014675,1.003865,1.01402
2010-12-20,1.01279,1.02084,1.01025,1.01675
2010-12-21,1.01675,1.02067,1.015145,1.01702
2010-12-22,1.01702,1.017845,1.011145,1.01325
2010-12-23,1.01325,1.016535,1.007145,1.00929
2010-12-24,1.00929,1.01153,1.00507,1.0084
2010-12-27,1.00815,1.011095,1.005855,1.00685
2010-12-28,1.00685,1.007225,0.99755,1.00103
2010-12-29,1.00103,1.005615,0.997525,1.0008
2010-12-30,1.0008,1.00226,0.99915,1.00003
2010-12-31,1.00003,1.00078,0.99259,0.99795
2011-01-03,0.99488,0.99534,0.988975,0.99389
2011-01-04,0.99389,1.003435,0.991755,0.99835
2011-01-05,0.99835,1.002355,0.99342,0.99569
2011-01-06,0.99569,0.9994,0.99259,0.99665
2011-01-07,0.99665,1.000435,0.989985,0.99355
2011-01-10,0.99324,0.998415,0.99117,0.99335
2011-01-11,0.99335,0.995025,0.989265,0.99039
2011-01-12,0.99039,0.99128,0.98488,0.98567
2011-01-13,0.98567,0.99092,0.98541,0.98916
2011-01-14,0.98916,0.99773,0.98861,0.9909
2011-01-17,0.98818,0.990155,0.985655,0.98705
2011-01-18,0.98705,0.9935,0.983785,0.99124
2011-01-19,0.99124,0.99665,0.98891,0.99576
2011-01-20,0.99576,1.00311,0.99498,0.99732
2011-01-21,0.99732,0.998815,0.99091,0.99318
2011-01-24,0.99353,0.99827,0.9919,0.99351
2011-01-25,0.99351,1.00043,0.991185,0.99685
2011-01-26,0.99685,0.998135,0.993685,0.99405
2011-01-27,0.99405,0.99867,0.99267,0.99345
2011-01-28,0.99345,1.001715,0.99345,1.00115
2011-01-31,1.00168,1.00578,0.99627,1.00095
2011-02-01,1.00095,1.001,0.99004,0.99059
2011-02-02,0.99059,0.991625,0.98607,0.98789
2011-02-03,0.98789,0.99221,0.98659,0.9911
2011-02-04,0.9911,0.997905,0.98319,0.9873
2011-02-07,0.98821,0.99124,0.98585,0.99083
2011-02-08,0.99083,0.99773,0.98691,0.99517
2011-02-09,0.99517,0.99561,0.991565,0.99379
2011-02-10,0.99379,0.99875,0.99327,0.99527
2011-02-11,0.99527,0.99864,0.98627,0.9874
2011-02-14,0.98943,0.99021,0.98165,0.98908
2011-02-15,0.98908,0.99024,0.98517,0.98977
2011-02-16,0.98977,0.99042,0.98466,0.98485
2011-02-17,0.98485,0.98591,0.98161,0.9843
2011-02-18,0.9843,0.98743,0.98188,0.98676
2011-02-21,0.98545,0.987225,0.98225,0.98301
2011-02-22,0.98301,0.99196,0.982385,0.99077
2011-02-23,0.99077,0.995915,0.98586,0.98951
2011-02-24,0.98951,0.99028,0.98166,0.98261
2011-02-25,0.98261,0.98324,0.97731,0.97747
2011-02-28,0.97869,0.978935,0.971015,0.97167
2011-03-01,0.97167,0.97553,0.96842,0.9747
2011-03-02,0.9747,0.977565,0.970845,0.9733
2011-03-03,0.9733,0.975295,0.971485,0.97206
2011-03-04,0.97206,0.97431,0.96999,0.97345
2011-03-07,0.97333,0.97434,0.97005,0.9733
2011-03-08,0.9733,0.974845,0.97077,0.97142
2011-03-09,0.97142,0.97153,0.96678,0.96848
2011-03-10,0.96848,0.97673,0.96835,0.97602
2011-03-11,0.97602,0.980235,0.97056,0.97315
2011-03-14,0.97332,0.97642,0.97107,0.9738
2011-03-15,0.9738,0.997425,0.97341,0.98595
2011-03-16,0.98595,0.99675,0.980715,0.99141
2011-03-17,0.99141,0.99519,0.98349,0.98477
2011-03-18,0.98477,0.986675,0.9803,0.98431
2011-03-21,0.984915,0.985605,0.97498,0.9779
2011-03-22,0.9779,0.98134,0.97471,0.98063
2011-03-23,0.98063,0.984375,0.979215,0.98154
2011-03-24,0.98154,0.982475,0.97316,0.97516
2011-03-25,0.97516,0.98274,0.97422,0.98032
2011-03-28,0.98037,0.98247,0.97419,0.97797
2011-03-29,0.97797,0.978535,0.97389,0.97443
2011-03-30,0.97443,0.975375,0.968655,0.97086
2011-03-31,0.97086,0.97293,0.96835,0.97056
2011-04-01,0.97056,0.97062,0.962655,0.96325
2011-04-04,0.96388,0.96872,0.96165,0.96697
2011-04-05,0.96697,0.96933,0.962765,0.96386
2011-04-06,0.96386,0.96419,0.95689,0.96081
2011-04-07,0.96081,0.96242,0.95706,0.9583
2011-04-08,0.9583,0.959435,0.952695,0.95543
2011-04-11,0.95522,0.95775,0.95426,0.95661
2011-04-12,0.95661,0.965785,0.95566,0.96346
2011-04-13,0.96346,0.96552,0.95857,0.96227
2011-04-14,0.96227,0.96695,0.95955,0.96113
2011-04-15,0.96113,0.96493,0.95917,0.95921
2011-04-18,0.95897,0.97216,0.9587,0.9642
2011-04-19,0.9642,0.96669,0.95487,0.95613
2011-04-20,0.95613,0.95651,0.94978,0.95258
2011-04-21,0.95258,0.95375,0.94546,0.95317
2011-04-22,0.95317,0.9548,0.95197,0.95445
2011-04-25,0.95251,0.956115,0.950375,0.95438
2011-04-26,0.95438,0.95623,0.9496,0.95155
2011-04-27,0.95155,0.95764,0.948775,0.94972
2011-04-28,0.94972,0.952075,0.946515,0.95064
2011-04-29,0.95064,0.95496,0.94456,0.94501
2011-05-02,0.94572,0.95187,0.94469,0.9506
2011-05-03,0.9506,0.9542,0.94593,0.95264
2011-05-04,0.95264,0.96039,0.950505,0.95934
2011-05-05,0.95934,0.971285,0.956905,0.96695
2011-05-06,0.96695,0.970295,0.957395,0.9666
2011-05-09,0.96672,0.969625,0.960465,0.96178
2011-05-10,0.96178,0.96534,0.95678,0.95678
2011-05-11,0.95678,0.96389,0.95131,0.96201
2011-05-12,0.96201,0.969445,0.95979,0.9627
2011-05-13,0.9627,0.974405,0.96048,0.96857
2011-05-16,0.96887,0.97701,0.96839,0.97582
2011-05-17,0.97582,0.979345,0.97174,0.97219
2011-05-18,0.97219,0.975975,0.96973,0.97006
2011-05-19,0.97006,0.97141,0.96539,0.96757
2011-05-20,0.96757,0.977175,0.96416,0.97409
2011-05-23,0.97407,0.98101,0.97348,0.97792
2011-05-24,0.97792,0.979305,0.97543,0.97675
2011-05-25,0.97675,0.98163,0.97438,0.97691
2011-05-26,0.97691,0.98157,0.975685,0.97773
2011-05-27,0.97773,0.97983,0.97534,0.97618
2011-05-30,0.97791,0.97872,0.97523,0.97706
2011-05-31,0.97706,0.9772,0.9655,0.96842
2011-06-01,0.96842,0.97749,0.96675,0.97739
2011-06-02,0.97739,0.980965,0.9745,0.97591
2011-06-03,0.97591,0.985215,0.974465,0.97829
2011-06-06,0.97832,0.98172,0.976835,0.98093
2011-06-07,0.98093,0.98108,0.97319,0.97454
2011-06-08,0.97454,0.98208,0.97383,0.97933
2011-06-09,0.97933,0.981345,0.97239,0.97295
2011-06-10,0.97295,0.97991,0.97137,0.97984
2011-06-13,0.97947,0.98008,0.975395,0.97603
2011-06-14,0.97603,0.97721,0.96755,0.96821
2011-06-15,0.96821,0.982905,0.9671,0.97912
2011-06-16,0.97912,0.98985,0.97728,0.98121
2011-06-17,0.98121,0.98696,0.97759,0.97942
2011-06-20,0.9818,0.98494,0.978215,0.97985
2011-06-21,0.97985,0.980555,0.97108,0.9711
2011-06-22,0.9711,0.97535,0.970115,0.97387
2011-06-23,0.97387,0.98243,0.97138,0.979
2011-06-24,0.979,0.98872,0.977065,0.98854
2011-06-27,0.98682,0.9913,0.9858,0.98609
2011-06-28,0.98609,0.98844,0.98114,0.98114
2011-06-29,0.98114,0.9825,0.969,0.96948
2011-06-30,0.96948,0.97055,0.962485,0.9634
2011-07-01,0.9634,0.965125,0.95806,0.95858
2011-07-04,0.95964,0.96181,0.957955,0.9611
2011-07-05,0.9611,0.96424,0.959415,0.96335
2011-07-06,0.96335,0.96947,0.96149,0.96532
2011-07-07,0.96532,0.96665,0.95695,0.95867
2011-07-08,0.95867,0.96657,0.95664,0.96213
2011-07-11,0.96161,0.969545,0.96156,0.96882
2011-07-12,0.96882,0.977885,0.962655,0.96658
2011-07-13,0.96658,0.96689,0.95783,0.95817
2011-07-14,0.95817,0.96169,0.95495,0.96055
2011-07-15,0.96055,0.962415,0.95207,0.95345
2011-07-18,0.95466,0.96356,0.95367,0.95973
2011-07-19,0.95973,0.960155,0.94826,0.95008
2011-07-20,0.95008,0.95132,0.94573,0.94744
2011-07-21,0.94744,0.94933,0.942355,0.94329
2011-07-22,0.94329,0.95303,0.94244,0.94787
2011-07-25,0.94898,0.952495,0.94346,0.94712
2011-07-26,0.94712,0.9475,0.94066,0.94431
2011-07-27,0.94431,0.95061,0.94108,0.94982
2011-07-28,0.94982,0.9523,0.94577,0.94927
2011-07-29,0.94927,0.959005,0.948665,0.9553
2011-08-01,0.9539,0.96054,0.94917,0.95709
2011-08-02,0.95709,0.96185,0.95479,0.96129
2011-08-03,0.96129,0.96471,0.95686,0.96213
2011-08-04,0.96213,0.98158,0.9603,0.98151
2011-08-05,0.98151,0.985395,0.974265,0.98201
2011-08-08,0.98154,0.99452,0.978275,0.99447
2011-08-09,0.99447,1.00097,0.97694,0.97722
2011-08-10,0.97722,0.995405,0.9767,0.99484
2011-08-11,0.99484,0.996855,0.98407,0.98419
2011-08-12,0.98419,0.991895,0.983425,0.98713
2011-08-15,0.98755,0.99062,0.97918,0.97918
2011-08-16,0.97918,0.98721,0.97908,0.98231
2011-08-17,0.98231,0.98465,0.977535,0.98069
2011-08-18,0.98069,0.993865,0.97996,0.99044
2011-08-19,0.99044,0.99268,0.982655,0.9901
2011-08-22,0.99073,0.99188,0.98293,0.99046
2011-08-23,0.99046,0.990985,0.984975,0.98738
2011-08-24,0.98738,0.99054,0.98401,0.98716
2011-08-25,0.98716,0.988735,0.979175,0.98831
2011-08-26,0.98831,0.99243,0.98097,0.98141
2011-08-29,0.97993,0.98334,0.974075,0.97699
2011-08-30,0.97699,0.981715,0.975805,0.97785
2011-08-31,0.97785,0.98016,0.972555,0.97769
2011-09-01,0.97769,0.979645,0.973665,0.97679
2011-09-02,0.97679,0.98578,0.97543,0.98505
2011-09-05,0.98644,0.993265,0.985365,0.99065
2011-09-06,0.99065,0.996645,0.986435,0.99051
2011-09-07,0.99051,0.99113,0.98316,0.9833
2011-09-08,0.9833,0.98973,0.983025,0.98943
2011-09-09,0.98943,0.99789,0.986915,0.99666
2011-09-12,0.99741,1.00266,0.99162,0.99274
2011-09-13,0.99274,0.997695,0.985075,0.98569
2011-09-14,0.98569,0.994035,0.984665,0.98928
2011-09-15,0.98928,0.99506,0.98305,0.98357
2011-09-16,0.98357,0.98611,0.97804,0.97804
2011-09-19,0.9812,0.992345,0.980635,0.9907
2011-09-20,0.9907,0.994865,0.98827,0.99262
2011-09-21,0.99262,1.00886,0.99109,1.00809
2011-09-22,1.00809,1.036125,1.00526,1.02845
2011-09-23,1.02845,1.03491,1.02251,1.02795
2011-09-26,1.02808,1.03853,1.02512,1.02512
2011-09-27,1.02512,1.02811,1.014405,1.01933
2011-09-28,1.01933,1.03378,1.01924,1.03351
2011-09-29,1.03351,1.040235,1.025675,1.03588
2011-09-30,1.03588,1.0503,1.03522,1.05025
2011-10-03,1.04906,1.05482,1.043275,1.05464
2011-10-04,1.05464,1.065785,1.051135,1.05131
2011-10-05,1.05131,1.05718,1.039675,1.0402
2011-10-06,1.0402,1.04829,1.037095,1.0371
2011-10-07,1.0371,1.04187,1.02354,1.03956
2011-10-10,1.03898,1.03968,1.02514,1.02583
2011-10-11,1.02583,1.03386,1.025685,1.02997
2011-10-12,1.02997,1.03287,1.01335,1.01721
2011-10-13,1.01721,1.02728,1.016415,1.02093
2011-10-14,1.02093,1.023485,1.00967,1.0098
2011-10-17,1.01116,1.02375,1.00439,1.02347
2011-10-18,1.02347,1.026365,1.011175,1.01413
2011-10-19,1.01413,1.021685,1.008565,1.02058
2011-10-20,1.02058,1.02464,1.013205,1.01547
2011-10-21,1.01547,1.018815,1.006695,1.0068
2011-10-24,1.00959,1.01014,1.002215,1.00378
2011-10-25,1.00378,1.021275,0.999125,1.01668
2011-10-26,1.01668,1.017705,1.0037,1.00425
2011-10-27,1.00425,1.00514,0.989255,0.99092
2011-10-28,0.99092,0.997025,0.98956,0.99177
2011-10-31,0.99174,1.00275,0.99134,1.00077
2011-11-01,1.00077,1.020805,0.99747,1.02035
2011-11-02,1.02035,1.02232,1.010665,1.01353
2011-11-03,1.01353,1.02164,1.0055,1.00666
2011-11-04,1.00666,1.02285,1.0066,1.01875
2011-11-07,1.01678,1.0204,1.01241,1.01262
2011-11-08,1.01262,1.01822,1.007685,1.00876
2011-11-09,1.00876,1.02461,1.007885,1.02461
2011-11-10,1.02461,1.026615,1.016425,1.01694
2011-11-11,1.01694,1.023245,1.00963,1.0103
2011-11-14,1.00822,1.019475,1.00822,1.01678
2011-11-15,1.01678,1.026295,1.015935,1.02106
2011-11-16,1.02106,1.028785,1.017245,1.02451
2011-11-17,1.02451,1.02951,1.020845,1.02922
2011-11-18,1.02922,1.03019,1.01997,1.02772
2011-11-21,1.02732,1.041895,1.02704,1.04003
2011-11-22,1.04003,1.041315,1.034655,1.03828
2011-11-23,1.03828,1.049745,1.03747,1.04861
2011-11-24,1.04861,1.049215,1.043855,1.04704
2011-11-25,1.04704,1.052325,1.043915,1.04715
2011-11-28,1.0424,1.04481,1.03046,1.03411
2011-11-29,1.03411,1.036425,1.0259,1.03214
2011-11-30,1.03214,1.036345,1.0124,1.01741
2011-12-01,1.01741,1.022325,1.013685,1.0139
2011-12-02,1.0139,1.01972,1.00798,1.0194
2011-12-05,1.01666,1.019415,1.01213,1.01644
2011-12-06,1.01644,1.02071,1.008565,1.01005
2011-12-07,1.01005,1.013325,1.00663,1.00989
2011-12-08,1.00989,1.023415,1.005245,1.0231
2011-12-09,1.0231,1.026255,1.01678,1.01708
2011-12-12,1.0191,1.02855,1.018425,1.02708
2011-12-13,1.02708,1.03495,1.0232,1.03425
2011-12-14,1.03425,1.042355,1.032705,1.03964
2011-12-15,1.03964,1.040535,1.032085,1.03503
2011-12-16,1.03503,1.04069,1.02981,1.03835
2011-12-19,1.03676,1.041525,1.033475,1.0389
2011-12-20,1.0389,1.03901,1.026365,1.02979
2011-12-21,1.02979,1.03096,1.020925,1.02663
2011-12-22,1.02663,1.028135,1.02017,1.02031
2011-12-23,1.02031,1.021485,1.018155,1.02068
2011-12-26,1.02068,1.02343,1.01843,1.02046
2011-12-27,1.02046,1.021615,1.01784,1.0186
2011-12-28,1.0186,1.02512,1.01268,1.02442
2011-12-29,1.02442,1.026925,1.01985,1.01994
2011-12-30,1.01994,1.02204,1.01576,1.02186
2012-01-02,1.02112,1.02133,1.01783,1.01884
2012-01-03,1.01884,1.01962,1.007645,1.0104
2012-01-04,1.0104,1.01621,1.01037,1.01273
2012-01-05,1.01273,1.022565,1.012125,1.01977
2012-01-06,1.01977,1.02861,1.01706,1.02851
2012-01-09,1.02797,1.03196,1.022635,1.0235
2012-01-10,1.0235,1.0241,1.015475,1.01549
2012-01-11,1.01549,1.02104,1.013985,1.01953
2012-01-12,1.01953,1.02115,1.01405,1.01908
2012-01-13,1.01908,1.028365,1.01636,1.02327
2012-01-16,1.02473,1.02534,1.0165,1.0179
2012-01-17,1.0179,1.018865,1.01128,1.01517
2012-01-18,1.01517,1.01775,1.0111,1.01116
2012-01-19,1.01116,1.01282,1.00713,1.01074
2012-01-20,1.01074,1.01606,1.01074,1.01328
2012-01-23,1.01451,1.01626,1.00528,1.00855
2012-01-24,1.00855,1.014135,1.007215,1.00896
2012-01-25,1.00896,1.01479,1.00287,1.00433
2012-01-26,1.00433,1.00485,0.998165,1.00173
2012-01-27,1.00173,1.004125,0.998825,1.00175
2012-01-30,1.00152,1.007045,1.00113,1.00148
2012-01-31,1.00148,1.00538,0.996565,1.00258
2012-02-01,1.00258,1.004845,0.99638,0.99863
2012-02-02,0.99863,1.00105,0.99689,0.99927
2012-02-03,0.99927,1.003325,0.992835,0.99341
2012-02-06,0.99458,0.999345,0.99291,0.99593
2012-02-07,0.99593,0.999505,0.994115,0.99454
2012-02-08,0.99454,0.99902,0.993535,0.996
2012-02-09,0.996,0.99804,0.992555,0.99449
2012-02-10,0.99449,1.0039,0.99444,1.0013
2012-02-13,1.00111,1.00165,0.99723,0.99974
2012-02-14,0.99974,1.002725,0.997955,0.9991
2012-02-15,0.9991,1.00039,0.993885,0.99999
2012-02-16,0.99999,1.00514,0.99538,0.99666
2012-02-17,0.99666,0.998445,0.994165,0.99734
2012-02-20,0.99318,0.994245,0.990705,0.9935
2012-02-21,0.9935,0.9976,0.992475,0.99686
2012-02-22,0.99686,1.00195,0.995455,0.9998
2012-02-23,0.9998,1.00106,0.99538,0.99745
2012-02-24,0.99745,1.000325,0.996655,0.9994
2012-02-27,0.99868,1.004925,0.99769,0.99893
2012-02-28,0.99893,0.99949,0.994185,0.99539
2012-02-29,0.99539,0.99579,0.98448,0.98994
2012-03-01,0.98994,0.99025,0.98423,0.98551
2012-03-02,0.98551,0.98974,0.98487,0.98926
2012-03-05,0.98943,0.99596,0.98859,0.99465
2012-03-06,0.99465,1.002825,0.99371,1.00192
2012-03-07,1.00192,1.00252,0.997455,0.99748
2012-03-08,0.99748,0.99906,0.989345,0.99027
2012-03-09,0.99027,0.99361,0.98726,0.99072
2012-03-12,0.99136,0.994725,0.98991,0.99245
2012-03-13,0.99245,0.99311,0.98854,0.98858
2012-03-14,0.98858,0.99448,0.98815,0.99265
2012-03-15,0.99265,0.99489,0.99061,0.99182
2012-03-16,0.99182,0.994105,0.990095,0.99172
2012-03-19,0.99135,0.99306,0.98607,0.98689
2012-03-20,0.98689,0.996895,0.98646,0.99155
2012-03-21,0.99155,0.993535,0.987505,0.99225
2012-03-22,0.99225,1.00083,0.99122,0.99919
2012-03-23,0.99919,1.003435,0.99715,0.99777
2012-03-26,0.9983,0.999935,0.99063,0.99067
2012-03-27,0.99067,0.99561,0.99009,0.99486
2012-03-28,0.99486,1.000035,0.994695,0.99834
2012-03-29,0.99834,1.00188,0.99632,0.99645
2012-03-30,0.99645,0.99992,0.99534,0.99865
2012-04-02,0.99591,0.999055,0.98888,0.99055
2012-04-03,0.99055,0.99286,0.98887,0.99112
2012-04-04,0.99112,0.997365,0.99044,0.99629
2012-04-05,0.99629,0.99981,0.990745,0.99308
2012-04-06,0.99308,0.99859,0.991725,0.99709
2012-04-09,0.9974,1.00017,0.994475,0.99762
2012-04-10,0.99762,1.00451,0.99507,1.00442
2012-04-11,1.00442,1.005245,1.000895,1.00382
2012-04-12,1.00382,1.00424,0.994065,0.99432
2012-04-13,0.99432,0.99965,0.99268,0.99965
2012-04-16,0.99899,1.003265,0.997385,0.99937
2012-04-17,0.99937,1.001145,0.986545,0.9903
2012-04-18,0.9903,0.992375,0.98826,0.99118
2012-04-19,0.99118,0.996385,0.988015,0.99565
2012-04-20,0.99565,0.995905,0.989755,0.99237
2012-04-23,0.99217,0.99786,0.99059,0.9913
2012-04-24,0.9913,0.992915,0.98705,0.98709
2012-04-25,0.98709,0.98806,0.982335,0.98342
2012-04-26,0.98342,0.984715,0.9807,0.98442
2012-04-27,0.98442,0.987015,0.980055,0.98051
2012-04-30,0.98095,0.989455,0.980475,0.98722
2012-05-01,0.98722,0.989795,0.98332,0.98537
2012-05-02,0.98537,0.990385,0.98497,0.98631
2012-05-03,0.98631,0.98926,0.98287,0.98848
2012-05-04,0.98848,0.996325,0.986185,0.99592
2012-05-07,0.99583,0.998755,0.99271,0.99316
2012-05-08,0.99316,1.002245,0.992395,0.99867
2012-05-09,0.99867,1.0063,0.998475,1.00259
2012-05-10,1.00259,1.00312,0.997745,1.00208
2012-05-11,1.00208,1.005455,0.995445,1.00057
2012-05-14,1.00018,1.005295,0.999275,1.00373
2012-05-15,1.00373,1.007375,0.99901,1.00712
2012-05-16,1.00712,1.01324,1.005445,1.01226
2012-05-17,1.01226,1.0196,1.01049,1.01956
2012-05-18,1.01956,1.02272,1.013915,1.02226
2012-05-21,1.02228,1.024655,1.01654,1.01749
2012-05-22,1.01749,1.02346,1.01524,1.02057
2012-05-23,1.02057,1.02961,1.02045,1.02518
2012-05-24,1.02518,1.0296,1.022625,1.02682
2012-05-25,1.02682,1.03121,1.024705,1.02932
2012-05-28,1.0266,1.02718,1.02238,1.02388
2012-05-29,1.02388,1.026975,1.020755,1.02213
2012-05-30,1.02213,1.031125,1.02184,1.03013
2012-05-31,1.03013,1.036605,1.02622,1.03281
2012-06-01,1.03281,1.04427,1.03175,1.04106
2012-06-04,1.03905,1.04463,1.03692,1.03938
2012-06-05,1.03938,1.04258,1.036165,1.03818
2012-06-06,1.03818,1.038365,1.02707,1.02758
2012-06-07,1.02758,1.02962,1.021065,1.02789
2012-06-08,1.02789,1.03548,1.02584,1.02699
2012-06-11,1.02235,1.0317,1.02015,1.03166
2012-06-12,1.03166,1.032575,1.02566,1.02644
2012-06-13,1.02644,1.03023,1.02418,1.03023
2012-06-14,1.03023,1.03028,1.0226,1.02265
2012-06-15,1.02265,1.02563,1.02161,1.02163
2012-06-18,1.02093,1.027945,1.019265,1.02427
2012-06-19,1.02427,1.02441,1.0167,1.01781
2012-06-20,1.01781,1.02322,1.01597,1.01827
2012-06-21,1.01827,1.02973,1.01763,1.02969
2012-06-22,1.02969,1.03006,1.02423,1.02464
2012-06-25,1.02722,1.031775,1.02538,1.02924
2012-06-26,1.02924,1.02968,1.02332,1.02385
2012-06-27,1.02385,1.02677,1.02362,1.02495
2012-06-28,1.02495,1.036315,1.02325,1.03316
2012-06-29,1.03316,1.034225,1.01658,1.01658
2012-07-02,1.0164,1.02016,1.01561,1.01716
2012-07-03,1.01716,1.017275,1.01213,1.01219
2012-07-04,1.01219,1.01421,1.012095,1.01319
2012-07-05,1.01319,1.015725,1.01009,1.01421
2012-07-06,1.01421,1.020795,1.01403,1.01948
2012-07-09,1.0207,1.02211,1.018355,1.01916
2012-07-10,1.01916,1.023,1.01661,1.02256
2012-07-11,1.02256,1.023105,1.017365,1.01986
2012-07-12,1.01986,1.024985,1.017735,1.01911
2012-07-13,1.01911,1.02035,1.01299,1.01377
2012-07-16,1.01355,1.01731,1.01326,1.014945
2012-07-17,1.014945,1.016935,1.01196,1.01196
2012-07-18,1.01196,1.01494,1.01014,1.01026
2012-07-19,1.01026,1.01072,1.006625,1.007385
2012-07-20,1.007385,1.013075,1.006925,1.01279
2012-07-23,1.01413,1.02042,1.0129,1.0188
2012-07-24,1.0188,1.02271,1.0158,1.02207
2012-07-25,1.02207,1.02318,1.01394,1.015535
2012-07-26,1.015535,1.016625,1.00636,1.010225
2012-07-27,1.010225,1.0106,1.0031,1.00318
2012-07-30,1.00447,1.00535,1.00137,1.00166
2012-07-31,1.00166,1.00432,1.00036,1.00308
2012-08-01,1.00308,1.005715,1.0004,1.00555
2012-08-02,1.00555,1.008485,1.00025,1.00736
2012-08-03,1.00736,1.00766,0.998045,1.00141
2012-08-06,1.00168,1.00204,0.99839,1.00025
2012-08-07,1.00025,1.00121,0.9963,0.99694
2012-08-08,0.99694,0.9989,0.993675,0.99425
2012-08-09,0.99425,0.995085,0.99102,0.99108
2012-08-10,0.99108,0.99696,0.990655,0.99109
2012-08-13,0.99169,0.99402,0.99056,0.99258
2012-08-14,0.99258,0.99407,0.99071,0.99231
2012-08-15,0.99231,0.993495,0.98866,0.98938
2012-08-16,0.98938,0.98997,0.98603,0.9866
2012-08-17,0.9866,0.9901,0.986345,0.98942
2012-08-20,0.98899,0.990175,0.98756,0.98848
2012-08-21,0.98848,0.98997,0.98424,0.98921
2012-08-22,0.98921,0.9947,0.989,0.99141
2012-08-23,0.99141,0.994885,0.98856,0.99388
2012-08-24,0.99388,0.99475,0.99049,0.99208
2012-08-27,0.99233,0.99251,0.98905,0.99073
2012-08-28,0.99073,0.991775,0.98427,0.98827
2012-08-29,0.98827,0.9899,0.98664,0.98941
2012-08-30,0.98941,0.993155,0.98903,0.99244
2012-08-31,0.99244,0.993085,0.985235,0.98629
2012-09-03,0.98777,0.9878,0.985215,0.98585
2012-09-04,0.98585,0.98751,0.98431,0.98592
2012-09-05,0.98592,0.99185,0.98577,0.99051
2012-09-06,0.99051,0.991455,0.9809,0.98267
2012-09-07,0.98267,0.9835,0.97656,0.9788
2012-09-10,0.9777,0.978865,0.97546,0.97761
2012-09-11,0.97761,0.97774,0.97134,0.97308
2012-09-12,0.97308,0.97685,0.97154,0.97619
2012-09-13,0.97619,0.97746,0.966545,0.96843
2012-09-14,0.96843,0.97224,0.96333,0.97197
2012-09-17,0.97021,0.97601,0.969365,0.97473
2012-09-18,0.97473,0.97658,0.973115,0.97423
2012-09-19,0.97423,0.976425,0.972585,0.97454
2012-09-20,0.97454,0.981645,0.97454,0.97684
2012-09-21,0.97684,0.978,0.97317,0.9764
2012-09-24,0.97638,0.98183,0.97616,0.97872
2012-09-25,0.97872,0.98119,0.97566,0.98065
2012-09-26,0.98065,0.98602,0.98008,0.98553
2012-09-27,0.98553,0.98558,0.97917,0.98055
2012-09-28,0.98055,0.985195,0.978165,0.9836
2012-10-01,0.9841,0.985425,0.97983,0.98229
2012-10-02,0.98229,0.98434,0.981165,0.98416
2012-10-03,0.98416,0.98846,0.984,0.98759
2012-10-04,0.98759,0.98796,0.98003,0.98044
2012-10-05,0.98044,0.98124,0.973555,0.97863
2012-10-08,0.97756,0.98007,0.97517,0.97694
2012-10-09,0.97694,0.98079,0.97447,0.97827
2012-10-10,0.97827,0.9818,0.97685,0.98177
2012-10-11,0.98177,0.983475,0.97634,0.97855
2012-10-12,0.97855,0.98089,0.97685,0.98016
2012-10-15,0.97885,0.98116,0.97695,0.98072
2012-10-16,0.98072,0.9879,0.98024,0.98663
2012-10-17,0.98663,0.987125,0.97726,0.97786
2012-10-18,0.97786,0.985925,0.976445,0.98529
2012-10-19,0.98529,0.99397,0.984505,0.99357
2012-10-22,0.9946,0.99646,0.991705,0.99216
2012-10-23,0.99216,0.997595,0.990095,0.99239
2012-10-24,0.99239,0.995815,0.98891,0.99354
2012-10-25,0.99354,0.99547,0.990265,0.99484
2012-10-26,0.99484,0.99943,0.99424,0.99695
2012-10-29,0.99795,1.001135,0.99775,1.00103
2012-10-30,1.00103,1.00194,0.998385,0.99938
2012-10-31,0.99938,1.0014,0.99606,0.99942
2012-11-01,0.99942,1.00132,0.99605,0.99645
2012-11-02,0.99645,0.99848,0.992215,0.99582
2012-11-05,0.99575,0.997695,0.99408,0.99636
2012-11-06,0.99636,0.99678,0.99115,0.99218
2012-11-07,0.99218,0.998335,0.987475,0.996685
2012-11-08,0.996685,1.00042,0.99478,1.00029
2012-11-09,1.00029,1.003335,0.99832,1.00161
2012-11-12,1.00001,1.00063,0.998535,0.99985
2012-11-13,0.99985,1.003555,0.999145,1.00231
2012-11-14,1.00231,1.00412,0.999845,1.00396
2012-11-15,1.00396,1.0042,1.00054,1.00099
2012-11-16,1.00099,1.005705,0.99973,1.00126
2012-11-19,1.00082,1.00181,0.995455,0.99627
2012-11-20,0.99627,0.99912,0.995605,0.996825
2012-11-21,0.996825,0.99924,0.99578,0.99633
2012-11-22,0.99633,0.99824,0.99527,0.99723
2012-11-23,0.99723,0.99817,0.99154,0.99293
2012-11-26,0.99285,0.996025,0.991775,0.99349
2012-11-27,0.99349,0.994835,0.990605,0.99445
2012-11-28,0.99445,0.99614,0.99186,0.99207
2012-11-29,0.99207,0.9939,0.99125,0.99233
2012-11-30,0.99233,0.99523,0.9922,0.99434
2012-12-03,0.99434,0.99529,0.99154,0.99514
2012-12-04,0.99514,0.99543,0.991555,0.99272
2012-12-05,0.99272,0.99414,0.99085,0.99172
2012-12-06,0.99172,0.99265,0.98927,0.99139
2012-12-07,0.99139,0.993345,0.987675,0.98836
2012-12-10,0.98836,0.988835,0.986385,0.9865
2012-12-11,0.9865,0.98804,0.98576,0.98614
2012-12-12,0.98614,0.98659,0.982645,0.984575
2012-12-13,0.984575,0.985585,0.982525,0.984755
2012-12-14,0.984755,0.98663,0.983265,0.98571
2012-12-17,0.98631,0.988155,0.983385,0.983495
2012-12-18,0.983495,0.985925,0.983265,0.98573
2012-12-19,0.98573,0.98878,0.984975,0.988675
2012-12-20,0.988675,0.98964,0.986975,0.98768
2012-12-21,0.98768,0.995325,0.98735,0.993315
2012-12-24,0.99363,0.994555,0.991025,0.99116
2012-12-26,0.99116,0.995135,0.99116,0.994335
2012-12-27,0.994335,0.99587,0.990875,0.995195
2012-12-28,0.995195,0.99711,0.993925,0.99676
2012-12-31,0.996405,0.997125,0.99113,0.994915
2013-01-02,0.994915,0.994915,0.983665,0.984805
2013-01-03,0.984805,0.9884,0.98429,0.987735
2013-01-04,0.987735,0.99235,0.984815,0.98725
2013-01-07,0.98664,0.988515,0.98538,0.985975
2013-01-08,0.985975,0.98825,0.984325,0.986725
2013-01-09,0.986725,0.988095,0.985545,0.987645
2013-01-10,0.987645,0.988075,0.983155,0.983195
2013-01-11,0.983195,0.98541,0.98154,0.984595
2013-01-14,0.984285,0.986605,0.983235,0.983725
2013-01-15,0.983725,0.9867,0.983215,0.984215
2013-01-16,0.984215,0.98774,0.98384,0.985985
2013-01-17,0.985985,0.98859,0.984335,0.985735
2013-01-18,0.985735,0.99467,0.98545,0.991765
2013-01-21,0.992065,0.99391,0.990985,0.9929
2013-01-22,0.9929,0.994615,0.990945,0.991885
2013-01-23,0.991885,1.00042,0.990405,0.99922
2013-01-24,0.99922,1.003635,0.99898,1.002615
2013-01-25,1.002615,1.010015,1.002145,1.00576
2013-01-28,1.00651,1.010025,1.0061,1.006115
2013-01-29,1.006115,1.00664,1.00081,1.000905
2013-01-30,1.000905,1.0053,1.000855,1.001355
2013-01-31,1.001355,1.003465,0.995755,0.997165
2013-02-01,0.997165,1.00047,0.9965,0.99654
2013-02-04,0.996675,0.99932,0.994815,0.99875
2013-02-05,0.99875,0.999495,0.99544,0.99557
2013-02-06,0.99557,0.99888,0.99491,0.99566
2013-02-07,0.99566,0.99943,0.993285,0.99791
2013-02-08,0.99791,1.003495,0.99712,1.002015
2013-02-11,1.002015,1.008435,1.002015,1.00483
2013-02-12,1.00483,1.00876,1.002095,1.002235
2013-02-13,1.002235,1.004455,1.001245,1.001845
2013-02-14,1.001845,1.00245,0.99995,1.000925
2013-02-15,1.000925,1.008275,1.000265,1.00639
2013-02-18,1.00639,1.01216,1.005795,1.01064
2013-02-19,1.01064,1.013755,1.0102,1.011335
2013-02-20,1.011335,1.018535,1.011025,1.01662
2013-02-21,1.01662,1.020775,1.01635,1.01852
2013-02-22,1.01852,1.0256,1.015955,1.021715
2013-02-25,1.021715,1.02776,1.021715,1.026025
2013-02-26,1.026025,1.03037,1.024135,1.0261
2013-02-27,1.0261,1.027695,1.022835,1.02292
2013-02-28,1.02292,1.031355,1.02168,1.030615
2013-03-01,1.030615,1.034255,1.026275,1.02666
2013-03-04,1.02666,1.030965,1.02666,1.027175
2013-03-05,1.027175,1.029345,1.025645,1.026875
2013-03-06,1.026875,1.03373,1.025515,1.03198
2013-03-07,1.03198,1.032945,1.02852,1.029425
2013-03-08,1.029425,1.03144,1.023455,1.028375
2013-03-11,1.028375,1.029495,1.025515,1.025925
2013-03-12,1.025925,1.028355,1.024915,1.025665
2013-03-13,1.025665,1.029525,1.024635,1.027605
2013-03-14,1.027605,1.028355,1.02119,1.022215
2013-03-15,1.022215,1.023105,1.0181,1.019345
2013-03-18,1.019345,1.02506,1.019345,1.02208
2013-03-19,1.02208,1.028435,1.02147,1.026745
2013-03-20,1.026745,1.02787,1.02385,1.025995
2013-03-21,1.025995,1.026505,1.02011,1.025045
2013-03-22,1.025045,1.02646,1.022035,1.02307
2013-03-25,1.02307,1.02358,1.018805,1.021305
2013-03-26,1.021305,1.02201,1.016005,1.016115
2013-03-27,1.016115,1.019575,1.015075,1.01615
2013-03-28,1.01615,1.01744,1.01461,1.01622
2013-03-29,1.01622,1.01806,1.01579,1.01752
2013-04-01,1.01752,1.018295,1.01605,1.01679
2013-04-02,1.01679,1.016945,1.012515,1.014775
2013-04-03,1.014775,1.0155,1.01252,1.014585
2013-04-04,1.014585,1.016645,1.010505,1.012675
2013-04-05,1.012675,1.0236,1.01237,1.01761
2013-04-08,1.01761,1.021425,1.015655,1.016625
2013-04-09,1.016625,1.017545,1.013415,1.016375
2013-04-10,1.016375,1.016795,1.013985,1.014235
2013-04-11,1.014235,1.01567,1.00834,1.010405
2013-04-12,1.010405,1.01455,1.00943,1.01359
2013-04-15,1.01359,1.025945,1.01338,1.025495
2013-04-16,1.025495,1.025765,1.020355,1.02102
2013-04-17,1.02102,1.0294,1.02087,1.026605
2013-04-18,1.026605,1.027715,1.023045,1.02609
2013-04-19,1.02609,1.026985,1.02322,1.026565
2013-04-22,1.026565,1.028565,1.02481,1.0256
2013-04-23,1.0256,1.028535,1.02506,1.02575
2013-04-24,1.02575,1.027865,1.02469,1.02559
2013-04-25,1.02559,1.02607,1.01854,1.01994
2013-04-26,1.01994,1.02145,1.01576,1.01661
2013-04-29,1.01661,1.01694,1.010795,1.01124
2013-04-30,1.01124,1.012355,1.00536,1.007355
2013-05-01,1.007355,1.00999,1.005145,1.008275
2013-05-02,1.008275,1.010995,1.005965,1.01044
2013-05-03,1.01044,1.01323,1.007675,1.007755
2013-05-06,1.007755,1.00959,1.00645,1.006815
2013-05-07,1.006815,1.008285,1.00366,1.00429
2013-05-08,1.00429,1.00586,1.00178,1.00278
2013-05-09,1.00278,1.00896,1.001355,1.006785
2013-05-10,1.006785,1.01524,1.0064,1.01017
2013-05-13,1.01017,1.0133,1.008255,1.01063
2013-05-14,1.01063,1.01827,1.009015,1.01806
2013-05-15,1.01806,1.021945,1.015705,1.015705
2013-05-16,1.015705,1.02076,1.01489,1.019365
2013-05-17,1.019365,1.031285,1.01807,1.0281
2013-05-20,1.0281,1.029625,1.02168,1.024135
2013-05-21,1.024135,1.032165,1.023565,1.02672
2013-05-22,1.02672,1.03878,1.025065,1.036725
2013-05-23,1.036725,1.03932,1.028595,1.030325
2013-05-24,1.030325,1.03557,1.02995,1.032
2013-05-27,1.032,1.03434,1.030685,1.034045
2013-05-28,1.034045,1.040805,1.03248,1.039785
2013-05-29,1.039785,1.04205,1.034585,1.03522
2013-05-30,1.03522,1.03883,1.02964,1.02976
2013-05-31,1.02976,1.03812,1.029525,1.03743
2013-06-03,1.03743,1.03753,1.026205,1.02771
2013-06-04,1.02771,1.03614,1.02744,1.0342
2013-06-05,1.0342,1.038035,1.032745,1.034425
2013-06-06,1.034425,1.036725,1.019835,1.02634
2013-06-07,1.02634,1.028795,1.016675,1.019705
2013-06-10,1.019705,1.02235,1.01685,1.01937
2013-06-11,1.01937,1.025175,1.017565,1.018865
2013-06-12,1.018865,1.02175,1.015545,1.021225
2013-06-13,1.021225,1.02261,1.014775,1.015935
2013-06-14,1.015935,1.018695,1.01371,1.017045
2013-06-17,1.017045,1.020555,1.01504,1.018565
2013-06-18,1.018565,1.021745,1.01772,1.02115
2013-06-19,1.02115,1.0287,1.017375,1.02725
2013-06-20,1.02725,1.03937,1.026705,1.03861
2013-06-21,1.03861,1.04884,1.036325,1.045675
2013-06-24,1.045675,1.05561,1.045675,1.050025
2013-06-25,1.050025,1.054775,1.04581,1.05141
2013-06-26,1.05141,1.05277,1.04576,1.047085
2013-06-27,1.047085,1.050435,1.042405,1.047725
2013-06-28,1.047725,1.05535,1.04541,1.052085
2013-07-01,1.052085,1.053445,1.048725,1.04968
2013-07-02,1.04968,1.0578,1.049285,1.054355
2013-07-03,1.054355,1.05645,1.050395,1.05053
2013-07-04,1.05053,1.055735,1.047175,1.05147
2013-07-05,1.05147,1.06094,1.05114,1.058025
2013-07-08,1.058025,1.058565,1.05465,1.05581
2013-07-09,1.05581,1.057405,1.051395,1.05269
2013-07-10,1.05269,1.054065,1.04472,1.046515
2013-07-11,1.046515,1.04726,1.032605,1.036605
2013-07-12,1.036605,1.04043,1.03591,1.039615
2013-07-15,1.039615,1.04333,1.03799,1.04269
2013-07-16,1.04269,1.04425,1.03636,1.036945
2013-07-17,1.036945,1.043925,1.03556,1.040465
2013-07-18,1.040465,1.04394,1.037545,1.037875
2013-07-19,1.037875,1.03932,1.03555,1.036805
2013-07-22,1.036805,1.036805,1.03219,1.033375
2013-07-23,1.033375,1.03491,1.027755,1.028785
2013-07-24,1.028785,1.032495,1.026285,1.03143
2013-07-25,1.03143,1.031985,1.02558,1.027945
2013-07-26,1.027945,1.030275,1.026245,1.027815
2013-07-29,1.027815,1.028605,1.025265,1.02651
2013-07-30,1.02651,1.03106,1.02589,1.030535
2013-07-31,1.030535,1.03363,1.024575,1.02766
2013-08-01,1.02766,1.035105,1.02657,1.03467
2013-08-02,1.03467,1.040245,1.033855,1.03903
2013-08-05,1.03903,1.04036,1.03598,1.036055
2013-08-06,1.036055,1.039095,1.03484,1.037615
2013-08-07,1.037615,1.04457,1.03678,1.04233
2013-08-08,1.04233,1.04315,1.030395,1.03282
2013-08-09,1.03282,1.035355,1.027565,1.02887
2013-08-12,1.02887,1.03168,1.028045,1.030735
2013-08-13,1.030735,1.034825,1.03022,1.03433
2013-08-14,1.03433,1.036995,1.031845,1.034205
2013-08-15,1.034205,1.03646,1.03005,1.03065
2013-08-16,1.03065,1.03606,1.029355,1.033665
2013-08-19,1.033665,1.03481,1.031605,1.0345
2013-08-20,1.0345,1.040175,1.03383,1.03914
2013-08-21,1.03914,1.048265,1.038945,1.04738
2013-08-22,1.04738,1.05305,1.047035,1.051575
2013-08-23,1.051575,1.05686,1.049625,1.04975
2013-08-26,1.04975,1.05337,1.04975,1.050055
2013-08-27,1.050055,1.05405,1.047205,1.04748
2013-08-28,1.04748,1.05111,1.047365,1.04862
2013-08-29,1.04862,1.05409,1.04798,1.0532
2013-08-30,1.0532,1.05582,1.050925,1.053765
2013-09-02,1.053765,1.055735,1.05167,1.054905
2013-09-03,1.054905,1.05596,1.050925,1.053435
2013-09-04,1.053435,1.054255,1.047605,1.04957
2013-09-05,1.04957,1.0516,1.047655,1.050465
2013-09-06,1.050465,1.05057,1.038155,1.04068
2013-09-09,1.04068,1.042065,1.035965,1.0369
2013-09-10,1.0369,1.037995,1.033055,1.034925
2013-09-11,1.034925,1.036515,1.031365,1.031945
2013-09-12,1.031945,1.033605,1.03061,1.03229
2013-09-13,1.03229,1.035655,1.03222,1.035115
2013-09-16,1.035115,1.035115,1.02829,1.032405
2013-09-17,1.032405,1.033445,1.027485,1.02956
2013-09-18,1.02956,1.03186,1.020175,1.022005
2013-09-19,1.022005,1.02674,1.01824,1.02647
2013-09-20,1.02647,1.03099,1.026275,1.03039
2013-09-23,1.03039,1.031085,1.02747,1.02842
2013-09-24,1.02842,1.031065,1.02703,1.03002
2013-09-25,1.03002,1.03189,1.028625,1.03134
2013-09-26,1.03134,1.034035,1.030315,1.030955
2013-09-27,1.030955,1.03319,1.029805,1.03054
2013-09-30,1.03054,1.031915,1.027505,1.030885
2013-10-01,1.030885,1.03365,1.028815,1.032245
2013-10-02,1.032245,1.03568,1.032245,1.03368
2013-10-03,1.03368,1.033955,1.031295,1.033285
2013-10-04,1.033285,1.034075,1.02902,1.02952
2013-10-07,1.02952,1.033395,1.02927,1.031255
2013-10-08,1.031255,1.03737,1.030725,1.036875
2013-10-09,1.036875,1.040715,1.035325,1.03938
2013-10-10,1.03938,1.04197,1.037185,1.039875
2013-10-11,1.039875,1.041225,1.034005,1.03519
2013-10-14,1.03519,1.03728,1.03422,1.035305
2013-10-15,1.035305,1.039145,1.033175,1.03828
2013-10-16,1.03828,1.03853,1.032595,1.03271
2013-10-17,1.03271,1.033275,1.028085,1.02901
2013-10-18,1.02901,1.03031,1.027725,1.028655
2013-10-21,1.028655,1.030435,1.028655,1.030405
2013-10-22,1.030405,1.031015,1.02713,1.028595
2013-10-23,1.028595,1.039675,1.028295,1.038255
2013-10-24,1.038255,1.043825,1.03663,1.042175
2013-10-25,1.042175,1.046105,1.04108,1.04483
2013-10-28,1.04483,1.04514,1.04288,1.044585
2013-10-29,1.044585,1.04713,1.04276,1.04688
2013-10-30,1.04688,1.049735,1.04406,1.04794
2013-10-31,1.04794,1.049005,1.041225,1.043125
2013-11-01,1.043125,1.045395,1.041175,1.042255
2013-11-04,1.042255,1.042855,1.03981,1.042445
2013-11-05,1.042445,1.04619,1.04169,1.04555
2013-11-06,1.04555,1.045945,1.04117,1.04183
2013-11-07,1.04183,1.046325,1.040555,1.046115
2013-11-08,1.046115,1.05034,1.044565,1.047735
2013-11-11,1.047735,1.048615,1.04655,1.047585
2013-11-12,1.047585,1.05087,1.046375,1.049475
2013-11-13,1.049475,1.04967,1.045205,1.045745
2013-11-14,1.045745,1.05258,1.044025,1.046405
2013-11-15,1.046405,1.04849,1.0437,1.04386
2013-11-18,1.04386,1.044205,1.041505,1.04281
2013-11-19,1.04281,1.04856,1.041575,1.046975
2013-11-20,1.046975,1.04741,1.04364,1.045245
2013-11-21,1.045245,1.05266,1.04458,1.051745
2013-11-22,1.051745,1.05688,1.051405,1.05173
2013-11-25,1.05173,1.058355,1.05173,1.0543
2013-11-26,1.0543,1.05583,1.05203,1.05418
2013-11-27,1.05418,1.060265,1.05315,1.05949
2013-11-28,1.05949,1.059775,1.05713,1.058125
2013-11-29,1.058125,1.062865,1.055935,1.06145
2013-12-02,1.06145,1.065425,1.06142,1.06444
2013-12-03,1.06444,1.06727,1.06314,1.06489
2013-12-04,1.06489,1.07075,1.06386,1.06832
2013-12-05,1.06832,1.06993,1.062485,1.065365
2013-12-06,1.065365,1.07081,1.062245,1.06391
2013-12-09,1.06391,1.067,1.06258,1.0627
2013-12-10,1.0627,1.064565,1.06011,1.060265
2013-12-11,1.060265,1.062015,1.05847,1.058995
2013-12-12,1.058995,1.065645,1.056095,1.06395
2013-12-13,1.06395,1.066915,1.058145,1.05854
2013-12-16,1.05854,1.05963,1.057255,1.059625
2013-12-17,1.059625,1.061805,1.057635,1.060725
2013-12-18,1.060725,1.07031,1.06018,1.070225
2013-12-19,1.070225,1.072785,1.06609,1.066385
2013-12-20,1.066385,1.073755,1.06282,1.06369
2013-12-23,1.06369,1.06532,1.05817,1.06057
2013-12-24,1.06057,1.063565,1.06052,1.061585
2013-12-26,1.061585,1.064975,1.061585,1.064795
2013-12-27,1.064795,1.071895,1.061985,1.07065
2013-12-30,1.07065,1.072765,1.063675,1.06487
2013-12-31,1.06487,1.06569,1.06169,1.062795
2014-01-02,1.062795,1.067805,1.058855,1.06699
2014-01-03,1.06699,1.06717,1.060255,1.063515
2014-01-06,1.063515,1.06807,1.0609,1.06557
2014-01-07,1.06557,1.078135,1.06509,1.076555
2014-01-08,1.076555,1.08303,1.076165,1.082005
2014-01-09,1.082005,1.087445,1.081915,1.08422
2014-01-10,1.08422,1.094595,1.0838,1.08935
2014-01-13,1.08935,1.092935,1.084265,1.086285
2014-01-14,1.086285,1.095905,1.085985,1.09458
2014-01-15,1.09458,1.099135,1.09204,1.093395
2014-01-16,1.093395,1.096285,1.090535,1.09302
2014-01-17,1.09302,1.098385,1.09263,1.096235
2014-01-20,1.096235,1.09722,1.092985,1.0948
2014-01-21,1.0948,1.101905,1.094305,1.096685
2014-01-22,1.096685,1.109205,1.095365,1.108735
2014-01-23,1.108735,1.11736,1.10822,1.110125
2014-01-24,1.110125,1.11375,1.105205,1.108745
2014-01-27,1.108745,1.111705,1.103185,1.111575
2014-01-28,1.111575,1.117685,1.107865,1.115255
2014-01-29,1.115255,1.1187,1.11027,1.117065
2014-01-30,1.117065,1.119895,1.115075,1.115765
2014-01-31,1.115765,1.12243,1.108775,1.11285
2014-02-03,1.11285,1.11336,1.104125,1.11186
2014-02-04,1.11186,1.112345,1.104865,1.10818
2014-02-05,1.10818,1.11212,1.103735,1.108285
2014-02-06,1.108285,1.112255,1.10506,1.106975
2014-02-07,1.106975,1.107945,1.09678,1.10316
2014-02-10,1.10316,1.106245,1.10187,1.10555
2014-02-11,1.10555,1.109075,1.10031,1.10092
2014-02-12,1.10092,1.102535,1.09764,1.100255
2014-02-13,1.100255,1.10263,1.09546,1.097795
2014-02-14,1.097795,1.099005,1.094045,1.09819
2014-02-17,1.09819,1.09879,1.095295,1.09646
2014-02-18,1.09646,1.09766,1.09404,1.095065
2014-02-19,1.095065,1.108665,1.09105,1.10801
2014-02-20,1.10801,1.11127,1.106065,1.11015
2014-02-21,1.11015,1.11951,1.109355,1.11116
2014-02-24,1.11116,1.11429,1.105475,1.106065
2014-02-25,1.106065,1.10964,1.10545,1.10848
2014-02-26,1.10848,1.114455,1.107335,1.112795
2014-02-27,1.112795,1.115985,1.111785,1.11216
2014-02-28,1.11216,1.11471,1.104075,1.10657
2014-03-03,1.10657,1.111025,1.10386,1.107575
2014-03-04,1.107575,1.11177,1.10624,1.10925
2014-03-05,1.10925,1.10994,1.10289,1.10296
2014-03-06,1.10296,1.104655,1.095555,1.09865
2014-03-07,1.09865,1.110085,1.098085,1.10871
2014-03-10,1.10871,1.113065,1.10871,1.11062
2014-03-11,1.11062,1.11309,1.10718,1.110585
2014-03-12,1.110585,1.11539,1.109045,1.111985
2014-03-13,1.111985,1.112245,1.10433,1.107135
2014-03-14,1.107135,1.111065,1.1065,1.110245
2014-03-17,1.110245,1.110755,1.104515,1.10542
2014-03-18,1.10542,1.11464,1.10258,1.11359
2014-03-19,1.11359,1.127145,1.112235,1.123745
2014-03-20,1.123745,1.127855,1.12342,1.124345
2014-03-21,1.124345,1.126265,1.117385,1.12243
2014-03-24,1.12243,1.12463,1.11835,1.11916
2014-03-25,1.11916,1.121045,1.115545,1.116715
2014-03-26,1.116715,1.11706,1.108085,1.11017
2014-03-27,1.11017,1.110665,1.101435,1.103095
2014-03-28,1.103095,1.107785,1.100085,1.106065
2014-03-31,1.106065,1.106705,1.10021,1.104855
2014-04-01,1.104855,1.107035,1.10128,1.10275
2014-04-02,1.10275,1.104775,1.100455,1.10334
2014-04-03,1.10334,1.10454,1.1006,1.10354
2014-04-04,1.10354,1.10416,1.09572,1.098035
2014-04-07,1.098035,1.10098,1.09617,1.097285
2014-04-08,1.097285,1.097755,1.09121,1.09233
2014-04-09,1.09233,1.094255,1.085825,1.088055
2014-04-10,1.088055,1.093545,1.08681,1.093465
2014-04-11,1.093465,1.09847,1.09184,1.09785
2014-04-14,1.09785,1.099245,1.09425,1.09623
2014-04-15,1.09623,1.10134,1.09586,1.09788
2014-04-16,1.09788,1.103385,1.09592,1.101125
2014-04-17,1.101125,1.10193,1.09831,1.10033
2014-04-18,1.10033,1.102825,1.09986,1.10251
2014-04-21,1.10251,1.103125,1.1008,1.101105
2014-04-22,1.101105,1.10425,1.10007,1.102695
2014-04-23,1.102695,1.105325,1.10178,1.103235
2014-04-24,1.103235,1.10385,1.101535,1.102185
2014-04-25,1.102185,1.10472,1.10142,1.103975
2014-04-28,1.103975,1.104145,1.10175,1.10284
2014-04-29,1.10284,1.102975,1.094355,1.094395
2014-04-30,1.094395,1.09795,1.094315,1.096165
2014-05-01,1.096165,1.099545,1.09529,1.09576
2014-05-02,1.09576,1.10078,1.093565,1.097465
2014-05-05,1.097465,1.09891,1.094915,1.09546
2014-05-06,1.09546,1.09609,1.087435,1.08912
2014-05-07,1.08912,1.090765,1.087585,1.0899
2014-05-08,1.0899,1.090425,1.081435,1.08317
2014-05-09,1.08317,1.0916,1.081705,1.08997
2014-05-12,1.08997,1.090425,1.08747,1.089595
2014-05-13,1.089595,1.092625,1.08872,1.090415
2014-05-14,1.090415,1.09218,1.08697,1.088875
2014-05-15,1.088875,1.08913,1.085205,1.088455
2014-05-16,1.088455,1.08886,1.0856,1.08611
2014-05-19,1.08611,1.08757,1.08503,1.087465
2014-05-20,1.087465,1.0917,1.086945,1.0907
2014-05-21,1.0907,1.09418,1.08934,1.0913
2014-05-22,1.0913,1.09336,1.088435,1.08912
2014-05-23,1.08912,1.09094,1.086295,1.086625
2014-05-26,1.086625,1.087385,1.0853,1.0859
2014-05-27,1.0859,1.087495,1.083575,1.085865
2014-05-28,1.085865,1.088635,1.08439,1.08774
2014-05-29,1.08774,1.087835,1.08256,1.083765
2014-05-30,1.083765,1.0869,1.082225,1.08468
2014-06-02,1.08468,1.091155,1.08416,1.090055
2014-06-03,1.090055,1.0922,1.08911,1.09075
2014-06-04,1.09075,1.09554,1.090675,1.09412
2014-06-05,1.09412,1.09606,1.09167,1.09258
2014-06-06,1.09258,1.094785,1.09086,1.09309
2014-06-09,1.09309,1.094075,1.09008,1.09047
2014-06-10,1.09047,1.09214,1.08913,1.0903
2014-06-11,1.0903,1.09089,1.086135,1.08676
2014-06-12,1.08676,1.08705,1.0842,1.08559
2014-06-13,1.08559,1.08706,1.084815,1.08572
2014-06-16,1.08572,1.08824,1.08358,1.0845
2014-06-17,1.0845,1.087495,1.08413,1.08614
2014-06-18,1.08614,1.08955,1.083555,1.083635
2014-06-19,1.083635,1.08426,1.081035,1.081755
2014-06-20,1.081755,1.082615,1.07519,1.075815
2014-06-23,1.075815,1.07607,1.07172,1.07323
2014-06-24,1.07323,1.074545,1.07161,1.074295
2014-06-25,1.074295,1.0752,1.071735,1.072005
2014-06-26,1.072005,1.072485,1.06834,1.06879
2014-06-27,1.06879,1.069665,1.065985,1.066615
2014-06-30,1.066615,1.06969,1.064705,1.06707
2014-07-01,1.06707,1.06777,1.06308,1.06318
2014-07-02,1.06318,1.067085,1.06269,1.066515
2014-07-03,1.066515,1.06808,1.062045,1.063455
2014-07-04,1.063455,1.065895,1.06304,1.065275
2014-07-07,1.065275,1.068415,1.063135,1.06832
2014-07-08,1.06832,1.069405,1.066215,1.067845
2014-07-09,1.067845,1.068405,1.06412,1.0651
2014-07-10,1.0651,1.06762,1.06447,1.06494
2014-07-11,1.06494,1.073695,1.06308,1.073405
2014-07-14,1.073405,1.074745,1.07103,1.07131
2014-07-15,1.07131,1.076955,1.071095,1.075885
2014-07-16,1.075885,1.07943,1.072325,1.074005
2014-07-17,1.074005,1.076475,1.072815,1.07624
2014-07-18,1.07624,1.076665,1.070885,1.07338
2014-07-21,1.07338,1.075235,1.07263,1.073865
2014-07-22,1.073865,1.07597,1.07309,1.073935
2014-07-23,1.073935,1.074585,1.071045,1.07283
2014-07-24,1.07283,1.07519,1.0718,1.07453
2014-07-25,1.07453,1.082135,1.07386,1.08142
2014-07-28,1.08142,1.081845,1.079755,1.079905
2014-07-29,1.079905,1.086615,1.079685,1.085165
2014-07-30,1.085165,1.09168,1.084935,1.09024
2014-07-31,1.09024,1.092965,1.087695,1.090495
2014-08-01,1.090495,1.094395,1.088485,1.09167
2014-08-04,1.09167,1.093415,1.090515,1.090605
2014-08-05,1.090605,1.09767,1.090435,1.096125
2014-08-06,1.096125,1.098595,1.09125,1.09172
2014-08-07,1.09172,1.093815,1.09036,1.092465
2014-08-08,1.092465,1.09842,1.09098,1.09727
2014-08-11,1.09727,1.09775,1.09185,1.092145
2014-08-12,1.092145,1.09531,1.091395,1.092395
2014-08-13,1.092395,1.09404,1.09068,1.091455
2014-08-14,1.091455,1.09212,1.088725,1.0902
2014-08-15,1.0902,1.09191,1.086055,1.090025
2014-08-18,1.090025,1.090025,1.08754,1.088715
2014-08-19,1.088715,1.09493,1.0886,1.094105
2014-08-20,1.094105,1.097385,1.093235,1.09707
2014-08-21,1.09707,1.09865,1.094015,1.0942
2014-08-22,1.0942,1.098135,1.0928,1.09434
2014-08-25,1.09434,1.09863,1.094315,1.098355
2014-08-26,1.098355,1.099775,1.094125,1.09518
2014-08-27,1.09518,1.09563,1.082825,1.086495
2014-08-28,1.086495,1.08693,1.08367,1.08608
2014-08-29,1.08608,1.087985,1.081105,1.08792
2014-09-01,1.08792,1.08792,1.085655,1.087045
2014-09-02,1.087045,1.093535,1.086695,1.0929
2014-09-03,1.0929,1.0943,1.08708,1.08871
2014-09-04,1.08871,1.090975,1.08209,1.08741
2014-09-05,1.08741,1.090305,1.084035,1.08822
2014-09-08,1.08822,1.098285,1.08792,1.09717
2014-09-09,1.09717,1.10319,1.09644,1.098265
2014-09-10,1.098265,1.10148,1.093395,1.09374
2014-09-11,1.09374,1.1059,1.09353,1.10352
2014-09-12,1.10352,1.109805,1.10287,1.10922
2014-09-15,1.10922,1.109895,1.103565,1.10526
2014-09-16,1.10526,1.107185,1.096595,1.097255
2014-09-17,1.097255,1.10204,1.092685,1.099785
2014-09-18,1.099785,1.10236,1.09288,1.093605
2014-09-19,1.093605,1.09808,1.08869,1.09614
2014-09-22,1.09614,1.104365,1.09262,1.104365
2014-09-23,1.104365,1.108375,1.098635,1.107745
2014-09-24,1.107745,1.112225,1.10534,1.10595
2014-09-25,1.10595,1.11278,1.10565,1.11104
2014-09-26,1.11104,1.11689,1.10923,1.11557
2014-09-29,1.11557,1.117845,1.113135,1.116415
2014-09-30,1.116415,1.121985,1.113495,1.119655
2014-10-01,1.119655,1.122345,1.116075,1.116315
2014-10-02,1.116315,1.117815,1.107145,1.115645
2014-10-03,1.115645,1.12707,1.115485,1.12453
2014-10-06,1.12453,1.12657,1.111195,1.11316
2014-10-07,1.11316,1.11965,1.11268,1.11745
2014-10-08,1.11745,1.121045,1.10933,1.11081
2014-10-09,1.11081,1.11895,1.10818,1.118445
2014-10-10,1.118445,1.12224,1.11582,1.119805
2014-10-13,1.119805,1.12197,1.11792,1.11977
2014-10-14,1.11977,1.131355,1.119015,1.129675
2014-10-15,1.129675,1.138565,1.122645,1.12532
2014-10-16,1.12532,1.13614,1.12266,1.125775
2014-10-17,1.125775,1.12848,1.121065,1.127935
2014-10-20,1.127935,1.12937,1.125155,1.12851
2014-10-21,1.12851,1.12965,1.12029,1.12217
2014-10-22,1.12217,1.1295,1.1184,1.123635
2014-10-23,1.123635,1.1264,1.120745,1.12313
2014-10-24,1.12313,1.12433,1.11949,1.12352
2014-10-27,1.12352,1.125515,1.12128,1.124735
2014-10-28,1.124735,1.1253,1.11653,1.116745
2014-10-29,1.116745,1.122495,1.11223,1.118305
2014-10-30,1.118305,1.12232,1.116535,1.1188
2014-10-31,1.1188,1.13327,1.118445,1.12667
2014-11-03,1.12667,1.137745,1.126335,1.13586
2014-11-04,1.13586,1.14278,1.13402,1.14078
2014-11-05,1.14078,1.14665,1.13713,1.138665
2014-11-06,1.138665,1.144405,1.13794,1.14229
2014-11-07,1.14229,1.14489,1.131265,1.13283
2014-11-10,1.13283,1.13845,1.130015,1.13806
2014-11-11,1.13806,1.14018,1.131805,1.13361
2014-11-12,1.13361,1.13591,1.12814,1.131915
2014-11-13,1.131915,1.13918,1.12991,1.136945
2014-11-14,1.136945,1.139345,1.126455,1.129
2014-11-17,1.129,1.13279,1.126865,1.13083
2014-11-18,1.13083,1.132405,1.126045,1.129705
2014-11-19,1.129705,1.135965,1.129705,1.134065
2014-11-20,1.134065,1.13694,1.12932,1.13045
2014-11-21,1.13045,1.13263,1.119135,1.12326
2014-11-24,1.12326,1.131245,1.12252,1.1282
2014-11-25,1.1282,1.13167,1.123245,1.125795
2014-11-26,1.125795,1.129725,1.122845,1.124715
2014-11-27,1.124715,1.13547,1.123545,1.133055
2014-11-28,1.133055,1.144425,1.13278,1.141565
2014-12-01,1.141565,1.1459,1.131335,1.13276
2014-12-02,1.13276,1.14246,1.13188,1.140695
2014-12-03,1.140695,1.14185,1.1347,1.13671
2014-12-04,1.13671,1.13971,1.134015,1.138215
2014-12-05,1.138215,1.147605,1.138185,1.14343
2014-12-08,1.14343,1.148575,1.142725,1.14772
2014-12-09,1.14772,1.150135,1.13973,1.144645
2014-12-10,1.144645,1.150255,1.14362,1.148275
2014-12-11,1.148275,1.154985,1.14485,1.151935
2014-12-12,1.151935,1.15912,1.151625,1.157875
2014-12-15,1.157875,1.167385,1.15486,1.16712
2014-12-16,1.16712,1.16712,1.16074,1.162655
2014-12-17,1.162655,1.16715,1.156055,1.163385
2014-12-18,1.163385,1.16484,1.156975,1.157615
2014-12-19,1.157615,1.16365,1.156765,1.160345
2014-12-22,1.160345,1.164625,1.157825,1.16278
2014-12-23,1.16278,1.166715,1.159925,1.16157
2014-12-24,1.16157,1.164135,1.159025,1.163055
2014-12-26,1.163055,1.16314,1.160345,1.16287
2014-12-29,1.16287,1.164845,1.16056,1.16367
2014-12-30,1.16367,1.165135,1.1597,1.16103
2014-12-31,1.16103,1.161815,1.156465,1.161435
2015-01-02,1.161435,1.178625,1.15999,1.178415
2015-01-05,1.178415,1.184345,1.174335,1.17602
2015-01-06,1.17602,1.18398,1.173035,1.183645
2015-01-07,1.183645,1.187435,1.18133,1.181485
2015-01-08,1.181485,1.184445,1.17968,1.183015
2015-01-09,1.183015,1.189035,1.18045,1.186545
2015-01-12,1.186545,1.19747,1.1836,1.197435
2015-01-13,1.197435,1.199365,1.19264,1.195805
2015-01-14,1.195805,1.20172,1.19292,1.194965
2015-01-15,1.194965,1.19966,1.18028,1.196015
2015-01-16,1.196015,1.20466,1.19516,1.19849
2015-01-19,1.19849,1.198575,1.193465,1.19406
2015-01-20,1.19406,1.211445,1.193865,1.211355
2015-01-21,1.211355,1.239425,1.2063,1.23405
2015-01-22,1.23405,1.241945,1.231365,1.238315
2015-01-23,1.238315,1.2461,1.236045,1.242115
2015-01-26,1.242115,1.248955,1.24049,1.247415
2015-01-27,1.247415,1.250075,1.237965,1.239805
2015-01-28,1.239805,1.253755,1.23884,1.25334
2015-01-29,1.25334,1.267755,1.25116,1.261885
2015-01-30,1.261885,1.279915,1.260825,1.27301
2015-02-02,1.27301,1.27727,1.25576,1.256715
2015-02-03,1.256715,1.26446,1.235175,1.2415
2015-02-04,1.2415,1.25928,1.23906,1.25774
2015-02-05,1.25774,1.25869,1.23938,1.24361
2015-02-06,1.24361,1.25465,1.23734,1.252355
2015-02-09,1.252355,1.25428,1.242845,1.24667
2015-02-10,1.24667,1.26241,1.24514,1.258815
2015-02-11,1.258815,1.269795,1.25721,1.263275
2015-02-12,1.263275,1.264565,1.243825,1.250945
2015-02-13,1.250945,1.253705,1.24223,1.245195
2015-02-16,1.245195,1.24906,1.24207,1.24649
2015-02-17,1.24649,1.247895,1.23628,1.238995
2015-02-18,1.238995,1.246615,1.23816,1.245395
2015-02-19,1.245395,1.25591,1.243725,1.249515
2015-02-20,1.249515,1.25646,1.24224,1.2534
2015-02-23,1.2534,1.262465,1.252375,1.257185
2015-02-24,1.257185,1.26639,1.24789,1.24904
2015-02-25,1.24904,1.24979,1.23994,1.24355
2015-02-26,1.24355,1.2535,1.23874,1.25142
2015-02-27,1.25142,1.25304,1.24488,1.25064
2015-03-02,1.25064,1.25661,1.24763,1.253765
2015-03-03,1.253765,1.25436,1.243305,1.249535
2015-03-04,1.249535,1.25436,1.2407,1.242375
2015-03-05,1.242375,1.251885,1.24065,1.24877
2015-03-06,1.24877,1.26271,1.24561,1.262345
2015-03-09,1.262345,1.262665,1.2573,1.26071
2015-03-10,1.26071,1.268845,1.25976,1.26874
2015-03-11,1.26874,1.27979,1.26646,1.27504
2015-03-12,1.27504,1.276865,1.261705,1.268665
2015-03-13,1.268665,1.28237,1.26816,1.278195
2015-03-16,1.278195,1.28187,1.273455,1.277455
2015-03-17,1.277455,1.27975,1.274925,1.27888
2015-03-18,1.27888,1.283505,1.24486,1.2566
2015-03-19,1.2566,1.27585,1.250795,1.271415
2015-03-20,1.271415,1.272355,1.25452,1.25525
2015-03-23,1.25525,1.261555,1.24958,1.252185
2015-03-24,1.252185,1.25463,1.24276,1.2492
2015-03-25,1.2492,1.25406,1.24736,1.251815
2015-03-26,1.251815,1.25329,1.241005,1.2482
2015-03-27,1.2482,1.262155,1.246825,1.26145
2015-03-30,1.26145,1.270605,1.259565,1.26761
2015-03-31,1.26761,1.2784,1.265215,1.26846
2015-04-01,1.26846,1.271,1.25764,1.26227
2015-04-02,1.26227,1.265625,1.25573,1.255935
2015-04-03,1.255935,1.25741,1.24292,1.24894
2015-04-06,1.24894,1.250655,1.24376,1.248195
2015-04-07,1.248195,1.252225,1.245545,1.250555
2015-04-08,1.250555,1.255825,1.23874,1.25468
2015-04-09,1.25468,1.261375,1.250905,1.25805
2015-04-10,1.25805,1.26669,1.256985,1.256985
2015-04-13,1.256985,1.2646,1.256245,1.259465
2015-04-14,1.259465,1.26031,1.244515,1.248405
2015-04-15,1.248405,1.25702,1.22809,1.22907
2015-04-16,1.22907,1.23278,1.214295,1.218835
2015-04-17,1.218835,1.22717,1.208795,1.2245
2015-04-20,1.2245,1.22602,1.21799,1.22316
2015-04-21,1.22316,1.23058,1.221415,1.228185
2015-04-22,1.228185,1.228785,1.221105,1.22383
2015-04-23,1.22383,1.226915,1.212135,1.214445
2015-04-24,1.214445,1.218835,1.21032,1.21813
2015-04-27,1.21813,1.219575,1.20804,1.208605
2015-04-28,1.208605,1.211705,1.201495,1.203015
2015-04-29,1.203015,1.20736,1.194495,1.201905
2015-04-30,1.201905,1.213295,1.19974,1.20747
2015-05-01,1.20747,1.220515,1.206315,1.215905
2015-05-04,1.215905,1.2181,1.20881,1.209325
2015-05-05,1.209325,1.213195,1.200275,1.20674
2015-05-06,1.20674,1.208785,1.194035,1.20455
2015-05-07,1.20455,1.21632,1.20339,1.212835
2015-05-08,1.212835,1.21458,1.2045,1.20784
2015-05-11,1.20784,1.214465,1.206515,1.21001
2015-05-12,1.21001,1.210745,1.19787,1.2019
2015-05-13,1.2019,1.202865,1.19286,1.195785
2015-05-14,1.195785,1.200635,1.192015,1.198325
2015-05-15,1.198325,1.20675,1.198035,1.201365
2015-05-18,1.201365,1.217125,1.20048,1.216
2015-05-19,1.216,1.22501,1.212955,1.223275
2015-05-20,1.223275,1.22564,1.2168,1.22084
2015-05-21,1.22084,1.224285,1.21718,1.219945
2015-05-22,1.219945,1.23223,1.217305,1.228155
2015-05-25,1.228155,1.231835,1.22759,1.231355
2015-05-26,1.231355,1.244785,1.2305,1.24323
2015-05-27,1.24323,1.249235,1.239555,1.24528
2015-05-28,1.24528,1.253835,1.24227,1.24343
2015-05-29,1.24343,1.252755,1.241045,1.245135
2015-06-01,1.245135,1.25633,1.243895,1.252225
2015-06-02,1.252225,1.253545,1.236745,1.240175
2015-06-03,1.240175,1.25095,1.238495,1.24516
2015-06-04,1.24516,1.250395,1.243645,1.25014
2015-06-05,1.25014,1.25631,1.24279,1.24342
2015-06-08,1.24342,1.247265,1.238355,1.24097
2015-06-09,1.24097,1.2442,1.230765,1.233615
2015-06-10,1.233615,1.23525,1.22024,1.225455
2015-06-11,1.225455,1.2355,1.225355,1.229425
2015-06-12,1.229425,1.234735,1.227785,1.23132
2015-06-15,1.23132,1.23607,1.22972,1.232315
2015-06-16,1.232315,1.234625,1.228395,1.22952
2015-06-17,1.22952,1.23541,1.222105,1.222755
2015-06-18,1.222755,1.225055,1.21278,1.22242
2015-06-19,1.22242,1.229585,1.22156,1.227245
2015-06-22,1.227245,1.23292,1.221855,1.230965
2015-06-23,1.230965,1.238255,1.230965,1.23279
2015-06-24,1.23279,1.24229,1.227695,1.238285
2015-06-25,1.238285,1.239945,1.23127,1.23254
2015-06-26,1.23254,1.23974,1.23125,1.23201
2015-06-29,1.23201,1.241275,1.23043,1.240215
2015-06-30,1.240215,1.25004,1.23629,1.24956
2015-07-01,1.24956,1.25979,1.247585,1.25893
2015-07-02,1.25893,1.26334,1.25385,1.254215
2015-07-03,1.254215,1.26025,1.253995,1.25716
2015-07-06,1.25716,1.26638,1.256345,1.26517
2015-07-07,1.26517,1.277995,1.264495,1.27083
2015-07-08,1.27083,1.276805,1.268875,1.27458
2015-07-09,1.27458,1.27458,1.266655,1.27077
2015-07-10,1.27077,1.275365,1.265565,1.26585
2015-07-13,1.26585,1.279025,1.26585,1.274135
2015-07-14,1.274135,1.280535,1.27168,1.272835
2015-07-15,1.272835,1.29587,1.272315,1.291495
2015-07-16,1.291495,1.296955,1.290535,1.29588
2015-07-17,1.29588,1.30086,1.29477,1.29726
2015-07-20,1.29726,1.30244,1.29528,1.299395
2015-07-21,1.299395,1.301285,1.29172,1.294785
2015-07-22,1.294785,1.305285,1.29372,1.30326
2015-07-23,1.30326,1.30478,1.29481,1.303635
2015-07-24,1.303635,1.31036,1.301745,1.304465
2015-07-27,1.304465,1.305785,1.29793,1.303735
2015-07-28,1.303735,1.3043,1.2912,1.292195
2015-07-29,1.292195,1.29671,1.286155,1.29459
2015-07-30,1.29459,1.30439,1.29432,1.30026
2015-07-31,1.30026,1.31001,1.29407,1.308785
2015-08-03,1.308785,1.317625,1.308075,1.31556
2015-08-04,1.31556,1.3202,1.31055,1.31917
2015-08-05,1.31917,1.32136,1.311015,1.31783
2015-08-06,1.31783,1.319735,1.30943,1.310905
2015-08-07,1.310905,1.31842,1.304855,1.313395
2015-08-10,1.313395,1.31821,1.29909,1.30021
2015-08-11,1.30021,1.315005,1.299575,1.31149
2015-08-12,1.31149,1.315755,1.295235,1.2981
2015-08-13,1.2981,1.309065,1.295995,1.30603
2015-08-14,1.30603,1.30975,1.301665,1.309665
2015-08-17,1.309665,1.31523,1.306025,1.308115
2015-08-18,1.308115,1.31265,1.304125,1.305725
2015-08-19,1.305725,1.31779,1.30244,1.312735
2015-08-20,1.312735,1.317655,1.305985,1.308555
2015-08-21,1.308555,1.319425,1.30572,1.318585
2015-08-24,1.318585,1.329035,1.31512,1.3286
2015-08-25,1.3286,1.335345,1.314425,1.33379
2015-08-26,1.33379,1.334975,1.32512,1.32948
2015-08-27,1.32948,1.33059,1.317935,1.319795
2015-08-28,1.319795,1.33008,1.316715,1.32025
2015-08-31,1.32025,1.33271,1.311715,1.31404
2015-09-01,1.31404,1.325925,1.3117,1.325915
2015-09-02,1.325915,1.33246,1.31994,1.32677
2015-09-03,1.32677,1.328965,1.31368,1.31787
2015-09-04,1.31787,1.32896,1.31621,1.32797
2015-09-07,1.32797,1.33097,1.32452,1.3307
2015-09-08,1.3307,1.330875,1.31854,1.32093
2015-09-09,1.32093,1.32695,1.31547,1.325795
2015-09-10,1.325795,1.328805,1.31765,1.32532
2015-09-11,1.32532,1.33098,1.32155,1.326585
2015-09-14,1.326585,1.328015,1.32249,1.32634
2015-09-15,1.32634,1.327285,1.32268,1.32521
2015-09-16,1.32521,1.325775,1.316055,1.31707
2015-09-17,1.31707,1.320545,1.307385,1.31818
2015-09-18,1.31818,1.32296,1.30122,1.322555
2015-09-21,1.322555,1.326535,1.31763,1.32541
2015-09-22,1.32541,1.329845,1.321925,1.32721
2015-09-23,1.32721,1.33579,1.323315,1.332075
2015-09-24,1.332075,1.341675,1.329165,1.33056
2015-09-25,1.33056,1.335515,1.32979,1.333335
2015-09-28,1.333335,1.33961,1.331755,1.33948
2015-09-29,1.33948,1.345745,1.337205,1.342255
2015-09-30,1.342255,1.34306,1.33072,1.330955
2015-10-01,1.330955,1.333315,1.32192,1.327035
2015-10-02,1.327035,1.327035,1.315235,1.31525
2015-10-05,1.31525,1.317525,1.30645,1.30844
2015-10-06,1.30844,1.31342,1.302605,1.303485
2015-10-07,1.303485,1.30719,1.2972,1.305595
2015-10-08,1.305595,1.30742,1.29788,1.30161
2015-10-09,1.30161,1.30219,1.290085,1.29452
2015-10-12,1.29452,1.30115,1.290145,1.29973
2015-10-13,1.29973,1.30802,1.295645,1.30382
2015-10-14,1.30382,1.30382,1.291135,1.29366
2015-10-15,1.29366,1.29484,1.283225,1.28655
2015-10-16,1.28655,1.29396,1.28524,1.29086
2015-10-19,1.29086,1.302835,1.29016,1.301935
2015-10-20,1.301935,1.304755,1.293545,1.297865
2015-10-21,1.297865,1.31421,1.296865,1.313985
2015-10-22,1.313985,1.315965,1.308405,1.30875
2015-10-23,1.30875,1.31984,1.304,1.31665
2015-10-26,1.31665,1.31839,1.312115,1.315315
2015-10-27,1.315315,1.3273,1.315315,1.32684
2015-10-28,1.32684,1.32798,1.30902,1.31908
2015-10-29,1.31908,1.32381,1.3133,1.317235
2015-10-30,1.317235,1.319285,1.30559,1.307675
2015-11-02,1.307675,1.3117,1.306405,1.30944
2015-11-03,1.30944,1.31652,1.303835,1.305975
2015-11-04,1.305975,1.319195,1.304545,1.315035
2015-11-05,1.315035,1.31865,1.31411,1.316905
2015-11-06,1.316905,1.33177,1.315725,1.330435
2015-11-09,1.330435,1.33103,1.324585,1.328665
2015-11-10,1.328665,1.329735,1.324515,1.327475
2015-11-11,1.327475,1.328355,1.32324,1.326505
2015-11-12,1.326505,1.33413,1.322485,1.329115
2015-11-13,1.329115,1.33495,1.32675,1.332375
2015-11-16,1.332375,1.337075,1.32905,1.33312
2015-11-17,1.33312,1.33442,1.32975,1.332115
2015-11-18,1.332115,1.3369,1.329855,1.33028
2015-11-19,1.33028,1.331385,1.324675,1.328375
2015-11-20,1.328375,1.335615,1.327065,1.334765
2015-11-23,1.334765,1.343595,1.33356,1.336565
2015-11-24,1.336565,1.33775,1.328465,1.330645
2015-11-25,1.330645,1.33394,1.32803,1.328865
2015-11-26,1.328865,1.332475,1.328445,1.32935
2015-11-27,1.32935,1.33765,1.32898,1.337205
2015-11-30,1.337205,1.339315,1.331235,1.3362
2015-12-01,1.3362,1.33984,1.33101,1.33588
2015-12-02,1.33588,1.340765,1.330875,1.33417
2015-12-03,1.33417,1.34003,1.329355,1.33543
2015-12-04,1.33543,1.34163,1.33178,1.336255
2015-12-07,1.336255,1.35242,1.336255,1.34978
2015-12-08,1.34978,1.3622,1.349745,1.35844
2015-12-09,1.35844,1.362015,1.35168,1.357815
2015-12-10,1.357815,1.363985,1.353235,1.36239
2015-12-11,1.36239,1.375785,1.36239,1.37563
2015-12-14,1.37563,1.378175,1.36772,1.3734
2015-12-15,1.3734,1.376605,1.36736,1.37336
2015-12-16,1.37336,1.384785,1.37284,1.378065
2015-12-17,1.378065,1.398705,1.377845,1.393925
2015-12-18,1.393925,1.40017,1.38544,1.39571
2015-12-21,1.39571,1.399365,1.39132,1.396125
2015-12-22,1.396125,1.396665,1.39163,1.39201
2015-12-23,1.39201,1.39384,1.383575,1.38532
2015-12-24,1.38532,1.38745,1.38184,1.38513
2015-12-28,1.38513,1.391585,1.381705,1.390555
2015-12-29,1.390555,1.394025,1.38163,1.384305
2015-12-30,1.384305,1.392735,1.38289,1.38817
2015-12-31,1.38817,1.390365,1.38236,1.383255
2016-01-04,1.383255,1.39834,1.381535,1.395335
2016-01-05,1.395335,1.40196,1.38981,1.399545
2016-01-06,1.399545,1.41096,1.39738,1.40754
2016-01-07,1.40754,1.416995,1.40506,1.411665
2016-01-08,1.411665,1.417735,1.405815,1.41717
2016-01-11,1.41717,1.424555,1.40653,1.421565
2016-01-12,1.421565,1.431585,1.417665,1.426145
2016-01-13,1.426145,1.438045,1.418765,1.434145
2016-01-14,1.434145,1.439785,1.43344,1.436835
2016-01-15,1.436835,1.45541,1.434345,1.4538
2016-01-18,1.4538,1.46065,1.448655,1.45586
2016-01-19,1.45586,1.458965,1.44319,1.45789
2016-01-20,1.45789,1.46903,1.447405,1.450345
2016-01-21,1.450345,1.45407,1.42277,1.42663
2016-01-22,1.42663,1.43005,1.411485,1.41214
2016-01-25,1.41214,1.42929,1.41214,1.42918
2016-01-26,1.42918,1.432575,1.40451,1.41194
2016-01-27,1.41194,1.415685,1.402815,1.409515
2016-01-28,1.409515,1.41232,1.39482,1.402875
2016-01-29,1.402875,1.410905,1.396815,1.39748
2016-02-01,1.39748,1.406235,1.39083,1.3948
2016-02-02,1.3948,1.408215,1.39395,1.40547
2016-02-03,1.40547,1.410295,1.375695,1.378055
2016-02-04,1.378055,1.379835,1.36393,1.375435
2016-02-05,1.375435,1.391855,1.37097,1.39175
2016-02-08,1.39175,1.397845,1.38407,1.392775
2016-02-09,1.392775,1.39608,1.37866,1.3866
2016-02-10,1.3866,1.39988,1.38204,1.39311
2016-02-11,1.39311,1.401645,1.38833,1.393565
2016-02-12,1.393565,1.39655,1.38134,1.38483
2016-02-15,1.38483,1.38629,1.379795,1.38326
2016-02-16,1.38326,1.39115,1.37064,1.386365
2016-02-17,1.386365,1.389945,1.366795,1.36715
2016-02-18,1.36715,1.37517,1.36535,1.372765
2016-02-19,1.372765,1.384665,1.371595,1.37674
2016-02-22,1.37674,1.379315,1.36625,1.37074
2016-02-23,1.37074,1.38212,1.369505,1.379485
2016-02-24,1.379485,1.38594,1.36779,1.370365
2016-02-25,1.370365,1.373515,1.35171,1.35298
2016-02-26,1.35298,1.35647,1.350525,1.351325
2016-02-29,1.351325,1.358755,1.34817,1.354315
2016-03-01,1.354315,1.355195,1.33864,1.34085
2016-03-02,1.34085,1.349925,1.34085,1.34162
2016-03-03,1.34162,1.347305,1.33715,1.340455
2016-03-04,1.340455,1.347115,1.33131,1.33168
2016-03-07,1.33168,1.337775,1.32619,1.328275
2016-03-08,1.328275,1.34254,1.32805,1.34098
2016-03-09,1.34098,1.344685,1.322875,1.324815
2016-03-10,1.324815,1.339815,1.323205,1.33447
2016-03-11,1.33447,1.33608,1.31676,1.32152
2016-03-14,1.32152,1.330865,1.321135,1.326075
2016-03-15,1.326075,1.34024,1.326075,1.3355
2016-03-16,1.3355,1.340535,1.30936,1.309795
2016-03-17,1.309795,1.3133,1.294515,1.297595
2016-03-18,1.297595,1.304295,1.29235,1.30047
2016-03-21,1.30047,1.310225,1.30047,1.31004
2016-03-22,1.31004,1.31388,1.30285,1.304805
2016-03-23,1.304805,1.32198,1.30386,1.320415
2016-03-24,1.320415,1.32962,1.320285,1.32479
2016-03-25,1.32479,1.328535,1.322635,1.32647
2016-03-28,1.32647,1.32853,1.316765,1.31871
2016-03-29,1.31871,1.32162,1.305075,1.307515
2016-03-30,1.307515,1.308145,1.291205,1.29659
2016-03-31,1.29659,1.3011,1.28576,1.300395
2016-04-01,1.300395,1.31475,1.296875,1.301205
2016-04-04,1.301205,1.30879,1.30028,1.30874
2016-04-05,1.30874,1.32193,1.306825,1.3137
2016-04-06,1.3137,1.318655,1.3063,1.308985
2016-04-07,1.308985,1.318085,1.30189,1.314605
2016-04-08,1.314605,1.315695,1.295245,1.29891
2016-04-11,1.29891,1.301585,1.28854,1.28978
2016-04-12,1.28978,1.29205,1.27505,1.27642
2016-04-13,1.27642,1.28284,1.274435,1.28166
2016-04-14,1.28166,1.28978,1.278215,1.2847
2016-04-15,1.2847,1.290285,1.27973,1.282
2016-04-18,1.282,1.298995,1.27797,1.27844
2016-04-19,1.27844,1.27986,1.263065,1.267095
2016-04-20,1.267095,1.27305,1.25935,1.265485
2016-04-21,1.265485,1.275,1.262805,1.273475
2016-04-22,1.273475,1.27583,1.262215,1.26676
2016-04-25,1.26676,1.271735,1.265265,1.26779
2016-04-26,1.26779,1.268745,1.259575,1.26034
2016-04-27,1.26034,1.269495,1.257155,1.259955
2016-04-28,1.259955,1.260625,1.25154,1.25541
2016-04-29,1.25541,1.25876,1.249825,1.25541
2016-05-02,1.25541,1.256285,1.251355,1.25296
2016-05-03,1.25296,1.273175,1.2461,1.272435
2016-05-04,1.272435,1.288575,1.269725,1.28695
2016-05-05,1.28695,1.28755,1.278575,1.28528
2016-05-06,1.28528,1.295195,1.28359,1.29083
2016-05-09,1.29083,1.301535,1.290615,1.296175
2016-05-10,1.296175,1.29801,1.290835,1.29096
2016-05-11,1.29096,1.294225,1.283025,1.285265
2016-05-12,1.285265,1.28786,1.277175,1.284625
2016-05-13,1.284625,1.29576,1.283605,1.29389
2016-05-16,1.29389,1.296275,1.2875,1.2895
2016-05-17,1.2895,1.29556,1.283755,1.29083
2016-05-18,1.29083,1.30371,1.28944,1.303315
2016-05-19,1.303315,1.31544,1.301115,1.309455
2016-05-20,1.309455,1.31624,1.30771,1.31139
2016-05-23,1.31139,1.317375,1.309925,1.31431
2016-05-24,1.31431,1.31883,1.30862,1.312425
2016-05-25,1.312425,1.313365,1.30147,1.30197
2016-05-26,1.30197,1.30374,1.291105,1.29784
2016-05-27,1.29784,1.306865,1.29685,1.30273
2016-05-30,1.30273,1.309455,1.302655,1.30483
2016-05-31,1.30483,1.31345,1.301715,1.30927
2016-06-01,1.30927,1.312265,1.304245,1.307805
2016-06-02,1.307805,1.31443,1.30558,1.309665
2016-06-03,1.309665,1.31066,1.291565,1.29373
2016-06-06,1.29373,1.29826,1.280325,1.28166
2016-06-07,1.28166,1.283955,1.273355,1.273555
2016-06-08,1.273555,1.276135,1.265495,1.269335
2016-06-09,1.269335,1.276695,1.267085,1.27207
2016-06-10,1.27207,1.278185,1.26604,1.27809
2016-06-13,1.27809,1.283925,1.275035,1.283785
2016-06-14,1.283785,1.28733,1.281565,1.287225
2016-06-15,1.287225,1.294315,1.282645,1.291165
2016-06-16,1.291165,1.308615,1.289545,1.29696
2016-06-17,1.29696,1.29696,1.282945,1.289345
2016-06-20,1.289345,1.289345,1.277275,1.28059
2016-06-21,1.28059,1.282675,1.27626,1.28174
2016-06-22,1.28174,1.285295,1.274235,1.284405
2016-06-23,1.284405,1.284735,1.267845,1.27555
2016-06-24,1.27555,1.309945,1.27138,1.30017
2016-06-27,1.30017,1.31205,1.299395,1.307275
2016-06-28,1.307275,1.310795,1.296655,1.302345
2016-06-29,1.302345,1.30426,1.293205,1.293505
2016-06-30,1.293505,1.301585,1.291465,1.292425
2016-07-01,1.292425,1.29754,1.286545,1.29108
2016-07-04,1.29108,1.292205,1.283165,1.28452
2016-07-05,1.28452,1.301725,1.2842,1.297855
2016-07-06,1.297855,1.30562,1.294755,1.29615
2016-07-07,1.29615,1.302115,1.287655,1.30004
2016-07-08,1.30004,1.30907,1.298835,1.303955
2016-07-11,1.303955,1.313995,1.303015,1.31169
2016-07-12,1.31169,1.31332,1.29814,1.30422
2016-07-13,1.30422,1.30838,1.293595,1.29773
2016-07-14,1.29773,1.298705,1.286255,1.28903
2016-07-15,1.28903,1.298795,1.28624,1.29718
2016-07-18,1.29718,1.302245,1.29271,1.29447
2016-07-19,1.29447,1.305445,1.29409,1.302055
2016-07-20,1.302055,1.309575,1.301385,1.305855
2016-07-21,1.305855,1.31014,1.302415,1.308725
2016-07-22,1.308725,1.318555,1.305545,1.3128
2016-07-25,1.3128,1.324225,1.3124,1.32188
2016-07-26,1.32188,1.32442,1.31744,1.31876
2016-07-27,1.31876,1.325355,1.31574,1.318655
2016-07-28,1.318655,1.31924,1.31011,1.31565
2016-07-29,1.31565,1.31863,1.30022,1.30414
2016-08-01,1.30414,1.31272,1.302795,1.312235
2016-08-02,1.312235,1.31419,1.300545,1.31113
2016-08-03,1.31113,1.314785,1.30635,1.30666
2016-08-04,1.30666,1.308915,1.2996,1.30185
2016-08-05,1.30185,1.32006,1.300895,1.31716
2016-08-08,1.31716,1.319035,1.313635,1.315725
2016-08-09,1.315725,1.319005,1.310935,1.311745
2016-08-10,1.311745,1.31241,1.299025,1.305715
2016-08-11,1.305715,1.30798,1.295805,1.299105
2016-08-12,1.299105,1.299405,1.29244,1.295375
2016-08-15,1.295375,1.297585,1.290195,1.29245
2016-08-16,1.29245,1.293395,1.279875,1.28627
2016-08-17,1.28627,1.291795,1.28312,1.28437
2016-08-18,1.28437,1.285805,1.27641,1.27816
2016-08-19,1.27816,1.2892,1.27739,1.28687
2016-08-22,1.28687,1.29656,1.28687,1.29464
2016-08-23,1.29464,1.2948,1.2859,1.29128
2016-08-24,1.29128,1.295795,1.29019,1.29272
2016-08-25,1.29272,1.29396,1.289885,1.292225
2016-08-26,1.292225,1.301185,1.283175,1.30037
2016-08-29,1.30037,1.304765,1.29897,1.301135
2016-08-30,1.301135,1.310365,1.300995,1.309865
2016-08-31,1.309865,1.31456,1.30802,1.31042
2016-09-01,1.31042,1.314795,1.308305,1.31027
2016-09-02,1.31027,1.31144,1.29824,1.29879
2016-09-05,1.29879,1.29986,1.29068,1.292755
2016-09-06,1.292755,1.293295,1.28273,1.284385
2016-09-07,1.284385,1.291425,1.28229,1.28855
2016-09-08,1.28855,1.293935,1.285145,1.29386
2016-09-09,1.29386,1.305315,1.291075,1.30493
2016-09-12,1.30493,1.312355,1.303435,1.30399
2016-09-13,1.30399,1.318995,1.30301,1.317655
2016-09-14,1.317655,1.32086,1.312855,1.3195
2016-09-15,1.3195,1.323555,1.313115,1.315495
2016-09-16,1.315495,1.324825,1.314205,1.32128
2016-09-19,1.32128,1.32246,1.313535,1.320355
2016-09-20,1.320355,1.3243,1.318455,1.318975
2016-09-21,1.318975,1.323815,1.31002,1.310115
2016-09-22,1.310115,1.31047,1.30006,1.30419
2016-09-23,1.30419,1.31808,1.30297,1.31688
2016-09-26,1.31688,1.324375,1.313635,1.32275
2016-09-27,1.32275,1.328125,1.316395,1.31975
2016-09-28,1.31975,1.32696,1.30769,1.30802
2016-09-29,1.30802,1.31841,1.304845,1.31476
2016-09-30,1.31476,1.31953,1.308635,1.31273
2016-10-03,1.31273,1.314435,1.306825,1.312015
2016-10-04,1.312015,1.32158,1.31109,1.31915
2016-10-05,1.31915,1.32324,1.316125,1.317575
2016-10-06,1.317575,1.32491,1.317575,1.321955
2016-10-07,1.321955,1.331335,1.318625,1.329665
2016-10-10,1.329665,1.329665,1.31394,1.31745
2016-10-11,1.31745,1.327265,1.316365,1.326415
2016-10-12,1.326415,1.32879,1.32092,1.32759
2016-10-13,1.32759,1.330705,1.31861,1.319225
2016-10-14,1.319225,1.321965,1.310275,1.3139
2016-10-17,1.3139,1.31832,1.31182,1.312815
2016-10-18,1.312815,1.31399,1.305495,1.3109
2016-10-19,1.3109,1.314175,1.300615,1.31137
2016-10-20,1.31137,1.32327,1.31137,1.32298
2016-10-21,1.32298,1.335495,1.32254,1.33371
2016-10-24,1.33371,1.33976,1.328585,1.328665
2016-10-25,1.328665,1.337155,1.327825,1.33502
2016-10-26,1.33502,1.338485,1.331435,1.33798
2016-10-27,1.33798,1.340755,1.335275,1.33859
2016-10-28,1.33859,1.34338,1.335285,1.339725
2016-10-31,1.339725,1.3428,1.337555,1.34088
2016-11-01,1.34088,1.34258,1.33536,1.33892
2016-11-02,1.33892,1.342345,1.335955,1.339265
2016-11-03,1.339265,1.34026,1.336195,1.3397
2016-11-04,1.3397,1.346575,1.33866,1.340275
2016-11-07,1.340275,1.341735,1.3343,1.33635
2016-11-08,1.33635,1.33913,1.32859,1.32887
2016-11-09,1.32887,1.352555,1.326455,1.342355
2016-11-10,1.342355,1.35093,1.338695,1.34698
2016-11-11,1.34698,1.35484,1.34564,1.35397
2016-11-14,1.35397,1.358885,1.35022,1.35614
2016-11-15,1.35614,1.35614,1.344445,1.344765
2016-11-16,1.344765,1.3506,1.3405,1.3446
2016-11-17,1.3446,1.35262,1.339975,1.35234
2016-11-18,1.35234,1.356475,1.349245,1.35052
2016-11-21,1.35052,1.351495,1.33866,1.34184
2016-11-22,1.34184,1.346735,1.337805,1.34403
2016-11-23,1.34403,1.35169,1.342415,1.34868
2016-11-24,1.34868,1.353555,1.34765,1.34925
2016-11-25,1.34925,1.353465,1.345405,1.3523
2016-11-28,1.3523,1.35373,1.339695,1.34104
2016-11-29,1.34104,1.3481,1.340075,1.343125
2016-11-30,1.343125,1.34638,1.335665,1.343745
2016-12-01,1.343745,1.343795,1.33008,1.332045
2016-12-02,1.332045,1.332045,1.32551,1.32893
2016-12-05,1.32893,1.33565,1.323605,1.32724
2016-12-06,1.32724,1.33114,1.32526,1.3278
2016-12-07,1.3278,1.32972,1.32232,1.32349
2016-12-08,1.32349,1.325095,1.318435,1.318975
2016-12-09,1.318975,1.321265,1.315225,1.317975
2016-12-12,1.317975,1.317975,1.31083,1.31309
2016-12-13,1.31309,1.31401,1.310265,1.31293
2016-12-14,1.31293,1.3295,1.30809,1.328455
2016-12-15,1.328455,1.341785,1.32688,1.33358
2016-12-16,1.33358,1.33924,1.331865,1.33379
2016-12-19,1.33379,1.342305,1.331785,1.340885
2016-12-20,1.340885,1.34343,1.336025,1.336835
2016-12-21,1.336835,1.342725,1.335815,1.34126
2016-12-22,1.34126,1.35204,1.34124,1.348305
2016-12-23,1.348305,1.355705,1.34799,1.35379
2016-12-27,1.35379,1.357995,1.351755,1.357605
2016-12-28,1.357605,1.359865,1.35396,1.356
2016-12-29,1.356,1.3561,1.348125,1.35033
2016-12-30,1.35033,1.350765,1.34014,1.34419
2017-01-03,1.34419,1.34611,1.33985,1.34287
2017-01-04,1.34287,1.3457,1.32821,1.33013
2017-01-05,1.33013,1.33131,1.31916,1.322355
2017-01-06,1.322355,1.32684,1.31777,1.32381
2017-01-09,1.32381,1.32771,1.31974,1.321555
2017-01-10,1.321555,1.32576,1.31923,1.32321
2017-01-11,1.32321,1.32945,1.31194,1.31777
2017-01-12,1.31777,1.31856,1.30294,1.31438
2017-01-13,1.31438,1.31682,1.3113,1.311695
2017-01-16,1.311695,1.31887,1.311695,1.31762
2017-01-17,1.31762,1.31897,1.30188,1.304115
2017-01-18,1.304115,1.32714,1.30396,1.327015
2017-01-19,1.327015,1.33536,1.32529,1.33184
2017-01-20,1.33184,1.33878,1.32846,1.33208
2017-01-23,1.33208,1.33348,1.32214,1.323825
2017-01-24,1.323825,1.32991,1.31064,1.31574
2017-01-25,1.31574,1.31645,1.30614,1.30698
2017-01-26,1.30698,1.31307,1.30535,1.309535
2017-01-27,1.309535,1.31551,1.30847,1.31512
2017-01-30,1.31512,1.31693,1.30769,1.31181
2017-01-31,1.31181,1.31237,1.29691,1.30311
2017-02-01,1.30311,1.31026,1.30303,1.30495
2017-02-02,1.30495,1.30522,1.29803,1.30266
2017-02-03,1.30266,1.30766,1.29927,1.30262
2017-02-06,1.30262,1.31358,1.30074,1.308435
2017-02-07,1.308435,1.32124,1.30742,1.31871
2017-02-08,1.31871,1.32004,1.3135,1.31449
2017-02-09,1.31449,1.31682,1.30946,1.31465
2017-02-10,1.31465,1.31582,1.3063,1.30831
2017-02-13,1.30831,1.31214,1.30543,1.307155
2017-02-14,1.307155,1.31072,1.3025,1.30718
2017-02-15,1.30718,1.31202,1.30645,1.30831
2017-02-16,1.30831,1.30831,1.30094,1.307105
2017-02-17,1.307105,1.31265,1.30604,1.30944
2017-02-20,1.30944,1.31194,1.30745,1.31058
2017-02-21,1.31058,1.31651,1.31003,1.3143
2017-02-22,1.3143,1.32099,1.31101,1.316375
2017-02-23,1.316375,1.31704,1.30828,1.31046
2017-02-24,1.31046,1.31191,1.30518,1.309425
2017-02-27,1.309425,1.31809,1.30836,1.317965
2017-02-28,1.317965,1.33145,1.31646,1.329985
2017-03-01,1.329985,1.3358,1.32842,1.33252
2017-03-02,1.33252,1.34022,1.3324,1.339075
2017-03-03,1.339075,1.3437,1.33721,1.33778
2017-03-06,1.33778,1.34248,1.33724,1.34104
2017-03-07,1.34104,1.34356,1.33835,1.341275
2017-03-08,1.341275,1.350025,1.33974,1.349195
2017-03-09,1.349195,1.3535,1.34822,1.351095
2017-03-10,1.351095,1.35154,1.34215,1.34712
2017-03-13,1.34712,1.34768,1.34305,1.344675
2017-03-14,1.344675,1.34956,1.34388,1.347975
2017-03-15,1.347975,1.34854,1.32963,1.330405
2017-03-16,1.330405,1.33528,1.32768,1.331925
2017-03-17,1.331925,1.33782,1.3304,1.33509
2017-03-20,1.33509,1.33724,1.33045,1.335155
2017-03-21,1.335155,1.33645,1.32636,1.33514
2017-03-22,1.33514,1.34095,1.33202,1.332975
2017-03-23,1.332975,1.33573,1.33161,1.335215
2017-03-24,1.335215,1.33863,1.3345,1.337815
2017-03-27,1.337815,1.34041,1.33212,1.33763
2017-03-28,1.33763,1.3415,1.33541,1.338285
2017-03-29,1.338285,1.34016,1.33224,1.33265
2017-03-30,1.33265,1.3352,1.3278,1.333965
2017-03-31,1.333965,1.33674,1.32844,1.331955
2017-04-03,1.331955,1.34,1.32959,1.338165
2017-04-04,1.338165,1.3456,1.33732,1.34023
2017-04-05,1.34023,1.344,1.33783,1.34352
2017-04-06,1.34352,1.34511,1.33984,1.341405
2017-04-07,1.341405,1.34312,1.33422,1.34054
2017-04-10,1.34054,1.34265,1.33228,1.33272
2017-04-11,1.33272,1.33572,1.331,1.332455
2017-04-12,1.332455,1.33393,1.32375,1.32497
2017-04-13,1.32497,1.33384,1.32238,1.33285
2017-04-14,1.33285,1.33377,1.331,1.332625
2017-04-17,1.332625,1.332625,1.32626,1.33163
2017-04-18,1.33163,1.34,1.33129,1.338085
2017-04-19,1.338085,1.34904,1.33754,1.3485
2017-04-20,1.3485,1.35004,1.34565,1.347075
2017-04-21,1.347075,1.35259,1.34586,1.34962
2017-04-24,1.34962,1.35218,1.3411,1.350075
2017-04-25,1.350075,1.36265,1.34998,1.35708
2017-04-26,1.35708,1.36223,1.35424,1.362145
2017-04-27,1.362145,1.3671,1.35296,1.36332
2017-04-28,1.36332,1.36969,1.36244,1.3652
2017-05-01,1.3652,1.3687,1.36374,1.36797
2017-05-02,1.36797,1.37575,1.36499,1.370875
2017-05-03,1.370875,1.37402,1.3679,1.373145
2017-05-04,1.373145,1.37771,1.37005,1.37491
2017-05-05,1.37491,1.37935,1.36424,1.36491
2017-05-08,1.36491,1.37339,1.36434,1.36913
2017-05-09,1.36913,1.37536,1.36706,1.372065
2017-05-10,1.372065,1.37323,1.36478,1.365565
2017-05-11,1.365565,1.37705,1.36523,1.369745
2017-05-12,1.369745,1.37421,1.36655,1.37121
2017-05-15,1.37121,1.37222,1.36015,1.36327
2017-05-16,1.36327,1.36588,1.3575,1.360615
2017-05-17,1.360615,1.36417,1.35712,1.36018
2017-05-18,1.36018,1.36699,1.35812,1.360435
2017-05-19,1.360435,1.36112,1.35096,1.351055
2017-05-22,1.351055,1.35412,1.3485,1.35017
2017-05-23,1.35017,1.35256,1.3456,1.3513
2017-05-24,1.3513,1.35402,1.3406,1.340755
2017-05-25,1.340755,1.34936,1.33872,1.348645
2017-05-26,1.348645,1.34975,1.34332,1.3447
2017-05-29,1.3447,1.34684,1.34276,1.3454
2017-05-30,1.3454,1.35064,1.34509,1.34588
2017-05-31,1.34588,1.3523,1.34364,1.3501
2017-06-01,1.3501,1.35274,1.34716,1.351555
2017-06-02,1.351555,1.35472,1.3482,1.348435
2017-06-05,1.348435,1.35012,1.34588,1.347325
2017-06-06,1.347325,1.34867,1.34368,1.345555
2017-06-07,1.345555,1.35261,1.34269,1.35087
2017-06-08,1.35087,1.35216,1.3485,1.35066
2017-06-09,1.35066,1.35427,1.3423,1.34668
2017-06-12,1.34668,1.34706,1.33198,1.332445
2017-06-13,1.332445,1.33256,1.32116,1.32413
2017-06-14,1.32413,1.32719,1.3165,1.324715
2017-06-15,1.324715,1.33083,1.32254,1.326935
2017-06-16,1.326935,1.3274,1.32102,1.321265
2017-06-19,1.321265,1.32575,1.31913,1.321975
2017-06-20,1.321975,1.32854,1.3204,1.32668
2017-06-21,1.32668,1.33479,1.32644,1.33332
2017-06-22,1.33332,1.33382,1.32083,1.323425
2017-06-23,1.323425,1.33077,1.32109,1.327025
2017-06-26,1.327025,1.32727,1.32124,1.324465
2017-06-27,1.324465,1.32607,1.31476,1.319905
2017-06-28,1.319905,1.319905,1.30136,1.30409
2017-06-29,1.30409,1.30436,1.29864,1.300385
2017-06-30,1.300385,1.30142,1.29462,1.296315
2017-07-03,1.296315,1.30116,1.296315,1.30067
2017-07-04,1.30067,1.30156,1.291235,1.29364
2017-07-05,1.29364,1.30149,1.29287,1.295715
2017-07-06,1.295715,1.29838,1.29232,1.297745
2017-07-07,1.297745,1.2994,1.286,1.287675
2017-07-10,1.287675,1.29325,1.28714,1.28905
2017-07-11,1.28905,1.29436,1.28852,1.291495
2017-07-12,1.291495,1.29405,1.26807,1.27514
2017-07-13,1.27514,1.27713,1.27216,1.272285
2017-07-14,1.272285,1.27472,1.26442,1.26468
2017-07-17,1.26468,1.26994,1.26274,1.269715
2017-07-18,1.269715,1.27016,1.25811,1.262765
2017-07-19,1.262765,1.2653,1.25786,1.260505
2017-07-20,1.260505,1.26408,1.25407,1.25923
2017-07-21,1.25923,1.26089,1.25224,1.254065
2017-07-24,1.254065,1.25519,1.2484,1.251065
2017-07-25,1.251065,1.25328,1.24814,1.250785
2017-07-26,1.250785,1.25441,1.24144,1.24453
2017-07-27,1.24453,1.25762,1.24142,1.25553
2017-07-28,1.25553,1.25678,1.24193,1.24344
2017-07-31,1.24344,1.2529,1.24322,1.247955
2017-08-01,1.247955,1.25544,1.2451,1.25386
2017-08-02,1.25386,1.25928,1.25325,1.257125
2017-08-03,1.257125,1.26187,1.25528,1.258545
2017-08-04,1.258545,1.26682,1.25561,1.2652
2017-08-07,1.2652,1.2715,1.26296,1.267985
2017-08-08,1.267985,1.27059,1.26508,1.26674
2017-08-09,1.26674,1.27218,1.26628,1.26978
2017-08-10,1.26978,1.27456,1.26732,1.274385
2017-08-11,1.274385,1.27534,1.26528,1.267895
2017-08-14,1.267895,1.27308,1.26684,1.272205
2017-08-15,1.272205,1.27784,1.27184,1.27568
2017-08-16,1.27568,1.27708,1.26138,1.26192
2017-08-17,1.26192,1.2684,1.25882,1.26833
2017-08-18,1.26833,1.26912,1.2557,1.25854
2017-08-21,1.25854,1.26068,1.25536,1.255815
2017-08-22,1.255815,1.25954,1.25262,1.256295
2017-08-23,1.256295,1.25988,1.2541,1.255315
2017-08-24,1.255315,1.25616,1.25146,1.251995
2017-08-25,1.251995,1.25395,1.24662,1.24813
2017-08-28,1.24813,1.25108,1.24443,1.25075
2017-08-29,1.25075,1.25505,1.2441,1.251335
2017-08-30,1.251335,1.26368,1.25006,1.26223
2017-08-31,1.26223,1.26635,1.2477,1.24825
2017-09-01,1.24825,1.24916,1.23402,1.23957
2017-09-04,1.23957,1.24267,1.23753,1.24143
2017-09-05,1.24143,1.2418,1.23358,1.237305
2017-09-06,1.237305,1.24149,1.21327,1.222515
2017-09-07,1.222515,1.22418,1.21104,1.21157
2017-09-08,1.21157,1.21658,1.2062,1.21605
2017-09-11,1.21605,1.21706,1.20981,1.21102
2017-09-12,1.21102,1.21896,1.20822,1.218635
2017-09-13,1.218635,1.222,1.21308,1.217445
2017-09-14,1.217445,1.22394,1.21572,1.216475
2017-09-15,1.216475,1.22182,1.21194,1.21913
2017-09-18,1.21913,1.2338,1.21714,1.229365
2017-09-19,1.229365,1.23088,1.22549,1.22935
2017-09-20,1.22935,1.2391,1.21959,1.2324
2017-09-21,1.2324,1.23682,1.23207,1.23257
2017-09-22,1.23257,1.23512,1.22541,1.233875
2017-09-25,1.233875,1.23854,1.23129,1.237035
2017-09-26,1.237035,1.24132,1.23298,1.234465
2017-09-27,1.234465,1.2483,1.23358,1.24776
2017-09-28,1.24776,1.25196,1.24162,1.24284
2017-09-29,1.24284,1.25328,1.24169,1.24714
2017-10-02,1.24714,1.25247,1.24677,1.250925
2017-10-03,1.250925,1.25388,1.24804,1.24857
2017-10-04,1.24857,1.2499,1.24486,1.24779
2017-10-05,1.24779,1.2585,1.2462,1.25658
2017-10-06,1.25658,1.26005,1.25258,1.25325
2017-10-09,1.25325,1.2559,1.25255,1.255125
2017-10-10,1.255125,1.25556,1.24836,1.25148
2017-10-11,1.25148,1.25312,1.24527,1.246055
2017-10-12,1.246055,1.24908,1.2433,1.24747
2017-10-13,1.24747,1.252,1.24523,1.24678
2017-10-16,1.24678,1.25582,1.24678,1.251915
2017-10-17,1.251915,1.25907,1.25132,1.252195
2017-10-18,1.252195,1.25342,1.24581,1.24662
2017-10-19,1.24662,1.24948,1.24508,1.24849
2017-10-20,1.24849,1.26306,1.24766,1.262645
2017-10-23,1.262645,1.26599,1.26138,1.264725
2017-10-24,1.264725,1.2693,1.26218,1.267485
2017-10-25,1.267485,1.2817,1.26386,1.27968
2017-10-26,1.27968,1.2858,1.27807,1.28464
2017-10-27,1.28464,1.29168,1.28063,1.28115
2017-10-30,1.28115,1.2861,1.28115,1.28337
2017-10-31,1.28337,1.2915,1.28228,1.288935
2017-11-01,1.288935,1.29103,1.28546,1.286555
2017-11-02,1.286555,1.28762,1.27994,1.28086
2017-11-03,1.28086,1.28357,1.27154,1.276335
2017-11-06,1.276335,1.27828,1.2703,1.2703
2017-11-07,1.2703,1.28196,1.2703,1.27768
2017-11-08,1.27768,1.27794,1.27156,1.27276
2017-11-09,1.27276,1.27412,1.2668,1.268315
2017-11-10,1.268315,1.26958,1.26665,1.2682
2017-11-13,1.2682,1.2742,1.26785,1.27332
2017-11-14,1.27332,1.27731,1.27008,1.273125
2017-11-15,1.273125,1.27896,1.27133,1.2764
2017-11-16,1.2764,1.27836,1.27284,1.27561
2017-11-17,1.27561,1.2824,1.27136,1.27669
2017-11-20,1.27669,1.28212,1.27552,1.28195
2017-11-21,1.28195,1.2837,1.2749,1.277845
2017-11-22,1.277845,1.27879,1.2694,1.26954
2017-11-23,1.26954,1.27295,1.26724,1.271595
2017-11-24,1.271595,1.27478,1.26932,1.27129
2017-11-27,1.27129,1.27708,1.26802,1.276905
2017-11-28,1.276905,1.28248,1.27542,1.2815
2017-11-29,1.2815,1.28746,1.28053,1.28645
2017-11-30,1.28645,1.2909,1.28505,1.28968
2017-12-01,1.28968,1.29025,1.26826,1.26861
2017-12-04,1.26861,1.27268,1.26562,1.26738
2017-12-05,1.26738,1.27048,1.26238,1.26874
2017-12-06,1.26874,1.28074,1.2653,1.27865
2017-12-07,1.27865,1.28687,1.2786,1.285345
2017-12-08,1.285345,1.28795,1.28044,1.28526
2017-12-11,1.28526,1.28691,1.28309,1.285595
2017-12-12,1.285595,1.28926,1.28132,1.28675
2017-12-13,1.28675,1.28806,1.27924,1.28176
2017-12-14,1.28176,1.28662,1.27139,1.279775
2017-12-15,1.279775,1.289445,1.2739,1.28677
2017-12-18,1.28677,1.28814,1.2843,1.28624
2017-12-19,1.28624,1.2921,1.28504,1.28798
2017-12-20,1.28798,1.28808,1.28186,1.28352
2017-12-21,1.28352,1.28396,1.26992,1.27381
2017-12-22,1.27381,1.27963,1.26983,1.27272
2017-12-26,1.27272,1.27346,1.2685,1.26866
2017-12-27,1.26866,1.2696,1.26277,1.26543
2017-12-28,1.26543,1.26615,1.25662,1.25692
2017-12-29,1.25692,1.25892,1.25153,1.25787
2018-01-02,1.25787,1.25815,1.25,1.251205
2018-01-03,1.251205,1.25539,1.24993,1.253535
2018-01-04,1.253535,1.25558,1.24842,1.24875
2018-01-05,1.24875,1.25134,1.2355,1.241365
2018-01-08,1.241365,1.24502,1.23782,1.24196
2018-01-09,1.24196,1.24781,1.23984,1.24639
2018-01-10,1.24639,1.25836,1.24273,1.25479
2018-01-11,1.25479,1.25901,1.25154,1.252115
2018-01-12,1.252115,1.25566,1.24589,1.24618
2018-01-15,1.24618,1.24724,1.24027,1.242915
2018-01-16,1.242915,1.24526,1.23972,1.243475
2018-01-17,1.243475,1.25414,1.23622,1.24349
2018-01-18,1.24349,1.24872,1.24144,1.24165
2018-01-19,1.24165,1.25083,1.23998,1.24952
2018-01-22,1.24952,1.24971,1.24348,1.24434
2018-01-23,1.24434,1.2491,1.24182,1.24198
2018-01-24,1.24198,1.24278,1.23164,1.234685
2018-01-25,1.234685,1.2392,1.22822,1.23765
2018-01-26,1.23765,1.23915,1.2293,1.2316
2018-01-29,1.2316,1.23619,1.23104,1.233975
2018-01-30,1.233975,1.23795,1.23095,1.233715
2018-01-31,1.233715,1.2348,1.22488,1.23157
2018-02-01,1.23157,1.2332,1.22584,1.2267
2018-02-02,1.2267,1.24378,1.22556,1.24274
2018-02-05,1.24274,1.25436,1.23977,1.25399
2018-02-06,1.25399,1.25686,1.2493,1.2494
2018-02-07,1.2494,1.25778,1.24931,1.256825
2018-02-08,1.256825,1.26143,1.25465,1.260295
2018-02-09,1.260295,1.26879,1.25602,1.25795
2018-02-12,1.25795,1.26236,1.25559,1.257745
2018-02-13,1.257745,1.26254,1.25662,1.259315
2018-02-14,1.259315,1.26494,1.24912,1.24915
2018-02-15,1.24915,1.25378,1.24654,1.248095
2018-02-16,1.248095,1.2568,1.24504,1.25545
2018-02-19,1.25545,1.25928,1.25274,1.25596
2018-02-20,1.25596,1.26492,1.25566,1.26481
2018-02-21,1.26481,1.27039,1.26252,1.270355
2018-02-22,1.270355,1.27585,1.26718,1.270555
2018-02-23,1.270555,1.2726,1.26155,1.26339
2018-02-26,1.26339,1.27119,1.26148,1.268585
2018-02-27,1.268585,1.2778,1.26686,1.277575
2018-02-28,1.277575,1.28415,1.2762,1.28325
2018-03-01,1.28325,1.28952,1.28092,1.283745
2018-03-02,1.283745,1.29155,1.28198,1.28843
2018-03-05,1.28843,1.3001,1.28654,1.29637
2018-03-06,1.29637,1.2995,1.28623,1.287605
2018-03-07,1.287605,1.30013,1.28756,1.291095
2018-03-08,1.291095,1.29616,1.28672,1.289705
2018-03-09,1.289705,1.29094,1.281,1.28111
2018-03-12,1.28111,1.28456,1.28032,1.2844
2018-03-13,1.2844,1.2984,1.28302,1.296505
2018-03-14,1.296505,1.2976,1.2921,1.29541
2018-03-15,1.29541,1.30676,1.2946,1.30534
2018-03-16,1.30534,1.30986,1.30459,1.30973
2018-03-19,1.30973,1.31252,1.30472,1.30782
2018-03-20,1.30782,1.31038,1.30526,1.30717
2018-03-21,1.30717,1.30774,1.28903,1.2904
2018-03-22,1.2904,1.29488,1.28298,1.29391
2018-03-23,1.29391,1.29402,1.28247,1.289605
2018-03-26,1.289605,1.29228,1.28404,1.28433
2018-03-27,1.28433,1.29034,1.28148,1.289005
2018-03-28,1.289005,1.29342,1.2863,1.29245
2018-03-29,1.29245,1.29444,1.28614,1.288465
2018-03-30,1.288465,1.29042,1.28614,1.289815
2018-04-02,1.289815,1.29438,1.2863,1.291375
2018-04-03,1.291375,1.29242,1.27814,1.280575
2018-04-04,1.280575,1.28481,1.27578,1.27685
2018-04-05,1.27685,1.28072,1.2745,1.275225
2018-04-06,1.275225,1.27961,1.27331,1.27817
2018-04-09,1.27817,1.28189,1.26878,1.269805
2018-04-10,1.269805,1.27094,1.25882,1.26
2018-04-11,1.26,1.26233,1.25445,1.25812
2018-04-12,1.25812,1.26223,1.25617,1.258915
2018-04-13,1.258915,1.26178,1.2552,1.26138
2018-04-16,1.26138,1.26238,1.25636,1.2567
2018-04-17,1.2567,1.25794,1.25279,1.25511
2018-04-18,1.25511,1.26596,1.2547,1.26288
2018-04-19,1.26288,1.26766,1.25856,1.26718
2018-04-20,1.26718,1.2767,1.26332,1.27665
2018-04-23,1.27665,1.2858,1.27481,1.2849
2018-04-24,1.2849,1.28616,1.28124,1.28328
2018-04-25,1.28328,1.28974,1.28206,1.28462
2018-04-26,1.28462,1.28853,1.2821,1.28712
2018-04-27,1.28712,1.29,1.28256,1.28294
2018-04-30,1.28294,1.28751,1.28052,1.28435
2018-05-01,1.28435,1.29142,1.28204,1.28496
2018-05-02,1.28496,1.28884,1.28037,1.28835
2018-05-03,1.28835,1.29091,1.28163,1.28477
2018-05-04,1.28477,1.29176,1.28362,1.28465
2018-05-07,1.28465,1.28996,1.28393,1.28816
2018-05-08,1.28816,1.29974,1.28764,1.29501
2018-05-09,1.29501,1.29754,1.28256,1.28532
2018-05-10,1.28532,1.2866,1.27432,1.27676
2018-05-11,1.27676,1.28005,1.27296,1.27988
2018-05-14,1.27988,1.28127,1.27499,1.28124
2018-05-15,1.28124,1.2925,1.2792,1.28776
2018-05-16,1.28776,1.28776,1.27782,1.2791
2018-05-17,1.2791,1.28228,1.27492,1.2808
2018-05-18,1.2808,1.29112,1.27911,1.28888
2018-05-21,1.28888,1.2891,1.27818,1.27888
2018-05-22,1.27888,1.28232,1.2743,1.28187
2018-05-23,1.28187,1.29154,1.28121,1.28348
2018-05-24,1.28348,1.2921,1.28285,1.28812
2018-05-25,1.28812,1.29889,1.28765,1.29706
2018-05-28,1.29706,1.30224,1.29607,1.29932
2018-05-29,1.29932,1.30468,1.29676,1.30205
2018-05-30,1.30205,1.30409,1.28362,1.28754
2018-05-31,1.28754,1.29907,1.28182,1.29559
2018-06-01,1.29559,1.30078,1.29306,1.29532
2018-06-04,1.29532,1.29643,1.29001,1.29302
2018-06-05,1.29302,1.3067,1.29144,1.29672
2018-06-06,1.29672,1.2974,1.2859,1.29433
2018-06-07,1.29433,1.30018,1.29356,1.29728
2018-06-08,1.29728,1.30447,1.29211,1.29238
2018-06-11,1.29238,1.3028,1.29238,1.29806
2018-06-12,1.29806,1.30302,1.29784,1.30138
2018-06-13,1.30138,1.3052,1.29556,1.29832
2018-06-14,1.29832,1.31092,1.29492,1.31054
2018-06-15,1.31054,1.32081,1.31,1.3176
2018-06-18,1.3176,1.32374,1.31599,1.32015
2018-06-19,1.32015,1.32918,1.31962,1.3286
2018-06-20,1.3286,1.33212,1.3269,1.33112
2018-06-21,1.33112,1.33357,1.32834,1.33172
2018-06-22,1.33172,1.33832,1.32594,1.32651
2018-06-25,1.32651,1.33252,1.32651,1.32956
2018-06-26,1.32956,1.33294,1.32806,1.33031
2018-06-27,1.33031,1.33862,1.32772,1.33421
2018-06-28,1.33421,1.3352,1.32422,1.32524
2018-06-29,1.32524,1.32692,1.31308,1.31345
2018-07-02,1.31345,1.32252,1.31345,1.31876
2018-07-03,1.31876,1.32082,1.31328,1.31397
2018-07-04,1.31397,1.31617,1.31124,1.31443
2018-07-05,1.31443,1.31603,1.31152,1.31329
2018-07-06,1.31329,1.31506,1.30768,1.30891
2018-07-09,1.30891,1.31232,1.3066,1.31078
2018-07-10,1.31078,1.31467,1.31012,1.31136
2018-07-11,1.31136,1.3215,1.30634,1.32107
2018-07-12,1.32107,1.32194,1.315,1.31554
2018-07-13,1.31554,1.32086,1.315,1.31574
2018-07-16,1.31574,1.31672,1.31098,1.31341
2018-07-17,1.31341,1.32197,1.31106,1.3191
2018-07-18,1.3191,1.32602,1.31618,1.31697
2018-07-19,1.31697,1.32898,1.31598,1.32686
2018-07-20,1.32686,1.32897,1.31148,1.31415
2018-07-23,1.31415,1.31796,1.31142,1.31735
2018-07-24,1.31735,1.31914,1.31363,1.31544
2018-07-25,1.31544,1.31664,1.30246,1.30465
2018-07-26,1.30465,1.30932,1.30254,1.30784
2018-07-27,1.30784,1.308,1.30414,1.30553
2018-07-30,1.30553,1.30792,1.29943,1.30348
2018-07-31,1.30348,1.30965,1.29814,1.30084
2018-08-01,1.30084,1.3033,1.29754,1.30052
2018-08-02,1.30052,1.30394,1.29939,1.30224
2018-08-03,1.30224,1.30394,1.29682,1.29948
2018-08-06,1.29948,1.30403,1.29878,1.30042
2018-08-07,1.30042,1.3076,1.29623,1.30532
2018-08-08,1.30532,1.31209,1.30066,1.30204
2018-08-09,1.30204,1.30644,1.30006,1.30502
2018-08-10,1.30502,1.31536,1.3034,1.31394
2018-08-13,1.31394,1.31712,1.31035,1.3135
2018-08-14,1.3135,1.31367,1.30562,1.30572
2018-08-15,1.30572,1.31752,1.30502,1.31408
2018-08-16,1.31408,1.31752,1.3114,1.31562
2018-08-17,1.31562,1.317,1.30525,1.30614
2018-08-20,1.30614,1.30927,1.30398,1.30432
2018-08-21,1.30432,1.30574,1.30138,1.30394
2018-08-22,1.30394,1.3047,1.29866,1.29966
2018-08-23,1.29966,1.30989,1.29922,1.3081
2018-08-24,1.3081,1.31038,1.3011,1.30252
2018-08-27,1.30252,1.30672,1.29528,1.29665
2018-08-28,1.29665,1.29828,1.28876,1.29296
2018-08-29,1.29296,1.2963,1.29032,1.29087
2018-08-30,1.29087,1.30006,1.29031,1.29807
2018-08-31,1.29807,1.30886,1.29704,1.30437
2018-09-03,1.30437,1.31033,1.30437,1.30933
2018-09-04,1.30933,1.32084,1.309,1.31886
2018-09-05,1.31886,1.32062,1.31588,1.31786
2018-09-06,1.31786,1.32269,1.3128,1.31426
2018-09-07,1.31426,1.31905,1.31092,1.31606
2018-09-10,1.31606,1.31978,1.31517,1.31628
2018-09-11,1.31628,1.3175,1.30422,1.30668
2018-09-12,1.30668,1.30788,1.29807,1.3
2018-09-13,1.3,1.30256,1.29759,1.29988
2018-09-14,1.29988,1.30544,1.29832,1.30348
2018-09-17,1.30348,1.30484,1.30032,1.30414
2018-09-18,1.30414,1.30649,1.29717,1.29757
2018-09-19,1.29757,1.30161,1.28998,1.29195
2018-09-20,1.29195,1.29353,1.28841,1.29053
2018-09-21,1.29053,1.29434,1.28856,1.2916
2018-09-24,1.2916,1.29558,1.29096,1.29547
2018-09-25,1.29547,1.29731,1.29363,1.29526
2018-09-26,1.29526,1.30252,1.29446,1.302
2018-09-27,1.302,1.30822,1.30145,1.30421
2018-09-28,1.30421,1.30501,1.29073,1.29092
2018-10-01,1.29092,1.29092,1.27828,1.28154
2018-10-02,1.28154,1.28408,1.27994,1.2824
2018-10-03,1.2824,1.28834,1.2807,1.28673
2018-10-04,1.28673,1.29379,1.28576,1.2924
2018-10-05,1.2924,1.29552,1.28875,1.29405
2018-10-08,1.29405,1.30104,1.29378,1.29605
2018-10-09,1.29605,1.3004,1.29352,1.29487
2018-10-10,1.29487,1.30698,1.29266,1.3068
2018-10-11,1.3068,1.30721,1.3015,1.30335
2018-10-12,1.30335,1.30524,1.30025,1.30207
2018-10-15,1.30207,1.30511,1.29557,1.29906
2018-10-16,1.29906,1.29994,1.29162,1.29343
2018-10-17,1.29343,1.30258,1.29327,1.30244
2018-10-18,1.30244,1.30886,1.30185,1.30854
2018-10-19,1.30854,1.31327,1.30276,1.31017
2018-10-22,1.31017,1.31262,1.30798,1.31011
2018-10-23,1.31011,1.31223,1.30758,1.30855
2018-10-24,1.30855,1.31006,1.2969,1.30578
2018-10-25,1.30578,1.30986,1.30149,1.30718
2018-10-26,1.30718,1.31604,1.30694,1.31069
2018-10-29,1.31069,1.31494,1.30829,1.31343
2018-10-30,1.31343,1.31476,1.31004,1.31104
2018-10-31,1.31104,1.31706,1.31072,1.31568
2018-11-01,1.31568,1.31687,1.30687,1.30865
2018-11-02,1.30865,1.3119,1.30488,1.3109
2018-11-05,1.3109,1.31164,1.30708,1.31098
2018-11-06,1.31098,1.31448,1.31017,1.3124
2018-11-07,1.3124,1.31592,1.30558,1.31138
2018-11-08,1.31138,1.31834,1.30874,1.31544
2018-11-09,1.31544,1.32332,1.31404,1.32099
2018-11-12,1.32099,1.325,1.31826,1.32495
2018-11-13,1.32495,1.3264,1.32157,1.3238
2018-11-14,1.3238,1.32639,1.32074,1.3242
2018-11-15,1.3242,1.32496,1.31566,1.31773
2018-11-16,1.31773,1.31864,1.31271,1.31485
2018-11-19,1.31485,1.32022,1.31416,1.31701
2018-11-20,1.31701,1.3318,1.31556,1.33062
2018-11-21,1.33062,1.3318,1.32282,1.32316
2018-11-22,1.32316,1.32454,1.31818,1.31922
2018-11-23,1.31922,1.32587,1.31844,1.32374
2018-11-26,1.32374,1.32618,1.31874,1.32522
2018-11-27,1.32522,1.3328,1.3236,1.32958
2018-11-28,1.32958,1.33595,1.32423,1.3275
2018-11-29,1.3275,1.33125,1.3254,1.32836
2018-11-30,1.32836,1.33331,1.32731,1.32909
2018-12-03,1.32909,1.32909,1.31606,1.3197
2018-12-04,1.3197,1.32662,1.31638,1.32644
2018-12-05,1.32644,1.33998,1.32529,1.33558
2018-12-06,1.33558,1.34452,1.33538,1.33808
2018-12-07,1.33808,1.34004,1.32538,1.33224
2018-12-10,1.33224,1.34164,1.32926,1.33982
2018-12-11,1.33982,1.34246,1.33787,1.3391
2018-12-12,1.3391,1.33992,1.33227,1.3351
2018-12-13,1.3351,1.33846,1.33382,1.33558
2018-12-14,1.33558,1.34013,1.33478,1.33849
2018-12-17,1.33849,1.34208,1.3373,1.34074
2018-12-18,1.34074,1.34972,1.33907,1.3468
2018-12-19,1.3468,1.35072,1.34152,1.34798
2018-12-20,1.34798,1.35302,1.34463,1.35076
2018-12-21,1.35076,1.36021,1.3493,1.36015
2018-12-24,1.36015,1.36164,1.35652,1.36022
2018-12-26,1.36022,1.36191,1.35678,1.35736
2018-12-27,1.35736,1.36606,1.35662,1.36182
2018-12-28,1.36182,1.3662,1.3595,1.36388
2018-12-31,1.36388,1.36646,1.3609,1.36394
2019-01-02,1.36394,1.36626,1.35699,1.35844
2019-01-03,1.35844,1.36554,1.34696,1.3487
2019-01-04,1.3487,1.3497,1.33725,1.3375
2019-01-07,1.3375,1.33896,1.32786,1.32982
2019-01-08,1.32982,1.33231,1.3268,1.32744
2019-01-09,1.32744,1.32788,1.31803,1.32114
2019-01-10,1.32114,1.32596,1.32024,1.32346
2019-01-11,1.32346,1.32794,1.31832,1.32672
2019-01-14,1.32672,1.32974,1.32526,1.32836
2019-01-15,1.32836,1.32941,1.3226,1.32668
2019-01-16,1.32668,1.32842,1.32355,1.32554
2019-01-17,1.32554,1.33193,1.3249,1.32804
2019-01-18,1.32804,1.32844,1.32311,1.3264
2019-01-21,1.3264,1.33182,1.32518,1.32964
2019-01-22,1.32964,1.33574,1.3293,1.33558
2019-01-23,1.33558,1.33712,1.33049,1.33432
2019-01-24,1.33432,1.33757,1.33294,1.3356
2019-01-25,1.3356,1.33614,1.3216,1.32202
2019-01-28,1.32202,1.32861,1.32036,1.32602
2019-01-29,1.32602,1.32847,1.32414,1.32698
2019-01-30,1.32698,1.32821,1.31188,1.31506
2019-01-31,1.31506,1.31652,1.31206,1.31256
2019-02-01,1.31256,1.31574,1.30688,1.31007
2019-02-04,1.31007,1.31476,1.30858,1.31108
2019-02-05,1.31108,1.31534,1.31024,1.3126
2019-02-06,1.3126,1.32154,1.31248,1.32128
2019-02-07,1.32128,1.33173,1.32066,1.33084
2019-02-08,1.33084,1.33292,1.32325,1.32768
2019-02-11,1.32768,1.3319,1.32618,1.3301
2019-02-12,1.3301,1.33146,1.32334,1.32358
2019-02-13,1.32358,1.32593,1.31964,1.32554
2019-02-14,1.32554,1.33402,1.32291,1.32958
2019-02-15,1.32958,1.33133,1.32452,1.32459
2019-02-18,1.32459,1.32556,1.32255,1.32402
2019-02-19,1.32402,1.32815,1.32056,1.32122
2019-02-20,1.32122,1.32166,1.31504,1.31766
2019-02-21,1.31766,1.32346,1.3163,1.32334
2019-02-22,1.32334,1.32423,1.31338,1.31374
2019-02-25,1.31374,1.31973,1.3113,1.31874
2019-02-26,1.31874,1.32358,1.31554,1.31692
2019-02-27,1.31692,1.31765,1.31184,1.3156
2019-02-28,1.3156,1.32076,1.31402,1.31752
2019-03-01,1.31752,1.33066,1.31302,1.32972
2019-03-04,1.32972,1.33378,1.32753,1.33034
2019-03-05,1.33034,1.33604,1.33034,1.33518
2019-03-06,1.33518,1.34575,1.33496,1.34412
2019-03-07,1.34412,1.34676,1.34138,1.3456
2019-03-08,1.3456,1.34666,1.33904,1.34168
2019-03-11,1.34168,1.34398,1.33926,1.33938
2019-03-12,1.33938,1.34172,1.33526,1.33538
2019-03-13,1.33538,1.33712,1.32909,1.32998
2019-03-14,1.32998,1.33473,1.32873,1.33342
2019-03-15,1.33342,1.33714,1.32896,1.33368
2019-03-18,1.33368,1.33656,1.33018,1.33354
2019-03-19,1.33354,1.33446,1.32506,1.33248
2019-03-20,1.33248,1.33476,1.32576,1.3305
2019-03-21,1.3305,1.34,1.32756,1.3366
2019-03-22,1.3366,1.34298,1.33522,1.34292
2019-03-25,1.34292,1.34444,1.33996,1.34026
2019-03-26,1.34026,1.34162,1.33722,1.33808
2019-03-27,1.33808,1.344,1.33772,1.34124
2019-03-28,1.34124,1.3451,1.33964,1.3441
2019-03-29,1.3441,1.34425,1.33417,1.33502
2019-04-01,1.33502,1.33704,1.32982,1.33078
2019-04-02,1.33078,1.3374,1.33046,1.33368
2019-04-03,1.33368,1.33534,1.32964,1.33454
2019-04-04,1.33454,1.3373,1.33376,1.33596
2019-04-05,1.33596,1.3403,1.33492,1.33842
2019-04-08,1.33842,1.33872,1.33049,1.33142
2019-04-09,1.33142,1.3332,1.32841,1.333
2019-04-10,1.333,1.336,1.33065,1.33184
2019-04-11,1.33184,1.3396,1.3313,1.33846
2019-04-12,1.33846,1.33866,1.33134,1.33257
2019-04-15,1.33257,1.33906,1.32974,1.33678
2019-04-16,1.33678,1.34028,1.33464,1.33498
2019-04-17,1.33498,1.33727,1.32747,1.33412
2019-04-18,1.33412,1.33998,1.33362,1.33804
2019-04-19,1.33804,1.33938,1.3366,1.33916
2019-04-22,1.33916,1.33918,1.33356,1.3348
2019-04-23,1.3348,1.3443,1.33438,1.34228
2019-04-24,1.34228,1.35216,1.34222,1.34968
2019-04-25,1.34968,1.35167,1.3483,1.34854
2019-04-26,1.34854,1.34982,1.3452,1.3456
2019-04-29,1.3456,1.34797,1.34404,1.34576
2019-04-30,1.34576,1.34804,1.33814,1.33904
2019-05-01,1.33904,1.34615,1.33774,1.34378
2019-05-02,1.34378,1.34766,1.34312,1.34744
2019-05-03,1.34744,1.34917,1.34065,1.34218
2019-05-06,1.34218,1.34939,1.34218,1.34472
2019-05-07,1.34472,1.34888,1.34104,1.34732
2019-05-08,1.34732,1.34868,1.34449,1.34782
2019-05-09,1.34782,1.35054,1.34593,1.34764
2019-05-10,1.34764,1.34834,1.33804,1.34162
2019-05-13,1.34162,1.34848,1.34162,1.34832
2019-05-14,1.34832,1.34878,1.3456,1.34636
2019-05-15,1.34636,1.34936,1.34274,1.34374
2019-05-16,1.34374,1.34697,1.34008,1.3461
2019-05-17,1.3461,1.35136,1.3435,1.34632
2019-05-20,1.34632,1.34632,1.34163,1.34296
2019-05-21,1.34296,1.34342,1.3396,1.34054
2019-05-22,1.34054,1.34382,1.33576,1.34346
2019-05-23,1.34346,1.35026,1.34322,1.34732
2019-05-24,1.34732,1.34826,1.34306,1.34386
2019-05-27,1.34386,1.34528,1.34296,1.34444
2019-05-28,1.34444,1.3499,1.34336,1.34944
2019-05-29,1.34944,1.35466,1.34818,1.35196
2019-05-30,1.35196,1.35208,1.34857,1.35004
2019-05-31,1.35004,1.3565,1.34936,1.35167
2019-06-03,1.35167,1.3527,1.3435,1.34398
2019-06-04,1.34398,1.34514,1.33816,1.3394
2019-06-05,1.3394,1.34285,1.3363,1.34174
2019-06-06,1.34174,1.34304,1.33604,1.33636
2019-06-07,1.33636,1.33674,1.32624,1.32683
2019-06-10,1.32431,1.3281,1.3243,1.32688
2019-06-11,1.32688,1.33092,1.32506,1.3284
2019-06-12,1.3284,1.33448,1.32735,1.33436
2019-06-13,1.33436,1.33436,1.33005,1.33264
2019-06-14,1.33264,1.34228,1.3324,1.34133
2019-06-17,1.34133,1.34199,1.33933,1.3414
2019-06-18,1.3414,1.34323,1.33752,1.3377
2019-06-19,1.3377,1.33834,1.32796,1.32808
2019-06-20,1.32808,1.32858,1.31512,1.31928
2019-06-21,1.31928,1.32295,1.31626,1.32221
2019-06-24,1.32221,1.32221,1.3178,1.3181
2019-06-25,1.3181,1.32084,1.31527,1.31676
2019-06-26,1.31676,1.3196,1.31072,1.31272
2019-06-27,1.31272,1.3138,1.30916,1.30954
2019-06-28,1.30954,1.31024,1.30599,1.30934
2019-07-01,1.30934,1.31452,1.3076,1.31342
2019-07-02,1.31342,1.31386,1.30968,1.31054
2019-07-03,1.31054,1.31194,1.30584,1.30592
2019-07-04,1.30592,1.30796,1.30378,1.30526
2019-07-05,1.30526,1.31366,1.30454,1.308
2019-07-08,1.308,1.31032,1.30494,1.30968
2019-07-09,1.30968,1.31415,1.30904,1.31292
2019-07-10,1.31292,1.31442,1.30624,1.30812
2019-07-11,1.30812,1.30914,1.30421,1.30692
2019-07-12,1.30692,1.30756,1.30182,1.30286
2019-07-15,1.30286,1.30536,1.30214,1.30488
2019-07-16,1.30488,1.30918,1.30229,1.30878
2019-07-17,1.30878,1.30937,1.30354,1.30542
2019-07-18,1.30542,1.30957,1.30258,1.3027
2019-07-19,1.3027,1.31099,1.30161,1.30599
2019-07-22,1.30611,1.31202,1.30408,1.31198
2019-07-23,1.31198,1.31643,1.31166,1.31336
2019-07-24,1.31336,1.31509,1.31191,1.31406
2019-07-25,1.31406,1.31676,1.31155,1.31648
2019-07-26,1.31648,1.3199,1.31572,1.3167
2019-07-29,1.3167,1.31827,1.31492,1.31632
2019-07-30,1.31632,1.31922,1.31442,1.3153
2019-07-31,1.3153,1.32148,1.31056,1.31898
2019-08-01,1.31898,1.32476,1.31828,1.32118
2019-08-02,1.32118,1.3266,1.31998,1.32059
2019-08-05,1.32059,1.32474,1.31776,1.32152
2019-08-06,1.32152,1.32913,1.31876,1.32786
2019-08-07,1.32786,1.3345,1.3268,1.33034
2019-08-08,1.33034,1.33142,1.32218,1.32278
2019-08-09,1.32278,1.32749,1.31964,1.32206
2019-08-12,1.32039,1.32503,1.32032,1.32408
2019-08-13,1.32408,1.32933,1.3185,1.32234
2019-08-14,1.32234,1.33258,1.32108,1.33194
2019-08-15,1.33194,1.3339,1.32856,1.33136
2019-08-16,1.33136,1.33249,1.32617,1.32673
2019-08-19,1.32736,1.33373,1.32514,1.33232
2019-08-20,1.33232,1.33458,1.33089,1.33192
2019-08-21,1.33192,1.33268,1.32546,1.32916
2019-08-22,1.32916,1.33154,1.32754,1.33028
2019-08-23,1.33028,1.3339,1.3277,1.32842
2019-08-26,1.32842,1.33195,1.3247,1.32546
2019-08-27,1.32546,1.3301,1.32252,1.32838
2019-08-28,1.32838,1.33184,1.32804,1.3307
2019-08-29,1.3307,1.33194,1.3273,1.32898
2019-08-30,1.32898,1.33333,1.3248,1.3312
2019-09-02,1.33194,1.33609,1.33124,1.33248
2019-09-03,1.33248,1.33826,1.33228,1.33376
2019-09-04,1.33376,1.33444,1.32189,1.32236
2019-09-05,1.32236,1.32464,1.31916,1.32278
2019-09-06,1.32278,1.32446,1.31582,1.3171
2019-09-09,1.31738,1.31796,1.31395,1.31686
2019-09-10,1.31686,1.31916,1.3134,1.3151
2019-09-11,1.3151,1.32148,1.31398,1.31936
2019-09-12,1.31936,1.32209,1.31768,1.321
2019-09-13,1.321,1.32874,1.32066,1.32861
2019-09-16,1.32216,1.32714,1.32101,1.32408
2019-09-17,1.32408,1.32996,1.32334,1.3244
2019-09-18,1.3244,1.33104,1.32399,1.32898
2019-09-19,1.32898,1.33073,1.3242,1.32648
2019-09-20,1.32648,1.33008,1.32545,1.32637
2019-09-23,1.32609,1.33049,1.32546,1.3262
2019-09-24,1.3262,1.32747,1.32322,1.3242
2019-09-25,1.3242,1.32885,1.3238,1.3269
2019-09-26,1.3269,1.32764,1.32318,1.3266
2019-09-27,1.3266,1.32784,1.32141,1.32441
2019-09-30,1.32414,1.32598,1.32243,1.32398
2019-10-01,1.32398,1.32905,1.32099,1.32242
2019-10-02,1.32242,1.33276,1.32061,1.3326
2019-10-03,1.3326,1.3348,1.33096,1.3337
2019-10-04,1.3337,1.334,1.32994,1.33122
2019-10-07,1.33266,1.33308,1.32903,1.33092
2019-10-08,1.33092,1.33366,1.3288,1.33258
2019-10-09,1.33258,1.33388,1.32953,1.33354
2019-10-10,1.33354,1.33458,1.32689,1.32912
2019-10-11,1.32912,1.33002,1.31712,1.32024
2019-10-14,1.3203,1.32394,1.31919,1.32344
2019-10-15,1.32344,1.32397,1.31958,1.3199
2019-10-16,1.3199,1.32355,1.31846,1.32004
2019-10-17,1.32004,1.32119,1.31312,1.3137
2019-10-18,1.3137,1.31458,1.31197,1.31277
2019-10-21,1.31364,1.31385,1.30824,1.30886
2019-10-22,1.30886,1.31228,1.30712,1.30932
2019-10-23,1.30932,1.31095,1.30686,1.3071
2019-10-24,1.3071,1.30932,1.30532,1.30708
2019-10-25,1.30708,1.30768,1.30562,1.30591
2019-10-28,1.30591,1.30785,1.30496,1.30556
2019-10-29,1.30556,1.31005,1.30422,1.3087
2019-10-30,1.3087,1.32085,1.3075,1.316
2019-10-31,1.316,1.31783,1.31355,1.31634
2019-11-01,1.31634,1.3196,1.31397,1.31419
2019-11-04,1.31419,1.31606,1.31305,1.31512
2019-11-05,1.31512,1.31784,1.31155,1.31558
2019-11-06,1.31558,1.31928,1.31442,1.31818
2019-11-07,1.31818,1.31974,1.31601,1.31738
2019-11-08,1.31738,1.32369,1.31724,1.32274
2019-11-11,1.32274,1.3235,1.32126,1.32324
2019-11-12,1.32324,1.32576,1.32166,1.32342
2019-11-13,1.32342,1.3268,1.32318,1.32516
2019-11-14,1.32516,1.32706,1.32442,1.32484
2019-11-15,1.32484,1.3252,1.32166,1.32222
2019-11-18,1.32222,1.32354,1.32003,1.3205
2019-11-19,1.3205,1.32726,1.31906,1.32672
2019-11-20,1.32672,1.33278,1.32624,1.33036
2019-11-21,1.33036,1.3325,1.32699,1.32846
2019-11-22,1.32846,1.33019,1.32546,1.33012
2019-11-25,1.33012,1.33188,1.32852,1.32994
2019-11-26,1.32994,1.33162,1.32695,1.32714
2019-11-27,1.32714,1.32898,1.32603,1.32818
2019-11-28,1.32818,1.32996,1.32772,1.3281
2019-11-29,1.3281,1.33138,1.32725,1.32782
2019-12-02,1.32782,1.3309,1.32738,1.3309
2019-12-03,1.3309,1.33208,1.32834,1.32944
2019-12-04,1.32944,1.3298,1.31924,1.32012
2019-12-05,1.32012,1.32034,1.31588,1.31752
2019-12-06,1.31752,1.327,1.31716,1.32536
2019-12-09,1.32536,1.32652,1.32228,1.32382
2019-12-10,1.32382,1.32498,1.32248,1.32304
2019-12-11,1.32304,1.32398,1.31624,1.31724
2019-12-12,1.31724,1.31942,1.31626,1.31827
2019-12-13,1.31827,1.3205,1.31511,1.31662
2019-12-16,1.31662,1.31862,1.31152,1.31592
2019-12-17,1.31592,1.31851,1.31457,1.31604
2019-12-18,1.31604,1.3176,1.31028,1.31148
2019-12-19,1.31148,1.31382,1.3108,1.31246
2019-12-20,1.31246,1.31814,1.31228,1.31511
2019-12-23,1.31511,1.31768,1.31405,1.31484
2019-12-24,1.31484,1.31686,1.31408,1.31658
2019-12-26,1.31658,1.31658,1.31038,1.31132
2019-12-27,1.31132,1.31208,1.30645,1.30821
2019-12-30,1.30821,1.30848,1.30507,1.30694
2019-12-31,1.30694,1.30696,1.29517,1.29904
2020-01-02,1.29904,1.30083,1.2969,1.29858
2020-01-03,1.29858,1.30082,1.29614,1.30024
2020-01-06,1.30024,1.30024,1.29602,1.2965
2020-01-07,1.2965,1.30296,1.29573,1.30042
2020-01-08,1.30042,1.30438,1.29764,1.30384
2020-01-09,1.30384,1.31048,1.30262,1.30554
2020-01-10,1.30554,1.30757,1.30293,1.30518
2020-01-13,1.30518,1.30678,1.30316,1.30562
2020-01-14,1.30562,1.30794,1.30471,1.30622
2020-01-15,1.30622,1.30782,1.30352,1.30422
2020-01-16,1.30422,1.30564,1.30326,1.30416
2020-01-17,1.30416,1.30752,1.30339,1.30666
2020-01-20,1.30666,1.30724,1.30442,1.30474
2020-01-21,1.30474,1.308,1.30446,1.3071
2020-01-22,1.3071,1.31526,1.30364,1.3135
2020-01-23,1.3135,1.31716,1.31242,1.31274
2020-01-24,1.31274,1.3153,1.31183,1.31458
2020-01-27,1.31458,1.31998,1.31458,1.31942
2020-01-28,1.31942,1.32058,1.31548,1.3156
2020-01-29,1.3156,1.32096,1.3156,1.31982
2020-01-30,1.31982,1.32268,1.31906,1.3209
2020-01-31,1.3209,1.32534,1.31954,1.32366
2020-02-03,1.32366,1.330385,1.32319,1.32864
2020-02-04,1.32864,1.3302,1.3264,1.32772
2020-02-05,1.32772,1.3303,1.3263,1.32812
2020-02-06,1.32812,1.33093,1.32704,1.3284
2020-02-07,1.3284,1.33208,1.32784,1.3306
2020-02-10,1.3306,1.33293,1.32885,1.33176
2020-02-11,1.33176,1.33202,1.32766,1.32866
2020-02-12,1.32866,1.3296,1.3236,1.325
2020-02-13,1.325,1.32713,1.32404,1.32678
2020-02-14,1.32678,1.32692,1.32359,1.32518
2020-02-17,1.32518,1.32541,1.32254,1.3235
2020-02-18,1.3235,1.32786,1.32322,1.32588
2020-02-19,1.32588,1.32628,1.32154,1.32202
2020-02-20,1.32202,1.32688,1.3212,1.32596
2020-02-21,1.32596,1.32687,1.32024,1.3225
2020-02-24,1.3225,1.33078,1.3225,1.32932
2020-02-25,1.32932,1.33056,1.32676,1.32796
2020-02-26,1.32796,1.333525,1.32716,1.33336
2020-02-27,1.33336,1.339465,1.33169,1.33934
2020-02-28,1.33934,1.34646,1.3378,1.33968
2020-03-02,1.33968,1.3441,1.331515,1.33234
2020-03-03,1.33234,1.3391,1.33192,1.33864
2020-03-04,1.33864,1.34316,1.33304,1.33858
2020-03-05,1.33858,1.34386,1.3383,1.34112
2020-03-06,1.34112,1.34396,1.33796,1.34236
2020-03-09,1.34236,1.37609,1.34236,1.37028
2020-03-10,1.37028,1.37964,1.36095,1.37266
2020-03-11,1.37266,1.37952,1.36818,1.37788
2020-03-12,1.37788,1.39615,1.37082,1.3925
2020-03-13,1.3925,1.39955,1.37824,1.38051
2020-03-16,1.38051,1.40188,1.37323,1.40156
2020-03-17,1.40156,1.4277,1.39612,1.42016
2020-03-18,1.42016,1.46526,1.41671,1.4508
2020-03-19,1.4508,1.46685,1.44207,1.45138
2020-03-20,1.45138,1.4537,1.41494,1.43481
2020-03-23,1.43481,1.45602,1.43366,1.44928
2020-03-24,1.44928,1.4532,1.4375,1.44632
2020-03-25,1.44632,1.44834,1.41784,1.41914
2020-03-26,1.41914,1.42761,1.40104,1.40196
2020-03-27,1.40196,1.41552,1.39218,1.39882
2020-03-30,1.39882,1.4184,1.39882,1.41638
2020-03-31,1.41638,1.43494,1.4012,1.4061
2020-04-01,1.4061,1.42722,1.40608,1.41908
2020-04-02,1.41908,1.4299,1.40794,1.41394
2020-04-03,1.41394,1.42246,1.40946,1.42042
2020-04-06,1.42042,1.42619,1.40822,1.41114
2020-04-07,1.41114,1.41432,1.3945,1.39936
2020-04-08,1.39936,1.40822,1.39886,1.4013
2020-04-09,1.4013,1.40776,1.39315,1.39758
2020-04-10,1.39758,1.40087,1.39464,1.39565
2020-04-13,1.39565,1.40021,1.3856,1.3904
2020-04-14,1.3904,1.39251,1.38628,1.38824
2020-04-15,1.38824,1.41324,1.38767,1.4114
2020-04-16,1.4114,1.41824,1.40632,1.40858
2020-04-17,1.40858,1.41182,1.39997,1.40029
2020-04-20,1.40029,1.41514,1.40029,1.41496
2020-04-21,1.41496,1.42652,1.4114,1.4209
2020-04-22,1.4209,1.4238,1.41152,1.41602
2020-04-23,1.41602,1.41985,1.40006,1.40736
2020-04-24,1.40736,1.41204,1.4024,1.40996
2020-04-27,1.40996,1.41174,1.40294,1.40352
2020-04-28,1.40352,1.40731,1.39362,1.39988
2020-04-29,1.39988,1.40032,1.38766,1.38782
2020-04-30,1.38782,1.39591,1.38502,1.3946
2020-05-01,1.3946,1.41094,1.39326,1.40896
2020-05-04,1.40896,1.41527,1.40514,1.40876
2020-05-05,1.40876,1.4095,1.40084,1.4046
2020-05-06,1.4046,1.41572,1.40231,1.41454
2020-05-07,1.41454,1.41734,1.39534,1.3974
2020-05-08,1.3974,1.39912,1.39088,1.39269
2020-05-11,1.39269,1.40426,1.39002,1.40098
2020-05-12,1.40098,1.40798,1.39728,1.40782
2020-05-13,1.40782,1.4115,1.40066,1.41016
2020-05-14,1.41016,1.41409,1.40324,1.40484
2020-05-15,1.40484,1.41172,1.40184,1.41092
2020-05-18,1.41092,1.41171,1.3938,1.39392
2020-05-19,1.39392,1.39695,1.38667,1.3943
2020-05-20,1.3943,1.39608,1.38682,1.3899
2020-05-21,1.3899,1.39704,1.38913,1.39536
2020-05-22,1.39536,1.40488,1.39414,1.39999
2020-05-25,1.39999,1.4008,1.39686,1.39836
2020-05-26,1.39836,1.3986,1.37572,1.37758
2020-05-27,1.37758,1.38228,1.3728,1.37512
2020-05-28,1.37512,1.37902,1.37344,1.3765
2020-05-29,1.3765,1.38326,1.37146,1.37708
2020-06-01,1.37708,1.38012,1.35586,1.35738
2020-06-02,1.35738,1.35854,1.34844,1.35202
2020-06-03,1.35202,1.35728,1.34803,1.34954
2020-06-04,1.34954,1.3541,1.34678,1.34994
2020-06-05,1.34994,1.3513,1.33916,1.3421
2020-06-08,1.3421,1.34369,1.3357,1.33824
2020-06-09,1.33824,1.3488,1.33598,1.34158
2020-06-10,1.34158,1.34378,1.33157,1.34112
2020-06-11,1.34112,1.36324,1.33984,1.36296
2020-06-12,1.36296,1.36665,1.35272,1.35874
2020-06-15,1.35874,1.36863,1.35466,1.35732
2020-06-16,1.35732,1.36234,1.35048,1.35404
2020-06-17,1.35404,1.35947,1.35125,1.3564
2020-06-18,1.3564,1.36165,1.35216,1.35996
2020-06-19,1.35996,1.36182,1.35474,1.3607
2020-06-22,1.3607,1.36305,1.35186,1.35228
2020-06-23,1.35228,1.35711,1.34861,1.35498
2020-06-24,1.35498,1.36409,1.35282,1.36372
2020-06-25,1.36372,1.36702,1.36076,1.36386
2020-06-26,1.36386,1.37158,1.36284,1.36888
2020-06-29,1.36888,1.37054,1.36476,1.36608
2020-06-30,1.36608,1.36998,1.357,1.35762
2020-07-01,1.35762,1.3602,1.35457,1.35874
2020-07-02,1.35874,1.36242,1.35608,1.35634
2020-07-03,1.35634,1.3582,1.3545,1.35497
2020-07-06,1.35497,1.35648,1.35195,1.3541
2020-07-07,1.3541,1.36102,1.35247,1.36042
2020-07-08,1.36042,1.3624,1.34928,1.35128
2020-07-09,1.35128,1.35949,1.3491,1.3585
2020-07-10,1.3585,1.36316,1.35756,1.35927
2020-07-13,1.35927,1.36122,1.35366,1.36082
2020-07-14,1.36082,1.36464,1.35972,1.36158
2020-07-15,1.36158,1.36196,1.3505,1.35084
2020-07-16,1.35084,1.35816,1.35017,1.35748
2020-07-17,1.35748,1.3589,1.35654,1.35789
2020-07-20,1.35789,1.36006,1.35261,1.35336
2020-07-21,1.35336,1.35366,1.3425,1.34594
2020-07-22,1.34594,1.34832,1.33996,1.34176
2020-07-23,1.34176,1.34276,1.33514,1.34076
2020-07-24,1.34076,1.34456,1.33772,1.34168
2020-07-27,1.34168,1.34312,1.33542,1.3355
2020-07-28,1.3355,1.34074,1.33312,1.33802
2020-07-29,1.33802,1.33869,1.33329,1.33346
2020-07-30,1.33346,1.34598,1.33338,1.34222
2020-07-31,1.34222,1.34362,1.33723,1.34112
2020-08-03,1.34112,1.34514,1.33803,1.33926
2020-08-04,1.33926,1.34206,1.33184,1.33188
2020-08-05,1.33188,1.33304,1.32337,1.32662
2020-08-06,1.32662,1.3323,1.32441,1.33074
2020-08-07,1.33074,1.33986,1.32956,1.33836
2020-08-10,1.33836,1.3395,1.33336,1.33502
2020-08-11,1.33502,1.33612,1.3271,1.32992
2020-08-12,1.32992,1.33473,1.32295,1.32476
2020-08-13,1.32476,1.32598,1.31922,1.32248
2020-08-14,1.32248,1.32718,1.32064,1.32674
2020-08-17,1.32674,1.32674,1.31921,1.32146
2020-08-18,1.32146,1.32318,1.31518,1.3168
2020-08-19,1.3168,1.32272,1.31334,1.32188
2020-08-20,1.32188,1.3245,1.31685,1.31874
2020-08-21,1.31874,1.32344,1.31592,1.31772
2020-08-24,1.31772,1.32382,1.31348,1.32174
2020-08-25,1.32174,1.32394,1.3168,1.31724
2020-08-26,1.31724,1.32059,1.31322,1.31448
2020-08-27,1.31448,1.31666,1.3102,1.31276
2020-08-28,1.31276,1.3133,1.30474,1.30982
2020-08-31,1.30982,1.31046,1.30206,1.30478
2020-09-01,1.30478,1.3087,1.29942,1.30666
2020-09-02,1.30666,1.30956,1.30374,1.30468
2020-09-03,1.30468,1.3162,1.3038,1.31264
2020-09-04,1.31264,1.31406,1.30448,1.3063
2020-09-07,1.3063,1.31162,1.30491,1.30992
2020-09-08,1.30992,1.32388,1.30868,1.32372
2020-09-09,1.32372,1.32598,1.31454,1.31454
2020-09-10,1.31454,1.32025,1.3119,1.3193
2020-09-11,1.3193,1.32078,1.31512,1.31776
2020-09-14,1.31776,1.3197,1.31534,1.31754
2020-09-15,1.31754,1.32023,1.3135,1.31864
2020-09-16,1.31864,1.32004,1.3128,1.31786
2020-09-17,1.31786,1.32471,1.31502,1.31658
2020-09-18,1.31658,1.3209,1.31373,1.32054
2020-09-21,1.32054,1.33204,1.31714,1.33056
2020-09-22,1.33056,1.33459,1.32837,1.33034
2020-09-23,1.33034,1.33858,1.32941,1.33858
2020-09-24,1.33858,1.34182,1.33252,1.33624
2020-09-25,1.33624,1.34182,1.3332,1.33868
2020-09-28,1.33868,1.34038,1.33548,1.33712
2020-09-29,1.33712,1.34188,1.33521,1.339
2020-09-30,1.339,1.34204,1.3302,1.33226
2020-10-01,1.33226,1.33236,1.32672,1.32894
2020-10-02,1.32894,1.33314,1.32788,1.33073
2020-10-05,1.33073,1.33073,1.32554,1.32562
2020-10-06,1.32562,1.33172,1.32422,1.3315
2020-10-07,1.3315,1.33407,1.32552,1.32558
2020-10-08,1.32558,1.32658,1.31948,1.31966
2020-10-09,1.31966,1.3199,1.31098,1.31214
2020-10-12,1.31214,1.31434,1.31014,1.31142
2020-10-13,1.31142,1.31473,1.30995,1.31384
2020-10-14,1.31384,1.31631,1.31162,1.31514
2020-10-15,1.31514,1.32594,1.31428,1.32258
2020-10-16,1.32258,1.32377,1.31775,1.31898
2020-10-19,1.31898,1.31951,1.31507,1.31906
2020-10-20,1.31906,1.3204,1.31046,1.31292
2020-10-21,1.31292,1.31524,1.30812,1.31456
2020-10-22,1.31456,1.31773,1.31239,1.31372
2020-10-23,1.31372,1.31605,1.31094,1.31241
2020-10-26,1.31241,1.32254,1.31241,1.3213
2020-10-27,1.3213,1.3213,1.31424,1.31844
2020-10-28,1.31844,1.3334,1.31797,1.33224
2020-10-29,1.33224,1.339,1.32782,1.33256
2020-10-30,1.33256,1.33487,1.32798,1.33216
2020-11-02,1.33216,1.33706,1.32148,1.3217
2020-11-03,1.3217,1.32342,1.3104,1.31286
2020-11-04,1.31286,1.32996,1.30959,1.31342
2020-11-05,1.31342,1.31781,1.30284,1.30458
2020-11-06,1.30458,1.30969,1.30194,1.30565
2020-11-09,1.30565,1.30565,1.29284,1.30076
2020-11-10,1.30076,1.3051,1.29849,1.3034
2020-11-11,1.3034,1.30776,1.30092,1.30626
2020-11-12,1.30626,1.315,1.30564,1.31434
2020-11-13,1.31434,1.31727,1.31164,1.31349
2020-11-16,1.31349,1.3139,1.30657,1.30732
2020-11-17,1.30732,1.31168,1.30637,1.31056
2020-11-18,1.31056,1.31178,1.30344,1.30848
2020-11-19,1.30848,1.31234,1.30525,1.30732
2020-11-20,1.30732,1.30972,1.30392,1.30938
2020-11-23,1.30938,1.31128,1.30456,1.3086
2020-11-24,1.3086,1.30908,1.29946,1.29976
2020-11-25,1.29976,1.30292,1.29864,1.30064
2020-11-26,1.30064,1.30228,1.29907,1.3018
2020-11-27,1.3018,1.3025,1.2972,1.29905
2020-11-30,1.29905,1.30106,1.29234,1.30082
2020-12-01,1.30082,1.30088,1.29282,1.29342
2020-12-02,1.29342,1.29587,1.29101,1.2918
2020-12-03,1.2918,1.29414,1.28524,1.28622
2020-12-04,1.28622,1.2874,1.27725,1.27842
2020-12-07,1.27842,1.28331,1.27754,1.27982
2020-12-08,1.27982,1.28258,1.27682,1.2819
2020-12-09,1.2819,1.28334,1.27698,1.2819
2020-12-10,1.2819,1.28295,1.2707,1.274
2020-12-11,1.274,1.27927,1.27196,1.2776
2020-12-14,1.2776,1.27898,1.272,1.2764
2020-12-15,1.2764,1.27714,1.26882,1.2699
2020-12-16,1.2699,1.27897,1.26958,1.27396
2020-12-17,1.27396,1.27504,1.26888,1.27216
2020-12-18,1.27216,1.27984,1.27166,1.27853
2020-12-21,1.27853,1.2957,1.27853,1.28582
2020-12-22,1.28582,1.29338,1.2844,1.29086
2020-12-23,1.29086,1.2915,1.28345,1.28454
2020-12-24,1.28454,1.28817,1.28133,1.28656
2020-12-28,1.28656,1.28761,1.28138,1.28468
2020-12-29,1.28468,1.28552,1.27802,1.28196
2020-12-30,1.28196,1.28272,1.27496,1.2751
2020-12-31,1.2751,1.27697,1.27142,1.27342
2021-01-04,1.27342,1.2798,1.26653,1.27756
2021-01-05,1.27756,1.27912,1.26563,1.26704
2021-01-06,1.26704,1.27237,1.26301,1.26788
2021-01-07,1.26788,1.27339,1.26639,1.26888
2021-01-08,1.26888,1.27433,1.26588,1.26882
2021-01-11,1.26882,1.28355,1.26882,1.27844
2021-01-12,1.27844,1.27914,1.27086,1.27132
2021-01-13,1.27132,1.27469,1.26806,1.26962
2021-01-14,1.26962,1.27077,1.2625,1.26434
2021-01-15,1.26434,1.27646,1.26363,1.27313
2021-01-18,1.27313,1.27994,1.27268,1.27584
2021-01-19,1.27584,1.27642,1.27156,1.27342
2021-01-20,1.27342,1.27416,1.26064,1.26352
2021-01-21,1.26352,1.26479,1.2589,1.26384
2021-01-22,1.26384,1.27406,1.2635,1.27331
2021-01-25,1.27331,1.27794,1.26876,1.27438
2021-01-26,1.27438,1.27826,1.26899,1.26956
2021-01-27,1.26956,1.28229,1.26858,1.28048
2021-01-28,1.28048,1.28814,1.27882,1.28306
2021-01-29,1.28306,1.28748,1.27379,1.27762
2021-02-01,1.27762,1.28648,1.27616,1.28502
2021-02-02,1.28502,1.28701,1.27804,1.27816
2021-02-03,1.27816,1.28116,1.27634,1.27854
2021-02-04,1.27854,1.2845,1.27772,1.28264
2021-02-05,1.28264,1.28329,1.27535,1.27541
2021-02-08,1.27541,1.27826,1.27348,1.2739
2021-02-09,1.2739,1.27662,1.26915,1.26928
2021-02-10,1.26928,1.2711,1.26676,1.27006
2021-02-11,1.27006,1.27112,1.26608,1.27046
2021-02-12,1.27046,1.27632,1.26769,1.26945
2021-02-15,1.26945,1.26945,1.26312,1.26394
2021-02-16,1.26394,1.27026,1.26098,1.26908
2021-02-17,1.26908,1.27464,1.26874,1.27002
2021-02-18,1.27002,1.27312,1.26654,1.26772
2021-02-19,1.26772,1.27142,1.25943,1.2617
2021-02-22,1.2617,1.26538,1.25806,1.26172
2021-02-23,1.26172,1.26474,1.25791,1.25892
2021-02-24,1.25892,1.25985,1.25052,1.25126
2021-02-25,1.25126,1.26148,1.2468,1.26046
2021-02-26,1.26046,1.27485,1.25872,1.2738
2021-03-01,1.2738,1.2738,1.26408,1.26462
2021-03-02,1.26462,1.26984,1.26004,1.26386
2021-03-03,1.26386,1.26586,1.25932,1.26562
2021-03-04,1.26562,1.2694,1.25754,1.26672
2021-03-05,1.26672,1.27373,1.26458,1.2657
2021-03-08,1.2657,1.27003,1.26226,1.26664
2021-03-09,1.26664,1.26858,1.25906,1.2641
2021-03-10,1.2641,1.26834,1.26098,1.26188
2021-03-11,1.26188,1.26254,1.25208,1.25342
2021-03-12,1.25342,1.25733,1.24622,1.24773
2021-03-15,1.24773,1.2513,1.2441,1.24728
2021-03-16,1.24728,1.25006,1.2436,1.24466
2021-03-17,1.24466,1.24933,1.24006,1.24052
2021-03-18,1.24052,1.2527,1.23652,1.24862
2021-03-19,1.24862,1.25482,1.2462,1.24985
2021-03-22,1.24985,1.25412,1.24736,1.25228
2021-03-23,1.25228,1.25948,1.2516,1.25886
2021-03-24,1.25886,1.26088,1.25428,1.25832
2021-03-25,1.25832,1.2629,1.25466,1.26138
2021-03-26,1.26138,1.26146,1.25606,1.25758
2021-03-29,1.25758,1.26268,1.25725,1.25904
2021-03-30,1.25904,1.26472,1.25806,1.26322
2021-03-31,1.26322,1.26336,1.25396,1.25622
2021-04-01,1.25622,1.26022,1.25433,1.25464
2021-04-02,1.25464,1.25831,1.25284,1.2573
2021-04-05,1.2573,1.25946,1.25021,1.2523
2021-04-06,1.2523,1.25831,1.25167,1.25674
2021-04-07,1.25674,1.26348,1.2564,1.26094
2021-04-08,1.26094,1.26274,1.25584,1.25614
2021-04-09,1.25614,1.26109,1.25263,1.25311
2021-04-12,1.25311,1.2574,1.25269,1.25624
2021-04-13,1.25624,1.26304,1.25272,1.25338
2021-04-14,1.25338,1.25763,1.25,1.25198
2021-04-15,1.25198,1.25586,1.24768,1.25444
2021-04-16,1.25444,1.25596,1.24946,1.25084
2021-04-19,1.25084,1.2544,1.24714,1.25346
2021-04-20,1.25346,1.26238,1.24786,1.261
2021-04-21,1.261,1.2654,1.246,1.2498
2021-04-22,1.2498,1.25351,1.2473,1.25052
2021-04-23,1.25052,1.25094,1.24611,1.24759
2021-04-26,1.24759,1.24908,1.23844,1.23968
2021-04-27,1.23968,1.24188,1.23886,1.24002
2021-04-28,1.24002,1.24184,1.23106,1.23144
2021-04-29,1.23144,1.23248,1.22756,1.2282
2021-04-30,1.2282,1.23226,1.2266,1.22919
2021-05-03,1.22919,1.23188,1.2267,1.2279
2021-05-04,1.2279,1.23518,1.22754,1.23084
2021-05-05,1.23084,1.23138,1.22518,1.22664
2021-05-06,1.22664,1.22885,1.21422,1.215
2021-05-07,1.215,1.21936,1.21241,1.21318
2021-05-10,1.21318,1.21348,1.20792,1.21012
2021-05-11,1.21012,1.21262,1.20784,1.21018
2021-05-12,1.21018,1.21378,1.20459,1.21342
2021-05-13,1.21342,1.22034,1.21039,1.21634
2021-05-14,1.21634,1.21792,1.20804,1.21084
2021-05-17,1.21084,1.21366,1.2061,1.20684
2021-05-18,1.20684,1.20816,1.2013,1.20664
2021-05-19,1.20664,1.21432,1.2054,1.21326
2021-05-20,1.21326,1.21446,1.20492,1.2059
2021-05-21,1.2059,1.20948,1.20278,1.20677
2021-05-24,1.20677,1.20856,1.2041,1.20448
2021-05-25,1.20448,1.20782,1.20292,1.20672
2021-05-26,1.20672,1.2128,1.20434,1.21244
2021-05-27,1.21244,1.21421,1.20565,1.2067
2021-05-28,1.2067,1.21201,1.20632,1.20713
2021-05-31,1.20713,1.20918,1.20474,1.20622
2021-06-01,1.20622,1.20777,1.2007,1.20716
2021-06-02,1.20716,1.20922,1.2029,1.20354
2021-06-03,1.20354,1.212,1.20302,1.21086
2021-06-04,1.21086,1.21332,1.20706,1.20829
2021-06-07,1.20829,1.21069,1.2057,1.20816
2021-06-08,1.20816,1.21178,1.20712,1.21124
2021-06-09,1.21124,1.21175,1.20582,1.21114
2021-06-10,1.21114,1.2125,1.20702,1.20962
2021-06-11,1.20962,1.21774,1.20802,1.21564
2021-06-14,1.21564,1.21715,1.21283,1.21464
2021-06-15,1.21464,1.22042,1.21296,1.21874
2021-06-16,1.21874,1.22838,1.21569,1.2277
2021-06-17,1.2277,1.23782,1.22626,1.23528
2021-06-18,1.23528,1.2481,1.23392,1.24646
2021-06-21,1.24646,1.24872,1.23535,1.23616
2021-06-22,1.23616,1.24034,1.23018,1.2306
2021-06-23,1.2306,1.23288,1.22526,1.23054
2021-06-24,1.23054,1.23409,1.22825,1.23218
2021-06-25,1.23218,1.23298,1.22723,1.2296
2021-06-28,1.2296,1.23479,1.22879,1.23376
2021-06-29,1.23376,1.24031,1.23316,1.24014
2021-06-30,1.24014,1.24236,1.23558,1.23982
2021-07-01,1.23982,1.24458,1.23646,1.24344
2021-07-02,1.24344,1.245,1.23092,1.23198
2021-07-05,1.23198,1.23718,1.23176,1.23414
2021-07-06,1.23414,1.2495,1.2303,1.24568
2021-07-07,1.24568,1.25196,1.24232,1.24812
2021-07-08,1.24812,1.25904,1.24742,1.25334
2021-07-09,1.25334,1.25572,1.24422,1.24443
2021-07-12,1.24443,1.25144,1.24443,1.2454
2021-07-13,1.2454,1.25397,1.24426,1.2515
2021-07-14,1.2515,1.25263,1.24263,1.25096
2021-07-15,1.25096,1.26138,1.25016,1.25938
2021-07-16,1.25938,1.2621,1.25612,1.26124
2021-07-19,1.26124,1.28076,1.2603,1.27492
2021-07-20,1.27492,1.27869,1.26748,1.268
2021-07-21,1.268,1.27302,1.25258,1.2557
2021-07-22,1.2557,1.25948,1.25292,1.25628
2021-07-23,1.25628,1.26072,1.25557,1.25648
2021-07-26,1.25648,1.25908,1.25282,1.25438
2021-07-27,1.25438,1.26046,1.25382,1.26034
2021-07-28,1.26034,1.26046,1.25158,1.25232
2021-07-29,1.25232,1.25304,1.24324,1.2448
2021-07-30,1.2448,1.24916,1.24224,1.24765
2021-08-02,1.24765,1.2515,1.2453,1.25058
2021-08-03,1.25058,1.25758,1.24895,1.2536
2021-08-04,1.2536,1.25628,1.25158,1.254
2021-08-05,1.254,1.2548,1.24748,1.25038
2021-08-06,1.25038,1.2581,1.24922,1.25567
2021-08-09,1.25567,1.25878,1.25318,1.25776
2021-08-10,1.25776,1.25894,1.2519,1.25198
2021-08-11,1.25198,1.25486,1.24892,1.25048
2021-08-12,1.25048,1.25336,1.2501,1.25254
2021-08-13,1.25254,1.25322,1.25016,1.2512
2021-08-16,1.2512,1.25844,1.2512,1.2573
2021-08-17,1.2573,1.26492,1.25678,1.263
2021-08-18,1.263,1.26632,1.25981,1.26596
2021-08-19,1.26596,1.2831,1.26474,1.28294
2021-08-20,1.28294,1.29492,1.28143,1.28179
2021-08-23,1.28179,1.28386,1.26428,1.26482
2021-08-24,1.26482,1.26592,1.25788,1.25918
2021-08-25,1.25918,1.26439,1.25866,1.25898
2021-08-26,1.25898,1.26952,1.25863,1.26876
2021-08-27,1.26876,1.27084,1.26055,1.26199
2021-08-30,1.26199,1.26342,1.25738,1.2606
2021-08-31,1.2606,1.26536,1.25694,1.26156
2021-09-01,1.26156,1.26373,1.25804,1.262
2021-09-02,1.262,1.26383,1.25482,1.25524
2021-09-03,1.25524,1.25593,1.24934,1.25242
2021-09-06,1.25242,1.25591,1.25181,1.25322
2021-09-07,1.25322,1.2656,1.252,1.26464
2021-09-08,1.26464,1.27622,1.26264,1.26922
2021-09-09,1.26922,1.27278,1.26226,1.26628
2021-09-10,1.26628,1.26956,1.25826,1.26942
2021-09-13,1.26942,1.26954,1.26384,1.26476
2021-09-14,1.26476,1.26987,1.26014,1.26942
2021-09-15,1.26942,1.27088,1.2624,1.2629
2021-09-16,1.2629,1.26998,1.26168,1.26826
2021-09-17,1.26826,1.27743,1.26368,1.27688
2021-09-20,1.27688,1.2896,1.2751,1.2824
2021-09-21,1.2824,1.28485,1.27429,1.28172
2021-09-22,1.28172,1.28278,1.26983,1.27734
2021-09-23,1.27734,1.27962,1.26334,1.26558
2021-09-24,1.26558,1.27308,1.26408,1.26523
2021-09-27,1.26523,1.26729,1.26102,1.26284
2021-09-28,1.26284,1.27076,1.2594,1.26852
2021-09-29,1.26852,1.27746,1.26686,1.27516
2021-09-30,1.27516,1.27633,1.26301,1.26798
2021-10-01,1.26798,1.2739,1.26278,1.2646
2021-10-04,1.2646,1.26549,1.25576,1.25894
2021-10-05,1.25894,1.263,1.25454,1.25818
2021-10-06,1.25818,1.26482,1.25762,1.2591
2021-10-07,1.2591,1.25994,1.25404,1.25506
2021-10-08,1.25506,1.25626,1.24518,1.24705
2021-10-11,1.24705,1.24918,1.24463,1.24828
2021-10-12,1.24828,1.24984,1.24344,1.24688
2021-10-13,1.24688,1.2479,1.24307,1.2443
2021-10-14,1.2443,1.24506,1.23547,1.23696
2021-10-15,1.23696,1.23977,1.23367,1.23658
2021-10-18,1.23658,1.241,1.23491,1.23798
2021-10-19,1.23798,1.23827,1.23115,1.23654
2021-10-20,1.23654,1.23682,1.23076,1.23198
2021-10-21,1.23198,1.23837,1.22882,1.23706
2021-10-22,1.23706,1.23902,1.23212,1.23635
2021-10-25,1.23635,1.23999,1.23383,1.23838
2021-10-26,1.23838,1.23966,1.23502,1.23898
2021-10-27,1.23898,1.24318,1.23005,1.23606
2021-10-28,1.23606,1.23827,1.23304,1.23454
2021-10-29,1.23454,1.2408,1.2328,1.23875
2021-11-01,1.23875,1.24036,1.23521,1.23688
2021-11-02,1.23688,1.24248,1.23656,1.24112
2021-11-03,1.24112,1.24575,1.23809,1.23896
2021-11-04,1.23896,1.24718,1.23774,1.24566
2021-11-05,1.24566,1.24798,1.2436,1.2456
2021-11-08,1.2456,1.24658,1.24359,1.24438
2021-11-09,1.24438,1.24862,1.24286,1.24376
2021-11-10,1.24376,1.25038,1.2387,1.2494
2021-11-11,1.2494,1.25966,1.24774,1.25768
2021-11-12,1.25768,1.26047,1.25413,1.25531
2021-11-15,1.25531,1.25563,1.25019,1.2514
2021-11-16,1.2514,1.25684,1.24929,1.25594
2021-11-17,1.25594,1.2623,1.25406,1.26112
2021-11-18,1.26112,1.26472,1.25928,1.2602
2021-11-19,1.2602,1.26622,1.25847,1.26383
2021-11-22,1.26383,1.27055,1.26279,1.2702
2021-11-23,1.2702,1.27449,1.26601,1.26714
2021-11-24,1.26714,1.27104,1.2651,1.26678
2021-11-25,1.26678,1.26772,1.26404,1.26476
2021-11-26,1.26476,1.27994,1.26476,1.2789
2021-11-29,1.2789,1.27934,1.27208,1.2739
2021-11-30,1.2739,1.28374,1.27306,1.27776
2021-12-01,1.27776,1.283,1.27136,1.28176
2021-12-02,1.28176,1.28374,1.27786,1.2805
2021-12-03,1.2805,1.28546,1.27439,1.28441
2021-12-06,1.28441,1.28441,1.27532,1.2756
2021-12-07,1.2756,1.27676,1.26352,1.2641
2021-12-08,1.2641,1.26664,1.26017,1.26524
2021-12-09,1.26524,1.27222,1.26498,1.27136
2021-12-10,1.27136,1.27398,1.26794,1.27269
2021-12-13,1.27269,1.28214,1.27057,1.28096
2021-12-14,1.28096,1.28652,1.27976,1.28648
2021-12-15,1.28648,1.29374,1.28321,1.28322
2021-12-16,1.28322,1.28577,1.27637,1.2775
2021-12-17,1.2775,1.2902,1.27726,1.28912
2021-12-20,1.28912,1.2964,1.28843,1.29446
2021-12-21,1.29446,1.29478,1.29124,1.2914
2021-12-22,1.2914,1.29244,1.28326,1.28408
2021-12-23,1.28408,1.28536,1.27982,1.2806
2021-12-24,1.2806,1.28348,1.27854,1.28061
2021-12-27,1.28061,1.28476,1.27788,1.27874
2021-12-28,1.27874,1.28319,1.27804,1.2816
2021-12-29,1.2816,1.28351,1.27882,1.27924
2021-12-30,1.27924,1.28128,1.27341,1.27376
2021-12-31,1.27376,1.27509,1.26206,1.26415
2022-01-03,1.26415,1.27792,1.26314,1.27464
2022-01-04,1.27464,1.27662,1.26676,1.27058
2022-01-05,1.27058,1.27664,1.26917,1.27522
2022-01-06,1.27522,1.28138,1.27066,1.27244
2022-01-07,1.27244,1.27314,1.26321,1.26429
2022-01-10,1.26429,1.26978,1.26104,1.26762
2022-01-11,1.26762,1.26818,1.25675,1.25706
2022-01-12,1.25706,1.25798,1.24956,1.25052
2022-01-13,1.25052,1.2521,1.24534,1.2521
2022-01-14,1.2521,1.25704,1.2471,1.2552
2022-01-17,1.2552,1.25578,1.25002,1.25176
2022-01-18,1.25176,1.25639,1.24862,1.25126
2022-01-19,1.25126,1.2525,1.24504,1.25152
2022-01-20,1.25152,1.2517,1.24533,1.25038
2022-01-21,1.25038,1.25878,1.24988,1.25827
2022-01-24,1.25827,1.2702,1.25544,1.2633
2022-01-25,1.2633,1.26694,1.25972,1.26314
2022-01-26,1.26314,1.26884,1.25596,1.26662
2022-01-27,1.26662,1.2748,1.26504,1.27414
2022-01-28,1.27414,1.27967,1.27128,1.27727
2022-01-31,1.27727,1.27773,1.26822,1.2709
2022-02-01,1.2709,1.27266,1.26552,1.26824
2022-02-02,1.26824,1.27061,1.26503,1.26648
2022-02-03,1.26648,1.27156,1.2658,1.26742
2022-02-04,1.26742,1.27876,1.26632,1.27658
2022-02-07,1.27658,1.27658,1.26579,1.26674
2022-02-08,1.26674,1.27209,1.26642,1.27022
2022-02-09,1.27022,1.27152,1.26652,1.26726
2022-02-10,1.26726,1.2728,1.2636,1.27212
2022-02-11,1.27212,1.27538,1.26694,1.27363
2022-02-14,1.27363,1.2784,1.27198,1.27262
2022-02-15,1.27262,1.27746,1.27012,1.27168
2022-02-16,1.27168,1.27256,1.26638,1.26942
2022-02-17,1.26942,1.27346,1.26744,1.27082
2022-02-18,1.27082,1.2761,1.26736,1.27541
2022-02-21,1.27541,1.27615,1.27218,1.27538
2022-02-22,1.27538,1.27834,1.27188,1.27696
2022-02-23,1.27696,1.27716,1.26816,1.27362
2022-02-24,1.27362,1.28776,1.2728,1.28186
2022-02-25,1.28186,1.28207,1.26954,1.27002
2022-02-28,1.27002,1.28098,1.26594,1.26696
2022-03-01,1.26696,1.27506,1.26537,1.27432
2022-03-02,1.27432,1.2745,1.26282,1.26316
2022-03-03,1.26316,1.26929,1.25872,1.2682
2022-03-04,1.2682,1.27922,1.26698,1.2728
2022-03-07,1.2728,1.28212,1.26856,1.2818
2022-03-08,1.2818,1.29011,1.27961,1.289
2022-03-09,1.289,1.28944,1.28037,1.28062
2022-03-10,1.28062,1.2842,1.27507,1.27682
2022-03-11,1.27682,1.27942,1.2694,1.2753
2022-03-14,1.2753,1.28268,1.27287,1.28254
2022-03-15,1.28254,1.28715,1.27616,1.27634
2022-03-16,1.27634,1.27786,1.26762,1.26762
2022-03-17,1.26762,1.26992,1.26133,1.26272
2022-03-18,1.26272,1.26468,1.25888,1.26037
2022-03-21,1.26037,1.2622,1.25652,1.25922
2022-03-22,1.25922,1.26242,1.25672,1.25692
2022-03-23,1.25692,1.26056,1.2542,1.2564
2022-03-24,1.2564,1.25862,1.25097,1.25298
2022-03-25,1.25298,1.25533,1.24656,1.2477
2022-03-28,1.2477,1.25928,1.24735,1.25182
2022-03-29,1.25182,1.25304,1.24696,1.2503
2022-03-30,1.2503,1.2509,1.24296,1.24816
2022-03-31,1.24816,1.25336,1.24642,1.2507
2022-04-01,1.2507,1.254,1.24806,1.25141
2022-04-04,1.25141,1.25288,1.2468,1.24864
2022-04-05,1.24864,1.24982,1.24028,1.24864
2022-04-06,1.24864,1.25585,1.24789,1.25456
2022-04-07,1.25456,1.26118,1.2538,1.25932
2022-04-08,1.25932,1.26192,1.25648,1.2573
2022-04-11,1.2573,1.2641,1.25615,1.2634
2022-04-12,1.2634,1.26618,1.25817,1.26433
2022-04-13,1.26433,1.26764,1.2555,1.25654
2022-04-14,1.25654,1.2642,1.25215,1.26039
2022-04-15,1.26039,1.26229,1.259,1.26142
2022-04-18,1.26142,1.26443,1.26034,1.2609
2022-04-19,1.2609,1.26469,1.25682,1.26223
2022-04-20,1.26223,1.26246,1.24723,1.24926
2022-04-21,1.24926,1.25904,1.24584,1.25832
2022-04-22,1.25832,1.27263,1.25673,1.27104
2022-04-25,1.27104,1.27774,1.2699,1.27366
2022-04-26,1.27366,1.28279,1.26845,1.28268
2022-04-27,1.28268,1.28542,1.2778,1.28166
2022-04-28,1.28166,1.288,1.2791,1.28072
2022-04-29,1.28072,1.28608,1.27187,1.28581
2022-05-02,1.28581,1.29141,1.28414,1.28795
2022-05-03,1.28795,1.2894,1.28255,1.28402
2022-05-04,1.28402,1.28536,1.27304,1.27378
2022-05-05,1.27378,1.28683,1.27138,1.28369
2022-05-06,1.28369,1.29128,1.28137,1.29091
2022-05-09,1.29091,1.30157,1.29033,1.30136
2022-05-10,1.30136,1.30524,1.29618,1.30274
2022-05-11,1.30274,1.30396,1.29214,1.29934
2022-05-12,1.29934,1.30768,1.2977,1.30448
2022-05-13,1.30448,1.30498,1.28932,1.29114
2022-05-16,1.29114,1.29818,1.28364,1.28474
2022-05-17,1.28474,1.2859,1.28066,1.28092
2022-05-18,1.28092,1.28959,1.2795,1.28925
2022-05-19,1.28925,1.28937,1.2783,1.28232
2022-05-20,1.28232,1.28682,1.27764,1.28391
2022-05-23,1.28391,1.28499,1.2767,1.27694
2022-05-24,1.27694,1.28728,1.2766,1.28219
2022-05-25,1.28219,1.28854,1.28025,1.2817
2022-05-26,1.2817,1.28492,1.27686,1.27714
2022-05-27,1.27714,1.2784,1.27177,1.27196
2022-05-30,1.27196,1.27316,1.26504,1.26547
2022-05-31,1.26547,1.26871,1.26292,1.26507
2022-06-01,1.26507,1.26768,1.26066,1.26578
2022-06-02,1.26578,1.2686,1.25644,1.25701
2022-06-03,1.25701,1.2596,1.2551,1.25908
2022-06-06,1.25908,1.26014,1.25352,1.25788
2022-06-07,1.25788,1.26186,1.25238,1.25316
2022-06-08,1.25316,1.25654,1.25176,1.2557
2022-06-09,1.2557,1.27054,1.2549,1.26985
2022-06-10,1.26985,1.28128,1.26814,1.27862
2022-06-13,1.27862,1.29002,1.27792,1.28987
2022-06-14,1.28987,1.29751,1.28662,1.29574
2022-06-15,1.29574,1.29963,1.2863,1.28954
2022-06-16,1.28954,1.29706,1.28608,1.29471
2022-06-17,1.29471,1.3079,1.29394,1.30275
2022-06-20,1.30275,1.30397,1.29788,1.29807
2022-06-21,1.29807,1.29861,1.29061,1.29178
2022-06-22,1.29178,1.29966,1.29121,1.29476
2022-06-23,1.29476,1.30178,1.29364,1.29964
2022-06-24,1.29964,1.30016,1.289,1.28916
2022-06-27,1.28916,1.29167,1.28645,1.2875
2022-06-28,1.2875,1.28948,1.28194,1.28746
2022-06-29,1.28746,1.29004,1.28439,1.28954
2022-06-30,1.28954,1.29334,1.28614,1.28745
2022-07-01,1.28745,1.29665,1.2867,1.2884
2022-07-04,1.2884,1.2903,1.28374,1.28598
2022-07-05,1.28598,1.30834,1.28438,1.30291
2022-07-06,1.30291,1.30778,1.30121,1.30354
2022-07-07,1.30354,1.30562,1.29632,1.29682
2022-07-08,1.29682,1.30354,1.2936,1.2938
2022-07-11,1.2938,1.30519,1.2938,1.30044
2022-07-12,1.30044,1.30508,1.29841,1.30232
2022-07-13,1.30232,1.30608,1.29366,1.29794
2022-07-14,1.29794,1.32236,1.29716,1.31152
2022-07-15,1.31152,1.31356,1.30134,1.30248
2022-07-18,1.30248,1.30252,1.28985,1.29836
2022-07-19,1.29836,1.29897,1.2868,1.28711
2022-07-20,1.28711,1.29072,1.28547,1.28812
2022-07-21,1.28812,1.29372,1.28593,1.28653
2022-07-22,1.28653,1.29281,1.28222,1.29155
2022-07-25,1.29155,1.29468,1.28349,1.28464
2022-07-26,1.28464,1.29013,1.2816,1.28844
2022-07-27,1.28844,1.29118,1.28083,1.2824
2022-07-28,1.2824,1.287,1.27952,1.28046
2022-07-29,1.28046,1.28552,1.27887,1.27968
2022-08-01,1.27968,1.28562,1.27673,1.28383
2022-08-02,1.28383,1.28874,1.28338,1.28788
2022-08-03,1.28788,1.28919,1.28325,1.2841
2022-08-04,1.2841,1.28763,1.28182,1.28628
2022-08-05,1.28628,1.2985,1.28628,1.29376
2022-08-08,1.29376,1.29504,1.2839,1.28559
2022-08-09,1.28559,1.29006,1.28436,1.28836
2022-08-10,1.28836,1.28969,1.27512,1.27758
2022-08-11,1.27758,1.27918,1.27278,1.2764
2022-08-12,1.2764,1.28029,1.27396,1.2774
2022-08-15,1.2774,1.2934,1.27704,1.29026
2022-08-16,1.29026,1.2929,1.2831,1.28412
2022-08-17,1.28412,1.29366,1.28276,1.29143
2022-08-18,1.29143,1.2967,1.28808,1.29468
2022-08-19,1.29468,1.30092,1.29445,1.29916
2022-08-22,1.29916,1.3061,1.29716,1.3053
2022-08-23,1.3053,1.30632,1.29334,1.29584
2022-08-24,1.29584,1.30188,1.29528,1.29722
2022-08-25,1.29722,1.29761,1.28952,1.29235
2022-08-26,1.29235,1.30436,1.29042,1.30377
2022-08-29,1.30377,1.3076,1.29908,1.30114
2022-08-30,1.30114,1.31084,1.29721,1.3093
2022-08-31,1.3093,1.3141,1.30633,1.31342
2022-09-01,1.31342,1.3208,1.31255,1.31549
2022-09-02,1.31549,1.31701,1.30748,1.31269
2022-09-05,1.31269,1.31738,1.31269,1.3142
2022-09-06,1.3142,1.31704,1.30966,1.31518
2022-09-07,1.31518,1.32088,1.31107,1.31193
2022-09-08,1.31193,1.31596,1.30772,1.30902
2022-09-09,1.30902,1.30952,1.29818,1.30194
2022-09-12,1.30194,1.305,1.29639,1.29833
2022-09-13,1.29833,1.31749,1.29539,1.31749
2022-09-14,1.31749,1.32062,1.31391,1.31668
2022-09-15,1.31668,1.32402,1.31538,1.32284
2022-09-16,1.32284,1.3308,1.32272,1.32618
2022-09-19,1.32618,1.33442,1.32454,1.32514
2022-09-20,1.32514,1.3375,1.32273,1.33674
2022-09-21,1.33674,1.34676,1.33577,1.34661
2022-09-22,1.34661,1.35446,1.3409,1.34881
2022-09-23,1.34881,1.36125,1.34682,1.35908
2022-09-26,1.35908,1.3808,1.35594,1.37391
2022-09-27,1.37391,1.37758,1.36398,1.37253
2022-09-28,1.37253,1.38332,1.36029,1.36038
2022-09-29,1.36038,1.37558,1.36038,1.36832
2022-09-30,1.36832,1.38386,1.36581,1.38278
2022-10-03,1.38278,1.38278,1.36204,1.3622
2022-10-04,1.3622,1.36646,1.3503,1.35102
2022-10-05,1.35102,1.36957,1.35036,1.36189
2022-10-06,1.36189,1.37555,1.35646,1.3746
2022-10-07,1.3746,1.37614,1.36758,1.37342
2022-10-10,1.37342,1.37822,1.3703,1.378
2022-10-11,1.378,1.38554,1.37144,1.37953
2022-10-12,1.37953,1.3831,1.37601,1.38168
2022-10-13,1.38168,1.3978,1.37069,1.37514
2022-10-14,1.37514,1.38984,1.37036,1.38811
2022-10-17,1.38811,1.38816,1.3699,1.37146
2022-10-18,1.37146,1.38108,1.36574,1.37348
2022-10-19,1.37348,1.38098,1.37186,1.3764
2022-10-20,1.3764,1.38068,1.36512,1.3766
2022-10-21,1.3766,1.38548,1.36298,1.36436
2022-10-24,1.36436,1.37745,1.36066,1.37069
2022-10-25,1.37069,1.3748,1.36016,1.36068
2022-10-26,1.36068,1.3651,1.35079,1.3554
2022-10-27,1.3554,1.36268,1.34956,1.35662
2022-10-28,1.35662,1.3635,1.3525,1.36054
2022-10-31,1.36054,1.36854,1.36006,1.3625
2022-11-01,1.3625,1.36688,1.35304,1.36301
2022-11-02,1.36301,1.3714,1.35482,1.37118
2022-11-03,1.37118,1.38084,1.36826,1.37476
2022-11-04,1.37476,1.37516,1.3469,1.34798
2022-11-07,1.34798,1.35536,1.34652,1.34921
2022-11-08,1.34921,1.35268,1.33876,1.3427
2022-11-09,1.3427,1.35419,1.34108,1.35272
2022-11-10,1.35272,1.35712,1.33086,1.33198
2022-11-11,1.33198,1.3361,1.32358,1.32536
2022-11-14,1.32536,1.33151,1.32394,1.33151
2022-11-15,1.33151,1.33364,1.32262,1.32785
2022-11-16,1.32785,1.33472,1.32278,1.33283
2022-11-17,1.33283,1.34014,1.33052,1.33259
2022-11-18,1.33259,1.34092,1.33001,1.33873
2022-11-21,1.33873,1.34952,1.33744,1.34524
2022-11-22,1.34524,1.34598,1.33652,1.33721
2022-11-23,1.33721,1.34404,1.33447,1.3354
2022-11-24,1.3354,1.33622,1.33166,1.33374
2022-11-25,1.33374,1.33986,1.33172,1.33813
2022-11-28,1.33813,1.35048,1.33813,1.34943
2022-11-29,1.34943,1.3646,1.34088,1.35796
2022-11-30,1.35796,1.35944,1.34228,1.34228
2022-12-01,1.34228,1.3471,1.33952,1.343
2022-12-02,1.343,1.35212,1.34206,1.34726
2022-12-05,1.34726,1.36053,1.33854,1.3588
2022-12-06,1.3588,1.3676,1.35707,1.36524
2022-12-07,1.36524,1.37,1.35891,1.36519
2022-12-08,1.36519,1.36894,1.35612,1.35922
2022-12-09,1.35922,1.36918,1.3569,1.36446
2022-12-12,1.36446,1.36834,1.36186,1.36345
2022-12-13,1.36345,1.3644,1.35218,1.35447
2022-12-14,1.35447,1.36125,1.35187,1.35436
2022-12-15,1.35436,1.36743,1.35405,1.3659
2022-12-16,1.3659,1.37052,1.36178,1.36965
2022-12-19,1.36965,1.36965,1.36232,1.36508
2022-12-20,1.36508,1.37044,1.358,1.36125
2022-12-21,1.36125,1.36382,1.35892,1.36092
2022-12-22,1.36092,1.36846,1.35711,1.36466
2022-12-23,1.36466,1.36587,1.35629,1.35948
2022-12-27,1.35948,1.35948,1.34844,1.35233
2022-12-28,1.35233,1.36121,1.34858,1.36044
2022-12-29,1.36044,1.36108,1.35383,1.3548
2022-12-30,1.3548,1.3582,1.3514,1.35454
2023-01-02,1.35454,1.35849,1.35244,1.35752
2023-01-03,1.35752,1.36854,1.35232,1.36686
2023-01-04,1.36686,1.36804,1.34751,1.34771
2023-01-05,1.34771,1.35955,1.34705,1.3571
2023-01-06,1.3571,1.36647,1.34332,1.3445
2023-01-09,1.3445,1.34485,1.33572,1.33902
2023-01-10,1.33902,1.34456,1.33761,1.34276
2023-01-11,1.34276,1.34453,1.34044,1.34242
2023-01-12,1.34242,1.34594,1.33452,1.33678
2023-01-13,1.33678,1.34394,1.33216,1.33948
2023-01-16,1.33948,1.34184,1.33526,1.34075
2023-01-17,1.34075,1.34372,1.33693,1.33915
2023-01-18,1.33915,1.35004,1.33508,1.34944
2023-01-19,1.34944,1.35206,1.34468,1.34658
2023-01-20,1.34658,1.34975,1.33733,1.33806
2023-01-23,1.33806,1.34179,1.33421,1.33664
2023-01-24,1.33664,1.34137,1.33466,1.3368
2023-01-25,1.3368,1.34286,1.33401,1.33962
2023-01-26,1.33962,1.34081,1.33034,1.33218
2023-01-27,1.33218,1.33468,1.33004,1.33115
2023-01-30,1.33115,1.33895,1.32995,1.33872
2023-01-31,1.33872,1.34719,1.3299,1.33084
2023-02-01,1.33084,1.33802,1.32668,1.32906
2023-02-02,1.32906,1.33477,1.32622,1.33161
2023-02-03,1.33161,1.34261,1.33118,1.34024
2023-02-06,1.34024,1.34758,1.33966,1.34467
2023-02-07,1.34467,1.3469,1.33799,1.33984
2023-02-08,1.33984,1.34506,1.33602,1.34468
2023-02-09,1.34468,1.34633,1.33726,1.34552
2023-02-10,1.34552,1.34724,1.3338,1.33457
2023-02-13,1.33457,1.338,1.33252,1.3332
2023-02-14,1.3332,1.33908,1.32742,1.33372
2023-02-15,1.33372,1.34402,1.33334,1.33954
2023-02-16,1.33954,1.34798,1.33576,1.34577
2023-02-17,1.34577,1.35376,1.34502,1.3474
2023-02-20,1.3474,1.34948,1.34416,1.34533
2023-02-21,1.34533,1.35492,1.34414,1.3538
2023-02-22,1.3538,1.35682,1.35144,1.35523
2023-02-23,1.35523,1.35814,1.35162,1.35491
2023-02-24,1.35491,1.36654,1.35274,1.36074
2023-02-27,1.36074,1.36244,1.3534,1.35751
2023-02-28,1.35751,1.36484,1.35608,1.36462
2023-03-01,1.36462,1.36591,1.35844,1.35918
2023-03-02,1.35918,1.36416,1.35824,1.35954
2023-03-03,1.35954,1.36446,1.35551,1.35962
2023-03-06,1.35962,1.36289,1.35822,1.36126
2023-03-07,1.36126,1.37613,1.36,1.37536
2023-03-08,1.37536,1.3815,1.37451,1.38034
2023-03-09,1.38034,1.38376,1.37527,1.3828
2023-03-10,1.3828,1.38623,1.37615,1.38233
2023-03-13,1.38233,1.38233,1.36774,1.37299
2023-03-14,1.37299,1.37504,1.36516,1.36862
2023-03-15,1.36862,1.38144,1.366,1.37666
2023-03-16,1.37666,1.3788,1.37142,1.37217
2023-03-17,1.37217,1.37734,1.36776,1.37344
2023-03-20,1.37344,1.37474,1.36516,1.3664
2023-03-21,1.3664,1.37376,1.36442,1.3713
2023-03-22,1.3713,1.37446,1.36568,1.3731
2023-03-23,1.3731,1.37351,1.36308,1.3714
2023-03-24,1.3714,1.38048,1.37078,1.37486
2023-03-27,1.37486,1.37486,1.36494,1.36599
2023-03-28,1.36599,1.36952,1.35919,1.35978
2023-03-29,1.35978,1.3617,1.35564,1.35576
2023-03-30,1.35576,1.35816,1.3516,1.35214
2023-03-31,1.35214,1.35645,1.35076,1.35157
2023-04-03,1.35157,1.35369,1.34115,1.34382
2023-04-04,1.34382,1.34677,1.34062,1.34444
2023-04-05,1.34444,1.34834,1.34258,1.34574
2023-04-06,1.34574,1.35061,1.34472,1.3492
2023-04-07,1.3492,1.35311,1.34836,1.35123
2023-04-10,1.35123,1.35538,1.3485,1.35086
2023-04-11,1.35086,1.35164,1.34622,1.34642
2023-04-12,1.34642,1.34893,1.34282,1.34418
2023-04-13,1.34418,1.34484,1.33336,1.33396
2023-04-14,1.33396,1.33961,1.33011,1.33595
2023-04-17,1.33595,1.34202,1.33428,1.33934
2023-04-18,1.33934,1.33996,1.33596,1.33884
2023-04-19,1.33884,1.34671,1.3385,1.34594
2023-04-20,1.34594,1.34898,1.34485,1.34764
2023-04-21,1.34764,1.35636,1.3472,1.35398
2023-04-24,1.35398,1.35676,1.35226,1.35412
2023-04-25,1.35412,1.36478,1.35248,1.36255
2023-04-26,1.36255,1.36512,1.35994,1.36374
2023-04-27,1.36374,1.36457,1.35891,1.3591
2023-04-28,1.3591,1.36681,1.35363,1.35475
2023-05-01,1.35475,1.35834,1.35304,1.35442
2023-05-02,1.35442,1.36378,1.35283,1.36257
2023-05-03,1.36257,1.36394,1.35822,1.36164
2023-05-04,1.36164,1.3633,1.35192,1.35405
2023-05-05,1.35405,1.35418,1.33713,1.33748
2023-05-08,1.33748,1.33902,1.3315,1.33721
2023-05-09,1.33721,1.34066,1.33652,1.33837
2023-05-10,1.33837,1.3415,1.33352,1.33704
2023-05-11,1.33704,1.3496,1.33633,1.349
2023-05-12,1.349,1.35654,1.34798,1.3557
2023-05-15,1.3557,1.35679,1.34594,1.34672
2023-05-16,1.34672,1.34939,1.34041,1.34802
2023-05-17,1.34802,1.3536,1.3437,1.34556
2023-05-18,1.34556,1.35248,1.34499,1.35022
2023-05-19,1.35022,1.3524,1.34688,1.34975
2023-05-22,1.34975,1.35192,1.34852,1.35048
2023-05-23,1.35048,1.35487,1.34845,1.35028
2023-05-24,1.35028,1.3606,1.3496,1.35954
2023-05-25,1.35954,1.36449,1.35864,1.36436
2023-05-26,1.36436,1.36548,1.36008,1.36225
2023-05-29,1.36225,1.36231,1.35831,1.35899
2023-05-30,1.35899,1.36136,1.35673,1.35996
2023-05-31,1.35996,1.36514,1.35694,1.35754
2023-06-01,1.35754,1.35852,1.34367,1.34491
2023-06-02,1.34491,1.34514,1.34068,1.34261
2023-06-05,1.34261,1.34619,1.34172,1.34441
2023-06-06,1.34441,1.34524,1.339,1.34022
2023-06-07,1.34022,1.34268,1.33209,1.33716
2023-06-08,1.33716,1.33885,1.3334,1.33578
2023-06-09,1.33578,1.33714,1.33133,1.33406
2023-06-12,1.33406,1.33837,1.33149,1.3367
2023-06-13,1.3367,1.33786,1.32861,1.33137
2023-06-14,1.33137,1.33533,1.32722,1.33242
2023-06-15,1.33242,1.33549,1.321,1.32206
2023-06-16,1.32206,1.32398,1.31779,1.31976
2023-06-19,1.31976,1.32289,1.31793,1.32118
2023-06-20,1.32118,1.32698,1.32057,1.32354
2023-06-21,1.32354,1.3246,1.31572,1.3164
2023-06-22,1.3164,1.31796,1.31387,1.3151
2023-06-23,1.3151,1.32261,1.3143,1.31816
2023-06-26,1.31816,1.3182,1.3136,1.31566
2023-06-27,1.31566,1.31924,1.31166,1.3192
2023-06-28,1.3192,1.32768,1.31894,1.32587
2023-06-29,1.32587,1.32858,1.32392,1.32543
2023-06-30,1.32543,1.32846,1.3207,1.325
2023-07-03,1.325,1.32735,1.32304,1.32506
2023-07-04,1.32506,1.3257,1.32032,1.32236
2023-07-05,1.32236,1.32934,1.32202,1.32828
2023-07-06,1.32828,1.33727,1.32752,1.33678
2023-07-07,1.33678,1.3387,1.3266,1.3277
2023-07-10,1.3277,1.33046,1.32684,1.32789
2023-07-11,1.32789,1.32897,1.32305,1.32306
2023-07-12,1.32306,1.32342,1.31436,1.31856
2023-07-13,1.31856,1.3195,1.31036,1.31096
2023-07-14,1.31096,1.32269,1.30928,1.3217
2023-07-17,1.3217,1.32325,1.31608,1.31994
2023-07-18,1.31994,1.32434,1.31673,1.31684
2023-07-19,1.31684,1.31932,1.31559,1.31636
2023-07-20,1.31636,1.31948,1.31194,1.3172
2023-07-21,1.3172,1.32265,1.31533,1.32236
2023-07-24,1.32236,1.32288,1.31504,1.3169
2023-07-25,1.3169,1.32095,1.31468,1.31724
2023-07-26,1.31724,1.3238,1.317,1.32068
2023-07-27,1.32068,1.32434,1.31584,1.32257
2023-07-28,1.32257,1.32498,1.3201,1.32497
2023-07-31,1.32497,1.32618,1.31513,1.31892
2023-08-01,1.31892,1.33002,1.31846,1.32808
2023-08-02,1.32808,1.33536,1.32645,1.3352
2023-08-03,1.3352,1.33782,1.33291,1.33539
2023-08-04,1.33539,1.33941,1.33196,1.33809
2023-08-07,1.33809,1.33996,1.3356,1.33686
2023-08-08,1.33686,1.35022,1.33654,1.34174
2023-08-09,1.34174,1.34542,1.34044,1.3423
2023-08-10,1.3423,1.34501,1.33724,1.34482
2023-08-11,1.34482,1.34662,1.34125,1.34462
2023-08-14,1.34462,1.34801,1.34378,1.34606
2023-08-15,1.34606,1.35018,1.34394,1.34996
2023-08-16,1.34996,1.35453,1.34754,1.35324
2023-08-17,1.35324,1.35528,1.34962,1.35466
2023-08-18,1.35466,1.35749,1.35246,1.35522
2023-08-21,1.35522,1.35728,1.34961,1.35446
2023-08-22,1.35446,1.35652,1.35132,1.35506
2023-08-23,1.35506,1.3604,1.35204,1.3525
2023-08-24,1.3525,1.35892,1.351,1.35832
2023-08-25,1.35832,1.36402,1.35696,1.36045
2023-08-28,1.36045,1.36122,1.35702,1.35996
2023-08-29,1.35996,1.36376,1.35498,1.35514
2023-08-30,1.35514,1.35772,1.35131,1.3532
2023-08-31,1.3532,1.35581,1.35042,1.35094
2023-09-01,1.35094,1.36128,1.34892,1.35922
2023-09-04,1.35922,1.36048,1.35756,1.35924
2023-09-05,1.35924,1.36696,1.35892,1.36428
2023-09-06,1.36428,1.3677,1.36224,1.36354
2023-09-07,1.36354,1.36946,1.36322,1.36865
2023-09-08,1.36865,1.36898,1.36082,1.36408
2023-09-11,1.36408,1.36408,1.3561,1.3574
2023-09-12,1.3574,1.35934,1.35436,1.35524
2023-09-13,1.35524,1.35874,1.3521,1.35492
2023-09-14,1.35492,1.35544,1.34936,1.35065
2023-09-15,1.35065,1.35498,1.34941,1.35258
2023-09-18,1.35258,1.35288,1.3472,1.34859
2023-09-19,1.34859,1.34906,1.33802,1.3448
2023-09-20,1.3448,1.34774,1.33956,1.3463
2023-09-21,1.3463,1.35236,1.34529,1.34836
2023-09-22,1.34836,1.34918,1.34236,1.34836
2023-09-25,1.34836,1.3492,1.34533,1.34544
2023-09-26,1.34544,1.35283,1.3449,1.35168
2023-09-27,1.35168,1.35431,1.34954,1.34999
2023-09-28,1.34999,1.35164,1.34706,1.34868
2023-09-29,1.34868,1.3585,1.3417,1.35806
2023-10-02,1.35806,1.36802,1.35618,1.36764
2023-10-03,1.36764,1.37364,1.36667,1.37094
2023-10-04,1.37094,1.378,1.36904,1.37475
2023-10-05,1.37475,1.37858,1.37037,1.37046
2023-10-06,1.37046,1.37455,1.36437,1.36616
2023-10-09,1.36616,1.36796,1.35812,1.35874
2023-10-10,1.35874,1.36174,1.35693,1.35829
2023-10-11,1.35829,1.3624,1.35716,1.35942
2023-10-12,1.35942,1.37007,1.35784,1.36918
2023-10-13,1.36918,1.36954,1.36363,1.36559
2023-10-16,1.36559,1.36644,1.36064,1.36097
2023-10-17,1.36097,1.3703,1.36058,1.36484
2023-10-18,1.36484,1.37163,1.36172,1.37156
2023-10-19,1.37156,1.37411,1.36792,1.37199
2023-10-20,1.37199,1.37344,1.36698,1.37154
2023-10-23,1.37154,1.37367,1.36677,1.36902
2023-10-24,1.36902,1.37548,1.36611,1.37414
2023-10-25,1.37414,1.38102,1.37305,1.37994
2023-10-26,1.37994,1.38442,1.37898,1.38319
2023-10-27,1.38319,1.38806,1.37964,1.38744
2023-10-30,1.38744,1.38744,1.38134,1.3827
2023-10-31,1.3827,1.38923,1.38137,1.38756
2023-11-01,1.38756,1.38991,1.38413,1.38568
2023-11-02,1.38568,1.38598,1.37358,1.3737
2023-11-03,1.3737,1.37607,1.36533,1.3656
2023-11-06,1.3656,1.3703,1.36294,1.36996
2023-11-07,1.36996,1.37828,1.36886,1.37658
2023-11-08,1.37658,1.38148,1.37546,1.37918
2023-11-09,1.37918,1.38165,1.37466,1.38088
2023-11-10,1.38088,1.38549,1.37914,1.37994
2023-11-13,1.37994,1.3832,1.37772,1.38058
2023-11-14,1.38058,1.38435,1.36846,1.36926
2023-11-15,1.36926,1.37101,1.36544,1.36825
2023-11-16,1.36825,1.3777,1.36774,1.37552
2023-11-17,1.37552,1.3771,1.3708,1.3721
2023-11-20,1.3721,1.37495,1.36898,1.37256
2023-11-21,1.37256,1.37315,1.36811,1.37036
2023-11-22,1.37036,1.37658,1.36862,1.36867
2023-11-23,1.36867,1.37113,1.36509,1.36964
2023-11-24,1.36964,1.37118,1.35936,1.36371
2023-11-27,1.36371,1.36612,1.36136,1.36156
2023-11-28,1.36156,1.36214,1.35602,1.35728
2023-11-29,1.35728,1.36149,1.35412,1.35898
2023-11-30,1.35898,1.36269,1.35522,1.35595
2023-12-01,1.35595,1.35688,1.34871,1.34963
2023-12-04,1.34963,1.35622,1.34801,1.35368
2023-12-05,1.35368,1.35943,1.35345,1.3592
2023-12-06,1.3592,1.35965,1.35488,1.35932
2023-12-07,1.35932,1.36196,1.35838,1.35999
2023-12-08,1.35999,1.36097,1.35506,1.35827
2023-12-11,1.35827,1.36044,1.35505,1.35744
2023-12-12,1.35744,1.36188,1.3545,1.35913
2023-12-13,1.35913,1.36084,1.34948,1.35179
2023-12-14,1.35179,1.35192,1.33943,1.34076
2023-12-15,1.34076,1.34152,1.33504,1.33779
2023-12-18,1.33779,1.34095,1.33498,1.33998
2023-12-19,1.33998,1.34006,1.33328,1.3333
2023-12-20,1.3333,1.33708,1.33117,1.33678
2023-12-21,1.33678,1.33714,1.3276,1.32822
2023-12-22,1.32822,1.32929,1.32192,1.32671
2023-12-26,1.32671,1.32671,1.31953,1.31956
2023-12-27,1.31956,1.32193,1.31774,1.3209
2023-12-28,1.3209,1.32358,1.31825,1.32288
2023-12-29,1.32288,1.32654,1.31784,1.32522
2024-01-02,1.32522,1.3334,1.32286,1.33217
2024-01-03,1.33217,1.33722,1.33179,1.33524
2024-01-04,1.33524,1.33661,1.33172,1.33499
2024-01-05,1.33499,1.33994,1.32875,1.3362
2024-01-08,1.3362,1.34051,1.3345,1.33486
2024-01-09,1.33486,1.3415,1.33405,1.33903
2024-01-10,1.33903,1.33954,1.33654,1.338
2024-01-11,1.338,1.3443,1.33506,1.33946
2024-01-12,1.33946,1.3412,1.33434,1.3408
2024-01-15,1.3408,1.34484,1.3382,1.34268
2024-01-16,1.34268,1.3502,1.3424,1.34945
2024-01-17,1.34945,1.3542,1.34804,1.35048
2024-01-18,1.35048,1.35272,1.34807,1.34872
2024-01-19,1.34872,1.35023,1.34276,1.34294
2024-01-22,1.34294,1.3483,1.34152,1.34792
2024-01-23,1.34792,1.3492,1.34534,1.34619
2024-01-24,1.34619,1.35286,1.343,1.35236
2024-01-25,1.35236,1.35346,1.34683,1.34742
2024-01-26,1.34742,1.34834,1.34142,1.34525
2024-01-29,1.34525,1.34654,1.34098,1.34146
2024-01-30,1.34146,1.34466,1.33956,1.33971
2024-01-31,1.33971,1.34462,1.33586,1.3435
2024-02-01,1.3435,1.34644,1.33678,1.33858
2024-02-02,1.33858,1.34758,1.3366,1.3467
2024-02-05,1.3467,1.3544,1.34606,1.35422
2024-02-06,1.35422,1.3544,1.34766,1.34932
2024-02-07,1.34932,1.34932,1.3455,1.34623
2024-02-08,1.34623,1.34932,1.3448,1.3459
2024-02-09,1.3459,1.34818,1.3413,1.3459
2024-02-12,1.3459,1.34753,1.34302,1.3451
2024-02-13,1.3451,1.35864,1.34394,1.35643
2024-02-14,1.35643,1.35724,1.35311,1.35438
2024-02-15,1.35438,1.3552,1.34636,1.34644
2024-02-16,1.34644,1.35077,1.34611,1.34848
2024-02-19,1.34848,1.34966,1.34682,1.34902
2024-02-20,1.34902,1.35299,1.34723,1.35234
2024-02-21,1.35234,1.35364,1.34942,1.35043
2024-02-22,1.35043,1.35078,1.34409,1.34824
2024-02-23,1.34824,1.35176,1.34616,1.35093
2024-02-26,1.35093,1.35288,1.34958,1.3505
2024-02-27,1.3505,1.35394,1.34847,1.35286
2024-02-28,1.35286,1.36061,1.35243,1.35778
2024-02-29,1.35778,1.35976,1.35411,1.35802
2024-03-01,1.35802,1.36018,1.35451,1.35604
2024-03-04,1.35604,1.3584,1.35456,1.35743
2024-03-05,1.35743,1.36053,1.35554,1.35918
2024-03-06,1.35918,1.36002,1.3499,1.35133
2024-03-07,1.35133,1.35257,1.34542,1.34591
2024-03-08,1.34591,1.34979,1.342,1.34865
2024-03-11,1.34865,1.351,1.34696,1.34829
2024-03-12,1.34829,1.35256,1.34667,1.34906
2024-03-13,1.34906,1.34985,1.34592,1.34706
2024-03-14,1.34706,1.35412,1.34594,1.35328
2024-03-15,1.35328,1.3552,1.351,1.35441
2024-03-18,1.35441,1.35518,1.35208,1.35338
2024-03-19,1.35338,1.36136,1.35299,1.35666
2024-03-20,1.35666,1.3605,1.3482,1.34926
2024-03-21,1.34926,1.35419,1.3456,1.35305
2024-03-22,1.35305,1.36142,1.35196,1.36066
2024-03-25,1.36066,1.36144,1.35704,1.35862
2024-03-26,1.35862,1.35907,1.35527,1.3584
2024-03-27,1.3584,1.36084,1.35652,1.35676
2024-03-28,1.35676,1.36139,1.3525,1.35405
2024-03-29,1.35405,1.35614,1.35328,1.35437
2024-04-01,1.35437,1.35868,1.3515,1.35712
2024-04-02,1.35712,1.35846,1.35564,1.35666
2024-04-03,1.35666,1.3589,1.35116,1.35264
2024-04-04,1.35264,1.3559,1.3478,1.35439
2024-04-05,1.35439,1.36476,1.35404,1.35898
2024-04-08,1.35898,1.36168,1.35694,1.35727
2024-04-09,1.35727,1.35988,1.3547,1.35714
2024-04-10,1.35714,1.3703,1.35561,1.36816
2024-04-11,1.36816,1.3726,1.3661,1.36886
2024-04-12,1.36886,1.37873,1.3682,1.37733
2024-04-15,1.37733,1.37936,1.37252,1.37877
2024-04-16,1.37877,1.38462,1.37742,1.38288
2024-04-17,1.38288,1.3838,1.37598,1.3773
2024-04-18,1.3773,1.37816,1.37418,1.37676
2024-04-19,1.37676,1.38046,1.37233,1.3749
2024-04-22,1.3749,1.37534,1.3687,1.37002
2024-04-23,1.37002,1.37145,1.36562,1.36634
2024-04-24,1.36634,1.37289,1.36549,1.37034
2024-04-25,1.37034,1.37312,1.36501,1.36573
2024-04-26,1.36573,1.36959,1.36329,1.36696
2024-04-29,1.36696,1.36769,1.36321,1.3661
2024-04-30,1.3661,1.3785,1.36593,1.37774
2024-05-01,1.37774,1.37832,1.37034,1.37388
2024-05-02,1.37388,1.37426,1.36695,1.3675
2024-05-03,1.3675,1.36918,1.36098,1.36854
2024-05-06,1.36854,1.36974,1.3648,1.36652
2024-05-07,1.36652,1.37414,1.36609,1.37262
2024-05-08,1.37262,1.37628,1.37173,1.37234
2024-05-09,1.37234,1.3738,1.36748,1.3677
2024-05-10,1.3677,1.36906,1.36314,1.36728
2024-05-13,1.36728,1.36898,1.36606,1.36668
2024-05-14,1.36668,1.36905,1.36327,1.36504
2024-05-15,1.36504,1.36608,1.35896,1.36023
2024-05-16,1.36023,1.36412,1.359,1.36178
2024-05-17,1.36178,1.36438,1.36012,1.36118
2024-05-20,1.36118,1.36356,1.35961,1.36246
2024-05-21,1.36246,1.36757,1.36148,1.36546
2024-05-22,1.36546,1.36984,1.3624,1.36942
2024-05-23,1.36942,1.37437,1.36568,1.37299
2024-05-24,1.37299,1.37388,1.3648,1.36648
2024-05-27,1.36648,1.3671,1.36298,1.3634
2024-05-28,1.3634,1.3654,1.36148,1.36454
2024-05-29,1.36454,1.37196,1.36416,1.3718
2024-05-30,1.3718,1.3735,1.36603,1.36804
2024-05-31,1.36804,1.36897,1.36192,1.36275
2024-06-03,1.36275,1.36686,1.3603,1.3628
2024-06-04,1.3628,1.36993,1.36206,1.36764
2024-06-05,1.36764,1.37416,1.36656,1.36942
2024-06-06,1.36942,1.371,1.36642,1.36697
2024-06-07,1.36697,1.37678,1.3663,1.37667
2024-06-10,1.37667,1.37819,1.37538,1.37572
2024-06-11,1.37572,1.37918,1.37481,1.3758
2024-06-12,1.3758,1.37608,1.36801,1.37236
2024-06-13,1.37236,1.37636,1.37146,1.37387
2024-06-14,1.37387,1.37794,1.37278,1.37344
2024-06-17,1.37344,1.37643,1.37207,1.37238
2024-06-18,1.37238,1.37566,1.37092,1.37184
2024-06-19,1.37164,1.3726,1.36982,1.37063
2024-06-20,1.3705,1.3721,1.36824,1.3689
2024-06-21,1.36872,1.37185,1.36746,1.36932
2024-06-24,1.36935,1.37082,1.36501,1.36578
2024-06-25,1.36564,1.36807,1.36046,1.36579
2024-06-26,1.3655,1.3708,1.36504,1.37023
2024-06-27,1.37012,1.37125,1.36758,1.37008
2024-06-28,1.37002,1.37343,1.36554,1.36794
2024-07-01,1.36734,1.3749,1.36634,1.37364
2024-07-02,1.37386,1.37554,1.36676,1.36788
2024-07-03,1.36787,1.36868,1.36172,1.36396
2024-07-04,1.36362,1.36425,1.36082,1.36131
2024-07-05,1.36126,1.36534,1.36026,1.36414
2024-07-08,1.36446,1.36476,1.36242,1.36346
2024-07-09,1.36375,1.36485,1.36282,1.3635
2024-07-10,1.36363,1.36433,1.36083,1.36198
2024-07-11,1.3619,1.36481,1.35888,1.36328
2024-07-12,1.36328,1.36395,1.36114,1.36351
2024-07-15,1.3645,1.3689,1.36314,1.36826
2024-07-16,1.36824,1.3708,1.3665,1.36732
2024-07-17,1.36718,1.37017,1.36567,1.3683
2024-07-18,1.36834,1.37187,1.36705,1.37063
2024-07-19,1.37068,1.37478,1.37016,1.37284
2024-07-22,1.37187,1.3775,1.37056,1.3757
2024-07-23,1.37548,1.37858,1.37528,1.37844
2024-07-24,1.37834,1.38167,1.37782,1.38083
2024-07-25,1.38076,1.38494,1.37968,1.38252
2024-07-26,1.38242,1.38492,1.38074,1.38366
2024-07-29,1.38331,1.38651,1.38165,1.38522
2024-07-30,1.38516,1.38646,1.38381,1.38511
2024-07-31,1.38496,1.3859,1.37875,1.38081
2024-08-01,1.38054,1.38892,1.3793,1.38742
2024-08-02,1.38768,1.38886,1.38342,1.38732
2024-08-05,1.38684,1.39468,1.38097,1.38268
2024-08-06,1.38258,1.38561,1.37569,1.3785
2024-08-07,1.37854,1.3791,1.37209,1.37569
2024-08-08,1.376,1.37658,1.37265,1.37344
2024-08-09,1.37322,1.3756,1.37182,1.37298
2024-08-12,1.37276,1.3748,1.37184,1.37423
2024-08-13,1.3743,1.37474,1.37059,1.37066
2024-08-14,1.37038,1.37246,1.3689,1.37146
2024-08-15,1.37178,1.37386,1.36953,1.37298
2024-08-16,1.37288,1.37373,1.36782,1.36784
2024-08-19,1.36842,1.36854,1.36299,1.3634
2024-08-20,1.36338,1.36416,1.36051,1.36206
2024-08-21,1.36216,1.36245,1.35756,1.3594
2024-08-22,1.35908,1.3619,1.35716,1.36149
2024-08-23,1.36158,1.36165,1.3499,1.35094
2024-08-26,1.35081,1.35156,1.34632,1.34858
2024-08-27,1.34839,1.34886,1.34428,1.3444
2024-08-28,1.34468,1.34884,1.3441,1.34806
2024-08-29,1.34806,1.34912,1.34501,1.34844
2024-08-30,1.34838,1.35098,1.34654,1.34938
2024-09-02,1.34876,1.35055,1.34856,1.34946
2024-09-03,1.34916,1.35626,1.34914,1.35506
2024-09-04,1.35542,1.35656,1.35,1.35052
2024-09-05,1.35076,1.35254,1.35022,1.35034
2024-09-06,1.35048,1.35826,1.3466,1.3573
2024-09-09,1.35686,1.35773,1.35464,1.35593
2024-09-10,1.3559,1.36156,1.35559,1.36102
2024-09-11,1.36104,1.36231,1.35666,1.35758
2024-09-12,1.3577,1.36048,1.3565,1.35808
2024-09-13,1.35815,1.36002,1.35651,1.35867
2024-09-16,1.35954,1.36078,1.35668,1.35871
2024-09-17,1.3585,1.36171,1.35803,1.35976
2024-09-18,1.35954,1.36232,1.35404,1.36054
2024-09-19,1.36021,1.36476,1.35334,1.35579
2024-09-20,1.35568,1.35899,1.3542,1.35702
2024-09-23,1.35632,1.35822,1.34872,1.35432
2024-09-24,1.3537,1.35382,1.34308,1.34314
2024-09-25,1.34312,1.3487,1.34197,1.34847
2024-09-26,1.34818,1.34899,1.34578,1.34652
2024-09-27,1.34662,1.35268,1.34638,1.35159
2024-09-30,1.35076,1.35382,1.34898,1.35254
2024-10-01,1.3527,1.35399,1.34811,1.34904
2024-10-02,1.34944,1.35101,1.34725,1.3502
2024-10-03,1.3498,1.35599,1.3496,1.3555
2024-10-04,1.3549,1.35912,1.35448,1.35766
2024-10-07,1.35694,1.36397,1.35686,1.36214
2024-10-08,1.36232,1.36754,1.36114,1.3647
2024-10-09,1.3647,1.37188,1.3643,1.37116
2024-10-10,1.37048,1.37756,1.36966,1.37406
2024-10-11,1.37404,1.37836,1.37252,1.37636
2024-10-14,1.37579,1.38056,1.37575,1.3796
2024-10-15,1.37956,1.38388,1.37702,1.37749
2024-10-16,1.37774,1.37934,1.37501,1.3751
2024-10-17,1.37534,1.38015,1.37471,1.37952
2024-10-18,1.37921,1.38154,1.37855,1.37996
2024-10-21,1.38029,1.38497,1.37994,1.38317
2024-10-22,1.38318,1.38381,1.38138,1.38162
2024-10-23,1.38202,1.38628,1.3816,1.38372
2024-10-24,1.38366,1.38688,1.38128,1.38555
2024-10-25,1.38536,1.38978,1.38382,1.38922
2024-10-28,1.3891,1.39086,1.38822,1.38898
2024-10-29,1.38901,1.39298,1.38768,1.39154
2024-10-30,1.39126,1.39408,1.38952,1.39026
2024-10-31,1.3906,1.39454,1.3891,1.39348
2024-11-01,1.3936,1.3959,1.39028,1.39534
2024-11-04,1.39254,1.39272,1.38751,1.39032
2024-11-05,1.3902,1.3907,1.38234,1.38242
2024-11-06,1.38246,1.3959,1.3823,1.39392
2024-11-07,1.39406,1.39486,1.38423,1.38598
2024-11-08,1.38596,1.39282,1.38594,1.39107
2024-11-11,1.39132,1.39508,1.3905,1.39248
2024-11-12,1.39265,1.39674,1.39172,1.39444
2024-11-13,1.39431,1.4003,1.39304,1.39987
2024-11-14,1.39952,1.40648,1.39883,1.40607
2024-11-15,1.40564,1.41058,1.40334,1.40894
2024-11-18,1.40915,1.4103,1.40042,1.4015
2024-11-19,1.40176,1.40369,1.39553,1.39562
2024-11-20,1.39586,1.40146,1.39507,1.39756
2024-11-21,1.39754,1.39784,1.39314,1.39749
2024-11-22,1.39716,1.40213,1.39578,1.39796
2024-11-25,1.39511,1.40074,1.39279,1.39856
2024-11-26,1.39864,1.41781,1.3982,1.40544
2024-11-27,1.40556,1.40782,1.40092,1.40308
2024-11-28,1.403,1.40318,1.39986,1.4015
2024-11-29,1.40161,1.40458,1.39806,1.40052
2024-12-02,1.39916,1.40898,1.39908,1.40464
2024-12-03,1.40499,1.40761,1.40094,1.40702
2024-12-04,1.40656,1.40834,1.4052,1.40734
2024-12-05,1.40708,1.40798,1.40106,1.40247
2024-12-06,1.40245,1.41648,1.4019,1.41596
2024-12-09,1.41557,1.41754,1.40936,1.41717
2024-12-10,1.41701,1.41952,1.41558,1.41811
2024-12-11,1.41768,1.41986,1.41199,1.4159
2024-12-12,1.4159,1.4228,1.41312,1.42216
2024-12-13,1.42196,1.42454,1.42094,1.42368
2024-12-16,1.42315,1.42724,1.4217,1.42438
2024-12-17,1.42404,1.43239,1.42321,1.43105
2024-12-18,1.43094,1.44496,1.43048,1.44482
2024-12-19,1.44478,1.44676,1.43445,1.43996
2024-12-20,1.43972,1.44357,1.43354,1.43748
2024-12-23,1.4367,1.44336,1.43492,1.4373
2024-12-24,1.43726,1.44204,1.43488,1.43567
2024-12-26,1.43609,1.44206,1.43501,1.44072
2024-12-27,1.44074,1.44496,1.4375,1.44151
2024-12-30,1.44154,1.44332,1.43448,1.43548
2024-12-31,1.43584,1.44097,1.43383,1.43832
2025-01-02,1.43862,1.44424,1.43692,1.44032
2025-01-03,1.4405,1.44638,1.43834,1.44492
2025-01-06,1.44496,1.44508,1.428,1.43324
2025-01-07,1.43408,1.43714,1.42978,1.43704
2025-01-08,1.43664,1.441,1.43394,1.43752
2025-01-09,1.43814,1.44053,1.43652,1.43946
2025-01-10,1.43961,1.4443,1.43754,1.44226
2025-01-13,1.44242,1.44477,1.4375,1.43774
2025-01-14,1.43734,1.44106,1.43431,1.43495
2025-01-15,1.4347,1.4367,1.4302,1.43398
2025-01-16,1.43344,1.44032,1.43226,1.43928
2025-01-17,1.43935,1.44856,1.43826,1.44806
2025-01-20,1.44647,1.44859,1.42611,1.43086
2025-01-21,1.43096,1.45182,1.42896,1.43238
2025-01-22,1.43267,1.43912,1.4301,1.4378
2025-01-23,1.43767,1.44136,1.43344,1.43846
2025-01-24,1.43818,1.4384,1.4315,1.43438
2025-01-27,1.4368,1.44018,1.43338,1.4374
2025-01-28,1.4375,1.44204,1.43678,1.44031
2025-01-29,1.43983,1.44718,1.4392,1.442
2025-01-30,1.44183,1.45957,1.4393,1.44941
2025-01-31,1.44889,1.456,1.43709,1.4527
2025-02-03,1.47242,1.47937,1.43894,1.44313
2025-02-04,1.44221,1.45034,1.4302,1.43228
2025-02-05,1.43248,1.43448,1.427,1.43166
2025-02-06,1.43155,1.4367,1.43014,1.4309
2025-02-07,1.43078,1.43452,1.42734,1.42932
2025-02-10,1.43523,1.438,1.43054,1.43158
2025-02-11,1.43164,1.43458,1.42794,1.42846
2025-02-12,1.42852,1.43426,1.42556,1.43097
2025-02-13,1.4306,1.43062,1.41832,1.41932
2025-02-14,1.41924,1.42016,1.4151,1.4181
2025-02-17,1.41724,1.41946,1.41596,1.41829
2025-02-18,1.41814,1.4213,1.41797,1.4197
2025-02-19,1.41947,1.42457,1.41757,1.42394
2025-02-20,1.42325,1.42451,1.41663,1.4176
2025-02-21,1.41776,1.42364,1.41682,1.42263
2025-02-24,1.42255,1.42684,1.41821,1.42596
2025-02-25,1.42584,1.4318,1.424,1.43172
2025-02-26,1.43131,1.43686,1.42942,1.43377
2025-02-27,1.43383,1.44494,1.43223,1.44358
2025-02-28,1.44403,1.44724,1.43998,1.44666
2025-03-03,1.44478,1.4542,1.4369,1.44808
2025-03-04,1.44816,1.45434,1.43708,1.43953
2025-03-05,1.43956,1.44503,1.43304,1.43413
2025-03-06,1.43378,1.4377,1.42396,1.4297
2025-03-07,1.42962,1.44266,1.42798,1.43724
2025-03-10,1.4369,1.44728,1.43531,1.444
2025-03-11,1.44376,1.45215,1.43794,1.44344
2025-03-12,1.44362,1.44852,1.43534,1.43708
2025-03-13,1.4369,1.44518,1.43594,1.44422
2025-03-14,1.44448,1.4447,1.43556,1.43692
2025-03-17,1.43724,1.43832,1.42756,1.4288
2025-03-18,1.42864,1.43197,1.42658,1.42982
2025-03-19,1.42968,1.43491,1.42959,1.43268
2025-03-20,1.43262,1.44018,1.4313,1.43232
2025-03-21,1.43239,1.43732,1.43138,1.43548
2025-03-24,1.43541,1.43549,1.42895,1.43188
2025-03-25,1.432,1.4333,1.4271,1.4278
2025-03-26,1.42812,1.42984,1.42352,1.42684
2025-03-27,1.42652,1.43292,1.42598,1.43054
2025-03-28,1.43061,1.43334,1.42765,1.43172
2025-03-31,1.43085,1.43961,1.42995,1.43886
2025-04-01,1.4387,1.44154,1.42984,1.4304
2025-04-02,1.43011,1.43678,1.42294,1.42534
2025-04-03,1.4234,1.43196,1.40277,1.40974
2025-04-04,1.4092,1.42594,1.40538,1.42306
2025-04-07,1.42629,1.42964,1.41795,1.42482
2025-04-08,1.4249,1.4272,1.41432,1.42622
2025-04-09,1.42632,1.42738,1.40752,1.40798
2025-04-10,1.4085,1.41108,1.39514,1.39842
2025-04-11,1.39822,1.39909,1.38395,1.38652
2025-04-14,1.38592,1.39113,1.38288,1.38764
2025-04-15,1.38747,1.39092,1.38506,1.38602